0.1	0.30663343359170103	-0.5654116511663506
0.2	0.3161133062870638	-0.5571686995170466
0.30000000000000004	0.32559317898242657	-0.5489257478677426
0.4	0.33507305167778934	-0.5406827962184386
0.5	0.3445529243731521	-0.5324398445691346
0.6	0.35403279706851487	-0.5241968929198306
0.7	0.36351266976387764	-0.5159539412705266
0.7999999999999999	0.3729925424592404	-0.5077109896212226
0.8999999999999999	0.3824724151546032	-0.4994680379719187
0.9999999999999999	0.39195228784996594	-0.49122508632261475
1.0999999999999999	0.4014321605453287	-0.4829821346733108
1.2	0.4109120332406915	-0.47473918302400686
1.3	0.42039190593605424	-0.4664962313747029
1.4000000000000001	0.429871778631417	-0.458253279725399
1.5000000000000002	0.4393516513267798	-0.45001032807609503
1.6000000000000003	0.44883152402214255	-0.4417673764267911
1.7000000000000004	0.4583113967175053	-0.43352442477748715
1.8000000000000005	0.4677912694128681	-0.4252814731281832
1.9000000000000006	0.47727114210823085	-0.41703852147887926
2.0000000000000004	0.48675101480359356	-0.4087955698295753
2.1000000000000005	0.49623088749895633	-0.4005526181802714
2.2000000000000006	0.505710760194319	-0.39230966653096744
2.3000000000000007	0.5151906328896818	-0.3840667148816635
2.400000000000001	0.5246705055850446	-0.37582376323235955
2.500000000000001	0.5341503782804073	-0.3675808115830556
2.600000000000001	0.5436302509757701	-0.35933785993375167
2.700000000000001	0.5531101236711329	-0.3510949082844477
2.800000000000001	0.5625899963664956	-0.3428519566351438
2.9000000000000012	0.5720698690618584	-0.33460900498583984
3.0000000000000013	0.5815497417572212	-0.3263660533365359
3.1000000000000014	0.591029614452584	-0.31812310168723196
3.2000000000000015	0.6005094871479467	-0.309880150037928
3.3000000000000016	0.6099893598433095	-0.3016371983886241
3.4000000000000017	0.6194692325386723	-0.29339424673932013
3.5000000000000018	0.628949105234035	-0.2851512950900162
3.600000000000002	0.6384289779293978	-0.27690834344071225
3.700000000000002	0.6479088506247606	-0.2686653917914083
3.800000000000002	0.6573887233201233	-0.26042244014210436
3.900000000000002	0.6668685960154861	-0.2521794884928004
4.000000000000002	0.6763484687108487	-0.2439365368434965
4.100000000000001	0.6858283414062114	-0.2356935851941926
4.200000000000001	0.6953082141015741	-0.22745063354488868
4.300000000000001	0.7047880867969367	-0.21920768189558476
4.4	0.7142679594922994	-0.21096473024628085
4.5	0.723747832187662	-0.20272177859697693
4.6	0.7332277048830247	-0.19447882694767302
4.699999999999999	0.7427075775783873	-0.1862358752983691
4.799999999999999	0.75218745027375	-0.1779929236490652
4.899999999999999	0.7616673229691127	-0.16974997199976127
4.999999999999998	0.7711471956644753	-0.16150702035045736
5.099999999999998	0.780627068359838	-0.15326406870115344
5.1999999999999975	0.7901069410552006	-0.14502111705184953
5.299999999999997	0.7995868137505633	-0.13677816540254562
5.399999999999997	0.8090666864459259	-0.1285352137532417
5.4999999999999964	0.8185465591412886	-0.12029226210393779
5.599999999999996	0.8280264318366513	-0.11204931045463387
5.699999999999996	0.8375063045320139	-0.10380635880532996
5.799999999999995	0.8469861772273766	-0.09556340715602604
5.899999999999995	0.8564660499227392	-0.08732045550672213
5.999999999999995	0.8659459226181019	-0.07907750385741821
6.099999999999994	0.8754257953134645	-0.0708345522081143
6.199999999999994	0.8849056680088272	-0.06259160055881038
6.299999999999994	0.8943855407041899	-0.05434864890950647
6.399999999999993	0.9038654133995525	-0.046105697260202555
6.499999999999993	0.9133452860949152	-0.03786274561089864
6.5999999999999925	0.9228251587902778	-0.029619793961594722
6.699999999999992	0.9323050314856405	-0.021376842312290804
6.799999999999992	0.9417849041810031	-0.013133890662986886
6.8999999999999915	0.9512647768763658	-0.004890939013682968
6.999999999999991	0.9417849041810031	0.0033520126356209497
7.099999999999991	0.9323050314856405	0.011594964284924868
7.19999999999999	0.9228251587902778	0.019837915934228786
7.29999999999999	0.9133452860949152	0.028080867583532704
7.39999999999999	0.9038654133995525	0.03632381923283662
7.499999999999989	0.8943855407041899	0.04456677088214053
7.599999999999989	0.8849056680088272	0.05280972253144445
7.699999999999989	0.8754257953134645	0.06105267418074836
7.799999999999988	0.8659459226181019	0.06929562583005228
7.899999999999988	0.8564660499227392	0.07753857747935619
7.999999999999988	0.8469861772273766	0.0857815291286601
8.099999999999987	0.8375063045320139	0.09402448077796402
8.199999999999987	0.8280264318366513	0.10226743242726793
8.299999999999986	0.8185465591412886	0.11051038407657185
8.399999999999986	0.8090666864459259	0.11875333572587576
8.499999999999986	0.7995868137505633	0.12699628737517968
8.599999999999985	0.7901069410552006	0.1352392390244836
8.699999999999985	0.780627068359838	0.1434821906737875
8.799999999999985	0.7711471956644753	0.15172514232309142
8.899999999999984	0.7616673229691127	0.15996809397239534
8.999999999999984	0.75218745027375	0.16821104562169925
9.099999999999984	0.7427075775783873	0.17645399727100317
9.199999999999983	0.7332277048830247	0.18469694892030708
9.299999999999983	0.723747832187662	0.192939900569611
9.399999999999983	0.7142679594922994	0.2011828522189149
9.499999999999982	0.7047880867969367	0.20942580386821882
9.599999999999982	0.6953082141015741	0.21766875551752274
9.699999999999982	0.6858283414062114	0.22591170716682665
9.799999999999981	0.6763484687108487	0.23415465881613057
9.89999999999998	0.6668685960154861	0.24239761046543448
9.99999999999998	0.6573887233201234	0.2506405621147384
10.09999999999998	0.6479088506247608	0.25888351376404234
10.19999999999998	0.6384289779293981	0.2671264654133463
10.29999999999998	0.6289491052340355	0.2753694170626502
10.399999999999979	0.6194692325386728	0.28361236871195417
10.499999999999979	0.6099893598433102	0.2918553203612581
10.599999999999978	0.6005094871479475	0.30009827201056205
10.699999999999978	0.5910296144525848	0.308341223659866
10.799999999999978	0.5815497417572222	0.31658417530916994
10.899999999999977	0.5720698690618595	0.3248271269584739
10.999999999999977	0.5625899963664969	0.3330700786077778
11.099999999999977	0.5531101236711342	0.34131303025708176
11.199999999999976	0.5436302509757716	0.3495559819063857
11.299999999999976	0.5341503782804089	0.35779893355568965
11.399999999999975	0.5246705055850462	0.3660418852049936
11.499999999999975	0.5151906328896836	0.37428483685429753
11.599999999999975	0.5057107601943209	0.3825277885036015
11.699999999999974	0.4962308874989582	0.3907707401529054
11.799999999999974	0.4867510148035955	0.39901369180220936
11.899999999999974	0.4772711421082328	0.4072566434515133
11.999999999999973	0.4677912694128701	0.41549959510081724
12.099999999999973	0.45831139671750737	0.4237425467501212
12.199999999999973	0.44883152402214466	0.4319854983994251
12.299999999999972	0.43935165132678194	0.44022845004872907
12.399999999999972	0.42987177863141923	0.448471401698033
12.499999999999972	0.4203919059360565	0.45671435334733695
12.599999999999971	0.4109120332406938	0.4649573049966409
12.69999999999997	0.4014321605453311	0.47320025664594484
12.79999999999997	0.3919522878499684	0.4814432082952488
12.89999999999997	0.38247241515460567	0.4896861599445527
12.99999999999997	0.37299254245924296	0.49792911159385667
13.09999999999997	0.36351266976388025	0.5061720632431606
13.199999999999969	0.35403279706851754	0.5144150148924644
13.299999999999969	0.3445529243731548	0.5226579665417683
13.399999999999968	0.3350730516777921	0.5309009181910722
13.499999999999968	0.3255931789824294	0.5391438698403761
13.599999999999968	0.3161133062870667	0.54738682148968
13.699999999999967	0.306633433591704	0.5556297731389839
13.799999999999967	0.29715356089634126	0.5638727247882878
13.899999999999967	0.28767368820097855	0.5721156764375916
13.999999999999966	0.27819381550561584	0.5803586280868955
14.099999999999966	0.2687139428102531	0.5886015797361994
14.199999999999966	0.2592340701148904	0.5968445313855033
14.299999999999965	0.2497541974195277	0.6050874830348072
14.399999999999965	0.240274324724165	0.6133304346841111
14.499999999999964	0.23079445202880228	0.621573386333415
14.599999999999964	0.22131457933343957	0.6298163379827189
14.699999999999964	0.21183470663807685	0.6380592896320227
14.799999999999963	0.20235483394271414	0.6463022412813266
14.899999999999963	0.19287496124735143	0.6545451929306305
14.999999999999963	0.18339508855198872	0.6627881445799344
15.099999999999962	0.173915215856626	0.6710310962292383
15.199999999999962	0.1644353431612633	0.6792740478785422
15.299999999999962	0.15495547046590058	0.6875169995278461
15.399999999999961	0.14547559777053787	0.69575995117715
15.499999999999961	0.13599572507517516	0.7040029028264538
15.59999999999996	0.12651585237981244	0.7122458544757577
15.69999999999996	0.11703597968444973	0.7204888061250616
15.79999999999996	0.10755610698908702	0.7287317577743655
15.89999999999996	0.09807623429372431	0.7369747094236694
15.99999999999996	0.0885963615983616	0.7452176610729733
16.09999999999996	0.07911648890299888	0.7534606127222772
16.19999999999996	0.069636616207636	0.7617035643715813
16.29999999999996	0.060156743512273125	0.7699465160208854
16.399999999999963	0.05067687081691025	0.7781894676701895
16.499999999999964	0.04119699812154737	0.7864324193194936
16.599999999999966	0.03171712542618449	0.7946753709687977
16.699999999999967	0.02223725273082161	0.8029183226181018
16.79999999999997	0.012757380035458734	0.8111612742674059
16.89999999999997	0.0032775073400958567	0.81940422591671
16.99999999999997	-0.00620236535526702	0.8276471775660141
17.099999999999973	-0.015682238050629897	0.8358901292153182
17.199999999999974	-0.025162110745992776	0.8441330808646224
17.299999999999976	-0.034641983441355655	0.8523760325139265
17.399999999999977	-0.04412185613671853	0.8606189841632306
17.49999999999998	-0.05360172883208141	0.8688619358125347
17.59999999999998	-0.06308160152744428	0.8771048874618388
17.69999999999998	-0.07256147422280716	0.8853478391111429
17.799999999999983	-0.08204134691817004	0.893590790760447
17.899999999999984	-0.09152121961353292	0.9018337424097511
17.999999999999986	-0.1010010923088958	0.9100766940590552
18.099999999999987	-0.11048096500425868	0.9183196457083593
18.19999999999999	-0.11996083769962156	0.9265625973576634
18.29999999999999	-0.12944071039498442	0.9348055490069676
18.39999999999999	-0.1389205830903473	0.9430485006562717
18.499999999999993	-0.14840045578571018	0.9512914523055758
18.599999999999994	-0.15788032848107306	0.9430485006562717
18.699999999999996	-0.16736020117643594	0.9348055490069676
18.799999999999997	-0.17684007387179881	0.9265625973576634
18.9	-0.1863199465671617	0.9183196457083593
19.0	-0.19579981926252457	0.9100766940590552
19.1	-0.20527969195788745	0.9018337424097511
19.200000000000003	-0.21475956465325033	0.893590790760447
19.300000000000004	-0.2242394373486132	0.8853478391111429
19.400000000000006	-0.2337193100439761	0.8771048874618388
19.500000000000007	-0.24319918273933896	0.8688619358125347
19.60000000000001	-0.2526790554347018	0.8606189841632306
19.70000000000001	-0.2621589281300647	0.8523760325139265
19.80000000000001	-0.2716388008254276	0.8441330808646224
19.900000000000013	-0.28111867352079045	0.8358901292153182
20.000000000000014	-0.29059854621615333	0.8276471775660141
20.100000000000016	-0.3000784189115162	0.81940422591671
20.200000000000017	-0.3095582916068791	0.8111612742674059
20.30000000000002	-0.31903816430224197	0.8029183226181018
20.40000000000002	-0.32851803699760485	0.7946753709687977
20.50000000000002	-0.3379979096929677	0.7864324193194936
20.600000000000023	-0.3474777823883306	0.7781894676701895
20.700000000000024	-0.3569576550836935	0.7699465160208854
20.800000000000026	-0.36643752777905636	0.7617035643715813
20.900000000000027	-0.37591740047441924	0.7534606127222772
21.00000000000003	-0.3853972731697821	0.745217661072973
21.10000000000003	-0.394877145865145	0.7369747094236689
21.20000000000003	-0.4043570185605079	0.7287317577743648
21.300000000000033	-0.41383689125587075	0.7204888061250607
21.400000000000034	-0.42331676395123363	0.7122458544757566
21.500000000000036	-0.4327966366465965	0.7040029028264525
21.600000000000037	-0.4422765093419594	0.6957599511771484
21.70000000000004	-0.45175638203732227	0.6875169995278443
21.80000000000004	-0.46123625473268515	0.6792740478785402
21.90000000000004	-0.470716127428048	0.6710310962292361
22.000000000000043	-0.4801960001234109	0.662788144579932
22.100000000000044	-0.4896758728187738	0.6545451929306279
22.200000000000045	-0.49915574551413666	0.6463022412813237
22.300000000000047	-0.5086356182094995	0.6380592896320196
22.40000000000005	-0.5181154909048624	0.6298163379827155
22.50000000000005	-0.5275953636002253	0.6215733863334114
22.60000000000005	-0.5370752362955882	0.6133304346841073
22.700000000000053	-0.546555108990951	0.6050874830348032
22.800000000000054	-0.5560349816863139	0.5968445313854991
22.900000000000055	-0.5655148543816768	0.588601579736195
23.000000000000057	-0.5749947270770397	0.5803586280868909
23.10000000000006	-0.5844745997724026	0.5721156764375868
23.20000000000006	-0.5939544724677654	0.5638727247882827
23.30000000000006	-0.6034343451631283	0.5556297731389785
23.400000000000063	-0.6129142178584912	0.5473868214896744
23.500000000000064	-0.6223940905538541	0.5391438698403703
23.600000000000065	-0.631873963249217	0.5309009181910662
23.700000000000067	-0.6413538359445798	0.5226579665417621
23.800000000000068	-0.6508337086399427	0.514415014892458
23.90000000000007	-0.6603135813353056	0.5061720632431539
24.00000000000007	-0.6697934540306685	0.49792911159384984
24.100000000000072	-0.6792733267260314	0.4896861599445458
24.200000000000074	-0.6887531994213942	0.48144320829524173
24.300000000000075	-0.6982330721167571	0.4732002566459377
24.400000000000077	-0.70771294481212	0.4649573049966336
24.500000000000078	-0.7171928175074829	0.45671435334732957
24.60000000000008	-0.7266726902028458	0.4484714016980255
24.70000000000008	-0.7361525628982086	0.44022845004872146
24.800000000000082	-0.7456324355935715	0.4319854983994174
24.900000000000084	-0.7551123082889344	0.42374254675011336
25.000000000000085	-0.7645921809842973	0.4154995951008093
25.100000000000087	-0.7740720536796601	0.40725664345150525
25.200000000000088	-0.783551926375023	0.3990136918022012
25.30000000000009	-0.7930317990703859	0.39077074015289714
25.40000000000009	-0.8025116717657488	0.3825277885035931
25.500000000000092	-0.8119915444611117	0.37428483685428904
25.600000000000094	-0.8214714171564745	0.366041885204985
25.700000000000095	-0.8309512898518374	0.35779893355568093
25.800000000000097	-0.8404311625472003	0.3495559819063769
25.900000000000098	-0.8499110352425632	0.3413130302570728
26.0000000000001	-0.859390907937926	0.33307007860776877
26.1000000000001	-0.8688707806332889	0.3248271269584647
26.200000000000102	-0.8783506533286518	0.31658417530916066
26.300000000000104	-0.8878305260240147	0.3083412236598566
26.400000000000105	-0.8973103987193776	0.30009827201055256
26.500000000000107	-0.9067902714147404	0.2918553203612485
26.600000000000108	-0.9162701441101033	0.28361236871194445
26.70000000000011	-0.9257500168054662	0.2753694170626404
26.80000000000011	-0.9352298895008291	0.26712646541333634
26.900000000000112	-0.944709762196192	0.2588835137640323
27.000000000000114	-0.9541896348915548	0.25064056211472824
27.100000000000115	-0.944709762196192	0.24239761046542418
27.200000000000117	-0.9352298895008291	0.23415465881612013
27.300000000000118	-0.9257500168054662	0.22591170716681608
27.40000000000012	-0.9162701441101033	0.21766875551751202
27.50000000000012	-0.9067902714147404	0.20942580386820797
27.600000000000122	-0.8973103987193776	0.20118285221890392
27.700000000000124	-0.8878305260240147	0.19293990056959986
27.800000000000125	-0.8783506533286518	0.1846969489202958
27.900000000000126	-0.8688707806332889	0.17645399727099176
28.000000000000128	-0.859390907937926	0.1682110456216877
28.10000000000013	-0.8499110352425632	0.15996809397238365
28.20000000000013	-0.8404311625472003	0.1517251423230796
28.300000000000132	-0.8309512898518374	0.14348219067377554
28.400000000000134	-0.8214714171564745	0.1352392390244715
28.500000000000135	-0.8119915444611117	0.12699628737516744
28.600000000000136	-0.8025116717657488	0.11875333572586337
28.700000000000138	-0.7930317990703859	0.1105103840765593
28.80000000000014	-0.783551926375023	0.10226743242725524
28.90000000000014	-0.7740720536796601	0.09402448077795117
29.000000000000142	-0.7645921809842973	0.0857815291286471
29.100000000000144	-0.7551123082889344	0.07753857747934303
29.200000000000145	-0.7456324355935715	0.06929562583003897
29.300000000000146	-0.7361525628982086	0.0610526741807349
29.400000000000148	-0.7266726902028458	0.05280972253143083
29.50000000000015	-0.7171928175074829	0.044566770882126766
29.60000000000015	-0.70771294481212	0.0363238192328227
29.700000000000152	-0.6982330721167571	0.02808086758351863
29.800000000000153	-0.6887531994213942	0.019837915934214564
29.900000000000155	-0.6792733267260314	0.011594964284910499
30.000000000000156	-0.6697934540306685	0.0033520126356064335
30.100000000000158	-0.6603135813353056	-0.004890939013697632
30.20000000000016	-0.6508337086399427	-0.013133890663001697
30.30000000000016	-0.6413538359445798	-0.021376842312305765
30.400000000000162	-0.631873963249217	-0.029619793961609832
30.500000000000163	-0.6223940905538541	-0.0378627456109139
30.600000000000165	-0.6129142178584912	-0.046105697260217966
30.700000000000166	-0.6034343451631283	-0.054348648909522033
30.800000000000168	-0.5939544724677654	-0.0625916005588261
30.90000000000017	-0.5844745997724026	-0.07083455220813016
31.00000000000017	-0.5749947270770397	-0.07907750385743423
31.100000000000172	-0.5655148543816768	-0.0873204555067383
31.200000000000173	-0.5560349816863139	-0.09556340715604236
31.300000000000175	-0.546555108990951	-0.10380635880534643
31.400000000000176	-0.5370752362955882	-0.1120493104546505
31.500000000000178	-0.5275953636002253	-0.12029226210395456
31.60000000000018	-0.5181154909048624	-0.12853521375325863
31.70000000000018	-0.5086356182094995	-0.13677816540256268
31.800000000000182	-0.49915574551413666	-0.14502111705186674
31.900000000000183	-0.4896758728187738	-0.1532640687011708
32.000000000000185	-0.4801960001234109	-0.16150702035047484
32.100000000000186	-0.470716127428048	-0.1697499719997789
32.20000000000019	-0.46123625473268515	-0.17799292364908295
32.30000000000019	-0.45175638203732227	-0.186235875298387
32.40000000000019	-0.4422765093419594	-0.19447882694769106
32.50000000000019	-0.4327966366465965	-0.2027217785969951
32.60000000000019	-0.42331676395123363	-0.21096473024629916
32.700000000000195	-0.41383689125587075	-0.21920768189560322
32.800000000000196	-0.4043570185605079	-0.22745063354490727
32.9000000000002	-0.394877145865145	-0.23569358519421132
33.0000000000002	-0.3853972731697821	-0.24393653684351538
33.1000000000002	-0.37591740047441924	-0.25217948849281946
33.2000000000002	-0.36643752777905636	-0.2604224401421235
33.3000000000002	-0.3569576550836935	-0.26866539179142757
33.400000000000205	-0.3474777823883306	-0.2769083434407316
33.500000000000206	-0.3379979096929677	-0.2851512950900357
33.60000000000021	-0.32851803699760485	-0.2933942467393397
33.70000000000021	-0.31903816430224197	-0.3016371983886438
33.80000000000021	-0.3095582916068791	-0.30988015003794783
33.90000000000021	-0.3000784189115162	-0.3181231016872519
34.00000000000021	-0.29059854621615333	-0.32636605333655594
34.100000000000215	-0.28111867352079045	-0.33460900498586
34.200000000000216	-0.2716388008254276	-0.34285195663516405
34.30000000000022	-0.2621589281300647	-0.3510949082844681
34.40000000000022	-0.2526790554347018	-0.35933785993377215
34.50000000000022	-0.24319918273933894	-0.3675808115830762
34.60000000000022	-0.23371931004397606	-0.37582376323238026
34.70000000000022	-0.22423943734861318	-0.3840667148816843
34.800000000000225	-0.2147595646532503	-0.39230966653098837
34.900000000000226	-0.20527969195788742	-0.4005526181802924
35.00000000000023	-0.19579981926252454	-0.4087955698295965
35.10000000000023	-0.18631994656716167	-0.4170385214789005
35.20000000000023	-0.1768400738717988	-0.4252814731282046
35.30000000000023	-0.1673602011764359	-0.43352442477750863
35.40000000000023	-0.15788032848107303	-0.4417673764268127
35.500000000000234	-0.14840045578571015	-0.45001032807611674
35.600000000000236	-0.13892058309034727	-0.4582532797254208
35.70000000000024	-0.1294407103949844	-0.46649623137472485
35.80000000000024	-0.11996083769962151	-0.4747391830240289
35.90000000000024	-0.11048096500425864	-0.48298213467333295
36.00000000000024	-0.10100109230889576	-0.491225086322637
36.10000000000024	-0.09152121961353288	-0.49946803797194106
36.200000000000244	-0.08204134691817	-0.5077109896212452
36.300000000000246	-0.07256147422280712	-0.5159539412705493
36.40000000000025	-0.06308160152744424	-0.5241968929198534
36.50000000000025	-0.05360172883208136	-0.5324398445691575
36.60000000000025	-0.044121856136718485	-0.5406827962184616
36.70000000000025	-0.034641983441355606	-0.5489257478677657
36.80000000000025	-0.025162110745992727	-0.5571686995170698
36.900000000000254	-0.01568223805062985	-0.5654116511663739
37.000000000000256	-0.006202365355266972	-0.573654602815678
37.10000000000026	0.0032775073400959052	-0.5818975544649821
37.20000000000026	0.012757380035458782	-0.5901405061142863
37.30000000000026	0.02223725273082166	-0.5983834577635904
37.40000000000026	0.03171712542618454	-0.6066264094128945
37.50000000000026	0.041196998121547417	-0.6148693610621986
37.600000000000264	0.050676870816910295	-0.6231123127115027
37.700000000000266	0.060156743512273174	-0.6313552643608068
37.80000000000027	0.06963661620763605	-0.6395982160101109
37.90000000000027	0.07911648890299892	-0.647841167659415
38.00000000000027	0.0885963615983618	-0.6560841193087191
38.10000000000027	0.09807623429372468	-0.6643270709580232
38.20000000000027	0.10755610698908756	-0.6725700226073273
38.300000000000274	0.11703597968445044	-0.6808129742566315
38.400000000000276	0.1265158523798133	-0.6890559259059356
38.50000000000028	0.13599572507517618	-0.6972988775552397
38.60000000000028	0.14547559777053906	-0.7055418292045438
38.70000000000028	0.15495547046590194	-0.7137847808538479
38.80000000000028	0.16443534316126482	-0.722027732503152
38.90000000000028	0.1739152158566277	-0.7302706841524561
39.000000000000284	0.18339508855199058	-0.7385136358017602
39.100000000000286	0.19287496124735345	-0.7467565874510643
39.20000000000029	0.20235483394271633	-0.7549995391003684
39.30000000000029	0.2118347066380792	-0.7632424907496725
39.40000000000029	0.2213145793334421	-0.7714854423989767
39.50000000000029	0.23079445202880497	-0.7797283940482808
39.60000000000029	0.24027432472416785	-0.7879713456975849
39.700000000000294	0.24975419741953073	-0.796214297346889
39.800000000000296	0.2592340701148936	-0.8044572489961931
39.9000000000003	0.26871394281025646	-0.8127002006454972
40.0000000000003	0.27819381550561934	-0.8209431522948013
40.1000000000003	0.2876736882009822	-0.8291861039441054
40.2000000000003	0.2971535608963451	-0.8374290555934095
40.3000000000003	0.30663343359170797	-0.8456720072427136
40.400000000000304	0.31611330628707085	-0.8539149588920177
40.500000000000306	0.32559317898243373	-0.8621579105413218
40.60000000000031	0.3350730516777966	-0.870400862190626
40.70000000000031	0.3445529243731595	-0.8786438138399301
40.80000000000031	0.35403279706852236	-0.8868867654892342
40.90000000000031	0.36351266976388524	-0.8951297171385383
41.00000000000031	0.3729925424592481	-0.9033726687878424
41.100000000000314	0.382472415154611	-0.9116156204371465
41.200000000000315	0.3919522878499739	-0.9198585720864506
41.30000000000032	0.40143216054533676	-0.9281015237357547
41.40000000000032	0.41091203324069964	-0.9363444753850588
41.50000000000032	0.4203919059360625	-0.9445874270343629
41.60000000000032	0.4298717786314254	-0.952830378683667
41.70000000000032	0.4393516513267883	-0.9445874270343629
41.800000000000324	0.44883152402215115	-0.9363444753850588
41.900000000000325	0.45831139671751403	-0.9281015237357547
42.00000000000033	0.4677912694128769	-0.9198585720864506
42.10000000000033	0.4772711421082398	-0.9116156204371465
42.20000000000033	0.48675101480360267	-0.9033726687878424
42.30000000000033	0.49623088749896554	-0.8951297171385383
42.40000000000033	0.5057107601943284	-0.8868867654892342
42.500000000000334	0.5151906328896912	-0.8786438138399301
42.600000000000335	0.5246705055850541	-0.870400862190626
42.70000000000034	0.534150378280417	-0.8621579105413218
42.80000000000034	0.5436302509757799	-0.8539149588920177
42.90000000000034	0.5531101236711428	-0.8456720072427136
43.00000000000034	0.5625899963665056	-0.8374290555934095
43.10000000000034	0.5720698690618685	-0.8291861039441054
43.200000000000344	0.5815497417572314	-0.8209431522948013
43.300000000000345	0.5910296144525943	-0.8127002006454972
43.40000000000035	0.6005094871479572	-0.8044572489961931
43.50000000000035	0.60998935984332	-0.796214297346889
43.60000000000035	0.6194692325386829	-0.7879713456975849
43.70000000000035	0.6289491052340458	-0.7797283940482808
43.80000000000035	0.6384289779294087	-0.7714854423989767
43.900000000000354	0.6479088506247715	-0.7632424907496725
44.000000000000355	0.6573887233201344	-0.7549995391003684
44.10000000000036	0.6668685960154973	-0.7467565874510643
44.20000000000036	0.6763484687108602	-0.7385136358017602
44.30000000000036	0.6858283414062231	-0.7302706841524561
44.40000000000036	0.6953082141015859	-0.722027732503152
44.50000000000036	0.7047880867969488	-0.7137847808538479
44.600000000000364	0.7142679594923117	-0.7055418292045438
44.700000000000365	0.7237478321876746	-0.6972988775552397
44.80000000000037	0.7332277048830375	-0.6890559259059356
44.90000000000037	0.7427075775784003	-0.6808129742566315
45.00000000000037	0.7521874502737632	-0.6725700226073273
45.10000000000037	0.7616673229691261	-0.6643270709580232
45.20000000000037	0.771147195664489	-0.6560841193087191
45.300000000000374	0.7806270683598519	-0.647841167659415
45.400000000000375	0.7901069410552147	-0.6395982160101109
45.50000000000038	0.7995868137505776	-0.6313552643608068
45.60000000000038	0.8090666864459405	-0.6231123127115027
45.70000000000038	0.8185465591413034	-0.6148693610621986
45.80000000000038	0.8280264318366662	-0.6066264094128945
45.90000000000038	0.8375063045320291	-0.5983834577635904
46.000000000000384	0.846986177227392	-0.5901405061142863
46.100000000000385	0.8564660499227549	-0.5818975544649821
46.20000000000039	0.8659459226181178	-0.573654602815678
46.30000000000039	0.8754257953134806	-0.5654116511663739
46.40000000000039	0.8849056680088435	-0.5571686995170698
46.50000000000039	0.8943855407042064	-0.5489257478677657
46.60000000000039	0.9038654133995693	-0.5406827962184616
46.700000000000394	0.9133452860949322	-0.5324398445691575
46.800000000000395	0.922825158790295	-0.5241968929198534
46.9000000000004	0.9323050314856579	-0.5159539412705493
47.0000000000004	0.9417849041810208	-0.5077109896212452
47.1000000000004	0.9512647768763837	-0.4994680379719411
47.2000000000004	0.9417849041810208	-0.49122508632263706
47.3000000000004	0.9323050314856579	-0.482982134673333
47.400000000000404	0.922825158790295	-0.47473918302402895
47.500000000000405	0.9133452860949322	-0.4664962313747249
47.600000000000406	0.9038654133995693	-0.45825327972542085
47.70000000000041	0.8943855407042064	-0.4500103280761168
47.80000000000041	0.8849056680088435	-0.44176737642681274
47.90000000000041	0.8754257953134806	-0.4335244247775087
48.00000000000041	0.8659459226181178	-0.42528147312820463
48.10000000000041	0.8564660499227549	-0.4170385214789006
48.200000000000415	0.846986177227392	-0.40879556982959653
48.300000000000416	0.8375063045320291	-0.4005526181802925
48.40000000000042	0.8280264318366662	-0.3923096665309884
48.50000000000042	0.8185465591413034	-0.38406671488168437
48.60000000000042	0.8090666864459405	-0.3758237632323803
48.70000000000042	0.7995868137505776	-0.36758081158307626
48.80000000000042	0.7901069410552147	-0.3593378599337722
48.900000000000425	0.7806270683598519	-0.35109490828446815
49.000000000000426	0.771147195664489	-0.3428519566351641
49.10000000000043	0.7616673229691261	-0.33460900498586005
49.20000000000043	0.7521874502737632	-0.326366053336556
49.30000000000043	0.7427075775784003	-0.31812310168725194
49.40000000000043	0.7332277048830375	-0.3098801500379479
49.50000000000043	0.7237478321876746	-0.30163719838864383
49.600000000000435	0.7142679594923117	-0.2933942467393398
49.700000000000436	0.7047880867969488	-0.28515129509003573
49.80000000000044	0.6953082141015859	-0.2769083434407317
49.90000000000044	0.6858283414062231	-0.2686653917914276
50.00000000000044	0.6763484687108602	-0.26042244014212357
50.10000000000044	0.6668685960154973	-0.2521794884928195
50.20000000000044	0.6573887233201344	-0.24393653684351546
50.300000000000445	0.6479088506247715	-0.2356935851942114
50.400000000000446	0.6384289779294087	-0.22745063354490735
50.50000000000045	0.6289491052340458	-0.2192076818956033
50.60000000000045	0.6194692325386829	-0.21096473024629925
50.70000000000045	0.60998935984332	-0.2027217785969952
50.80000000000045	0.6005094871479572	-0.19447882694769114
50.90000000000045	0.5910296144525943	-0.1862358752983871
51.000000000000455	0.5815497417572314	-0.17799292364908303
51.100000000000456	0.5720698690618685	-0.16974997199977898
51.20000000000046	0.5625899963665056	-0.16150702035047493
51.30000000000046	0.5531101236711428	-0.15326406870117087
51.40000000000046	0.5436302509757799	-0.14502111705186682
51.50000000000046	0.534150378280417	-0.13677816540256277
51.60000000000046	0.5246705055850541	-0.12853521375325871
51.700000000000465	0.5151906328896912	-0.12029226210395465
51.800000000000466	0.5057107601943284	-0.11204931045465058
51.90000000000047	0.4962308874989655	-0.10380635880534651
52.00000000000047	0.4867510148036026	-0.09556340715604245
52.10000000000047	0.47727114210823973	-0.08732045550673838
52.20000000000047	0.46779126941287685	-0.07907750385743431
52.30000000000047	0.458311396717514	-0.07083455220813024
52.400000000000475	0.4488315240221511	-0.06259160055882618
52.500000000000476	0.4393516513267882	-0.05434864890952211
52.60000000000048	0.42987177863142534	-0.04610569726021804
52.70000000000048	0.42039190593606246	-0.037862745610913975
52.80000000000048	0.4109120332406996	-0.029619793961609908
52.90000000000048	0.4014321605453367	-0.02137684231230584
53.00000000000048	0.3919522878499738	-0.013133890663001776
53.100000000000485	0.38247241515461095	-0.00489093901369771
53.200000000000486	0.37299254245924807	0.0033520126356063554
53.30000000000049	0.3635126697638852	0.011594964284910421
53.40000000000049	0.3540327970685223	0.019837915934214488
53.50000000000049	0.34455292437315943	0.028080867583518555
53.60000000000049	0.33507305167779655	0.03632381923282262
53.70000000000049	0.3255931789824337	0.04456677088212669
53.800000000000495	0.3161133062870708	0.05280972253143076
53.900000000000496	0.3066334335917079	0.061052674180734824
54.0000000000005	0.29715356089634504	0.06929562583003888
54.1000000000005	0.28767368820098216	0.07753857747934295
54.2000000000005	0.2781938155056193	0.08578152912864702
54.3000000000005	0.2687139428102564	0.09402448077795109
54.4000000000005	0.2592340701148935	0.10226743242725515
54.500000000000504	0.24975419741953064	0.11051038407655922
54.600000000000506	0.24027432472416776	0.11875333572586329
54.70000000000051	0.2307944520288049	0.12699628737516735
54.80000000000051	0.221314579333442	0.1352392390244714
54.90000000000051	0.21183470663807913	0.14348219067377546
55.00000000000051	0.20235483394271625	0.15172514232307951
55.10000000000051	0.19287496124735337	0.15996809397238357
55.200000000000514	0.1833950885519905	0.16821104562168762
55.300000000000516	0.17391521585662761	0.17645399727099167
55.40000000000052	0.16443534316126474	0.18469694892029573
55.50000000000052	0.15495547046590186	0.19293990056959978
55.60000000000052	0.14547559777053898	0.20118285221890383
55.70000000000052	0.1359957250751761	0.2094258038682079
55.80000000000052	0.12651585237981322	0.21766875551751194
55.900000000000524	0.11703597968445034	0.225911707166816
56.000000000000526	0.10755610698908746	0.23415465881612005
56.10000000000053	0.09807623429372458	0.2423976104654241
56.20000000000053	0.0885963615983617	0.2506405621147282
56.30000000000053	0.07911648890299883	0.25888351376403224
56.40000000000053	0.06963661620763595	0.2671264654133363
56.50000000000053	0.06015674351227307	0.27536941706264034
56.600000000000534	0.05067687081691019	0.2836123687119444
56.700000000000536	0.04119699812154731	0.29185532036124845
56.80000000000054	0.031717125426184434	0.3000982720105525
56.90000000000054	0.022237252730821555	0.30834122365985656
57.00000000000054	0.012757380035458678	0.3165841753091606
57.10000000000054	0.003277507340095801	0.32482712695846466
57.20000000000054	-0.006202365355267076	0.3330700786077687
57.300000000000544	-0.015682238050629953	0.34131303025707277
57.400000000000546	-0.02516211074599283	0.3495559819063768
57.50000000000055	-0.03464198344135571	0.3577989335556809
57.60000000000055	-0.04412185613671859	0.36604188520498493
57.70000000000055	-0.05360172883208147	0.374284836854289
57.80000000000055	-0.06308160152744434	0.38252778850359304
57.90000000000055	-0.07256147422280722	0.3907707401528971
58.000000000000554	-0.0820413469181701	0.39901369180220114
58.100000000000556	-0.09152121961353298	0.4072566434515052
58.20000000000056	-0.10100109230889585	0.41549959510080925
58.30000000000056	-0.11048096500425873	0.4237425467501133
58.40000000000056	-0.11996083769962161	0.43198549839941736
58.50000000000056	-0.12944071039498448	0.4402284500487214
58.60000000000056	-0.13892058309034735	0.44847140169802546
58.700000000000564	-0.14840045578571023	0.4567143533473295
58.800000000000566	-0.1578803284810731	0.46495730499663357
58.90000000000057	-0.167360201176436	0.4732002566459376
59.00000000000057	-0.17684007387179887	0.4814432082952417
59.10000000000057	-0.18631994656716175	0.48968615994454573
59.20000000000057	-0.19579981926252463	0.4979291115938498
59.30000000000057	-0.2052796919578875	0.5061720632431539
59.400000000000574	-0.21475956465325038	0.514415014892458
59.500000000000576	-0.22423943734861326	0.5226579665417621
59.60000000000058	-0.23371931004397614	0.5309009181910662
59.70000000000058	-0.24319918273933902	0.5391438698403703
59.80000000000058	-0.25267905543470187	0.5473868214896744
59.90000000000058	-0.26215892813006475	0.5556297731389785
60.00000000000058	-0.27163880082542763	0.5638727247882827
60.100000000000584	-0.2811186735207905	0.5721156764375868
60.200000000000585	-0.2905985462161534	0.5803586280868909
60.30000000000059	-0.30007841891151626	0.588601579736195
60.40000000000059	-0.30955829160687914	0.5968445313854991
60.50000000000059	-0.319038164302242	0.6050874830348032
60.60000000000059	-0.3285180369976049	0.6133304346841073
60.70000000000059	-0.3379979096929678	0.6215733863334114
60.800000000000594	-0.34747778238833066	0.6298163379827155
60.900000000000595	-0.35695765508369354	0.6380592896320196
61.0000000000006	-0.3664375277790564	0.6463022412813237
61.1000000000006	-0.3759174004744193	0.6545451929306279
61.2000000000006	-0.3853972731697822	0.662788144579932
61.3000000000006	-0.39487714586514505	0.6710310962292361
61.4000000000006	-0.40435701856050793	0.6792740478785402
61.500000000000604	-0.4138368912558708	0.6875169995278443
61.600000000000605	-0.4233167639512337	0.6957599511771484
61.70000000000061	-0.43279663664659657	0.7040029028264525
61.80000000000061	-0.44227650934195945	0.7122458544757566
61.90000000000061	-0.4517563820373223	0.7204888061250607
62.00000000000061	-0.4612362547326852	0.7287317577743648
62.10000000000061	-0.4707161274280481	0.7369747094236689
62.200000000000614	-0.48019600012341096	0.745217661072973
62.300000000000615	-0.48967587281877384	0.7534606127222772
62.40000000000062	-0.4991557455141367	0.7617035643715813
62.50000000000062	-0.5086356182094995	0.7699465160208854
62.60000000000062	-0.5181154909048624	0.7781894676701895
62.70000000000062	-0.5275953636002253	0.7864324193194936
62.80000000000062	-0.5370752362955882	0.7946753709687977
62.900000000000624	-0.546555108990951	0.8029183226181018
63.000000000000625	-0.5560349816863139	0.8111612742674059
63.10000000000063	-0.5655148543816768	0.81940422591671
63.20000000000063	-0.5749947270770397	0.8276471775660141
63.30000000000063	-0.5844745997724026	0.8358901292153182
63.40000000000063	-0.5939544724677654	0.8441330808646224
63.50000000000063	-0.6034343451631283	0.8523760325139265
63.600000000000634	-0.6129142178584912	0.8606189841632306
63.700000000000635	-0.6223940905538541	0.8688619358125347
63.80000000000064	-0.631873963249217	0.8771048874618388
63.90000000000064	-0.6413538359445798	0.8853478391111429
64.00000000000064	-0.6508337086399427	0.893590790760447
64.10000000000063	-0.6603135813353049	0.9018337424097504
64.20000000000063	-0.6697934540306671	0.9100766940590539
64.30000000000062	-0.6792733267260294	0.9183196457083573
64.40000000000062	-0.6887531994213916	0.9265625973576608
64.50000000000061	-0.6982330721167538	0.9348055490069642
64.6000000000006	-0.707712944812116	0.9430485006562677
64.7000000000006	-0.7171928175074782	0.9512914523055711
64.8000000000006	-0.7266726902028404	0.9430485006562677
64.90000000000059	-0.7361525628982026	0.9348055490069642
65.00000000000058	-0.7456324355935648	0.9265625973576608
65.10000000000058	-0.7551123082889271	0.9183196457083573
65.20000000000057	-0.7645921809842893	0.9100766940590539
65.30000000000057	-0.7740720536796515	0.9018337424097504
65.40000000000056	-0.7835519263750137	0.893590790760447
65.50000000000055	-0.7930317990703759	0.8853478391111436
65.60000000000055	-0.8025116717657381	0.8771048874618401
65.70000000000054	-0.8119915444611003	0.8688619358125367
65.80000000000054	-0.8214714171564625	0.8606189841632332
65.90000000000053	-0.8309512898518248	0.8523760325139298
66.00000000000053	-0.840431162547187	0.8441330808646264
66.10000000000052	-0.8499110352425492	0.8358901292153229
66.20000000000051	-0.8593909079379114	0.8276471775660195
66.30000000000051	-0.8688707806332736	0.819404225916716
66.4000000000005	-0.8783506533286358	0.8111612742674126
66.5000000000005	-0.887830526023998	0.8029183226181091
66.60000000000049	-0.8973103987193602	0.7946753709688057
66.70000000000049	-0.9067902714147225	0.7864324193195023
66.80000000000048	-0.9162701441100847	0.7781894676701988
66.90000000000047	-0.9257500168054469	0.7699465160208954
67.00000000000047	-0.9352298895008091	0.7617035643715919
67.10000000000046	-0.9447097621961713	0.7534606127222885
67.20000000000046	-0.9541896348915335	0.745217661072985
67.30000000000045	-0.9447097621961713	0.7369747094236816
67.40000000000045	-0.9352298895008091	0.7287317577743782
67.50000000000044	-0.9257500168054469	0.7204888061250747
67.60000000000043	-0.9162701441100847	0.7122458544757713
67.70000000000043	-0.9067902714147225	0.7040029028264678
67.80000000000042	-0.8973103987193602	0.6957599511771644
67.90000000000042	-0.887830526023998	0.6875169995278609
68.00000000000041	-0.8783506533286358	0.6792740478785575
68.1000000000004	-0.8688707806332736	0.671031096229254
68.2000000000004	-0.8593909079379114	0.6627881445799506
68.3000000000004	-0.8499110352425492	0.6545451929306472
68.40000000000039	-0.840431162547187	0.6463022412813437
68.50000000000038	-0.8309512898518248	0.6380592896320403
68.60000000000038	-0.8214714171564625	0.6298163379827368
68.70000000000037	-0.8119915444611003	0.6215733863334334
68.80000000000037	-0.8025116717657381	0.61333043468413
68.90000000000036	-0.7930317990703759	0.6050874830348265
69.00000000000036	-0.7835519263750137	0.5968445313855231
69.10000000000035	-0.7740720536796515	0.5886015797362196
69.20000000000034	-0.7645921809842893	0.5803586280869162
69.30000000000034	-0.7551123082889271	0.5721156764376127
69.40000000000033	-0.7456324355935648	0.5638727247883093
69.50000000000033	-0.7361525628982026	0.5556297731390059
69.60000000000032	-0.7266726902028404	0.5473868214897024
69.70000000000032	-0.7171928175074782	0.539143869840399
69.80000000000031	-0.707712944812116	0.5309009181910955
69.9000000000003	-0.6982330721167538	0.5226579665417921
70.0000000000003	-0.6887531994213916	0.5144150148924886
70.10000000000029	-0.6792733267260294	0.5061720632431852
70.20000000000029	-0.6697934540306671	0.4979291115938817
70.30000000000028	-0.6603135813353049	0.4896861599445782
70.40000000000028	-0.6508337086399427	0.4814432082952747
70.50000000000027	-0.6413538359445805	0.4732002566459712
70.60000000000026	-0.6318739632492183	0.4649573049966677
70.70000000000026	-0.6223940905538561	0.4567143533473642
70.80000000000025	-0.6129142178584939	0.4484714016980607
70.90000000000025	-0.6034343451631317	0.4402284500487572
71.00000000000024	-0.5939544724677694	0.4319854983994537
71.10000000000024	-0.5844745997724072	0.4237425467501502
71.20000000000023	-0.574994727077045	0.4154995951008467
71.30000000000022	-0.5655148543816828	0.4072566434515432
71.40000000000022	-0.5560349816863206	0.3990136918022397
71.50000000000021	-0.5465551089909584	0.3907707401529362
71.60000000000021	-0.5370752362955962	0.3825277885036327
71.7000000000002	-0.527595363600234	0.37428483685432923
71.8000000000002	-0.5181154909048717	0.36604188520502573
71.90000000000019	-0.5086356182095095	0.35779893355572223
72.00000000000018	-0.4991557455141473	0.34955598190641873
72.10000000000018	-0.4896758728187851	0.34131303025711524
72.20000000000017	-0.4801960001234229	0.33307007860781174
72.30000000000017	-0.4707161274280607	0.32482712695850824
72.40000000000016	-0.46123625473269847	0.31658417530920474
72.50000000000016	-0.45175638203733626	0.30834122365990124
72.60000000000015	-0.44227650934197404	0.30009827201059774
72.70000000000014	-0.43279663664661183	0.29185532036129425
72.80000000000014	-0.4233167639512496	0.28361236871199075
72.90000000000013	-0.4138368912558874	0.27536941706268725
73.00000000000013	-0.4043570185605252	0.26712646541338375
73.10000000000012	-0.394877145865163	0.25888351376408025
73.20000000000012	-0.38539727316980077	0.25064056211477675
73.30000000000011	-0.37591740047443856	0.24239761046547328
73.4000000000001	-0.36643752777907634	0.23415465881616981
73.5000000000001	-0.35695765508371413	0.22591170716686634
73.6000000000001	-0.3474777823883519	0.21766875551756287
73.70000000000009	-0.3379979096929897	0.2094258038682594
73.80000000000008	-0.3285180369976275	0.20118285221895593
73.90000000000008	-0.3190381643022653	0.19293990056965246
74.00000000000007	-0.30955829160690307	0.184696948920349
74.10000000000007	-0.30007841891154086	0.17645399727104552
74.20000000000006	-0.29059854621617864	0.16821104562174205
74.30000000000005	-0.28111867352081643	0.15996809397243858
74.40000000000005	-0.2716388008254542	0.1517251423231351
74.50000000000004	-0.262158928130092	0.14348219067383164
74.60000000000004	-0.2526790554347298	0.13523923902452817
74.70000000000003	-0.24319918273936758	0.1269962873752247
74.80000000000003	-0.23371931004400537	0.11875333572592121
74.90000000000002	-0.22423943734864316	0.11051038407661773
75.00000000000001	-0.21475956465328094	0.10226743242731424
75.10000000000001	-0.20527969195791873	0.09402448077801076
75.2	-0.19579981926255652	0.08578152912870728
75.3	-0.1863199465671943	0.07753857747940379
75.39999999999999	-0.1768400738718321	0.06929562583010031
75.49999999999999	-0.16736020117646988	0.06105267418079683
75.59999999999998	-0.15788032848110767	0.05280972253149335
75.69999999999997	-0.14840045578574546	0.044566770882189875
75.79999999999997	-0.13892058309038324	0.0363238192328864
75.89999999999996	-0.12944071039502103	0.02808086758358292
75.99999999999996	-0.11996083769965883	0.019837915934279443
76.09999999999995	-0.11048096500429663	0.011594964284975964
76.19999999999995	-0.10100109230893443	0.003352012635672485
76.29999999999994	-0.09152121961357224	-0.004890939013630994
76.39999999999993	-0.08204134691821004	-0.013133890662934473
76.49999999999993	-0.07256147422284784	-0.02137684231223795
76.59999999999992	-0.06308160152748564	-0.029619793961541428
76.69999999999992	-0.053601728832123434	-0.037862745610844906
76.79999999999991	-0.04412185613676123	-0.04610569726014838
76.8999999999999	-0.03464198344139902	-0.05434864890945186
76.9999999999999	-0.025162110746036817	-0.06259160055875534
77.0999999999999	-0.01568223805067461	-0.07083455220805883
77.19999999999989	-0.006202365355312408	-0.07907750385736231
77.29999999999988	0.0032775073400497963	-0.0873204555066658
77.39999999999988	0.012757380035412	-0.09556340715596928
77.49999999999987	0.022237252730774204	-0.10380635880527277
77.59999999999987	0.03171712542613641	-0.11204931045457625
77.69999999999986	0.041196998121498615	-0.12029226210387974
77.79999999999986	0.05067687081686082	-0.12853521375318322
77.89999999999985	0.060156743512223027	-0.1367781654024867
77.99999999999984	0.06963661620758523	-0.14502111705179016
78.09999999999984	0.07911648890294742	-0.15326406870109363
78.19999999999983	0.08859636159830962	-0.1615070203503971
78.29999999999983	0.09807623429367182	-0.16974997199970057
78.39999999999982	0.10755610698903402	-0.17799292364900404
78.49999999999982	0.11703597968439622	-0.1862358752983075
78.59999999999981	0.12651585237975843	-0.19447882694761098
78.6999999999998	0.13599572507512064	-0.20272177859691445
78.7999999999998	0.14547559777048286	-0.21096473024621792
78.89999999999979	0.15495547046584507	-0.2192076818955214
78.99999999999979	0.16443534316120728	-0.22745063354482487
79.09999999999978	0.1739152158565695	-0.23569358519412834
79.19999999999978	0.1833950885519317	-0.2439365368434318
79.29999999999977	0.19287496124729392	-0.2521794884927353
79.39999999999976	0.20235483394265613	-0.2604224401420388
79.49999999999976	0.21183470663801834	-0.2686653917913423
79.59999999999975	0.22131457933338056	-0.2769083434406458
79.69999999999975	0.23079445202874277	-0.2851512950899493
79.79999999999974	0.24027432472410498	-0.2933942467392528
79.89999999999974	0.2497541974194672	-0.3016371983885563
79.99999999999973	0.2592340701148294	-0.3098801500378598
80.09999999999972	0.2687139428101916	-0.3181231016871633
80.19999999999972	0.27819381550555383	-0.3263660533364668
80.29999999999971	0.28767368820091604	-0.3346090049857703
80.39999999999971	0.29715356089627826	-0.3428519566350738
80.4999999999997	0.30663343359164047	-0.3510949082843773
80.5999999999997	0.3161133062870027	-0.3593378599336808
80.69999999999969	0.3255931789823649	-0.3675808115829843
80.79999999999968	0.3350730516777271	-0.3758237632322878
80.89999999999968	0.3445529243730893	-0.3840667148815913
80.99999999999967	0.35403279706845153	-0.3923096665308948
81.09999999999967	0.36351266976381374	-0.40055261818019827
81.19999999999966	0.37299254245917596	-0.40879556982950177
81.29999999999966	0.38247241515453817	-0.41703852147880527
81.39999999999965	0.3919522878499004	-0.42528147312810877
81.49999999999964	0.4014321605452626	-0.43352442477741227
81.59999999999964	0.4109120332406248	-0.44176737642671576
81.69999999999963	0.420391905935987	-0.45001032807601926
81.79999999999963	0.42987177863134923	-0.45825327972532276
81.89999999999962	0.43935165132671145	-0.46649623137462626
81.99999999999962	0.44883152402207366	-0.47473918302392976
82.09999999999961	0.45831139671743587	-0.48298213467323325
82.1999999999996	0.4677912694127981	-0.49122508632253675
82.2999999999996	0.4772711421081603	-0.49946803797184025
82.3999999999996	0.4867510148035225	-0.5077109896211437
82.49999999999959	0.4962308874988847	-0.5159539412704471
82.59999999999958	0.5057107601942469	-0.5241968929197506
82.69999999999958	0.5151906328896091	-0.532439844569054
82.79999999999957	0.5246705055849713	-0.5406827962183575
82.89999999999957	0.5341503782803335	-0.5489257478676609
82.99999999999956	0.5436302509756957	-0.5571686995169643
83.09999999999955	0.5531101236710579	-0.5654116511662678
83.19999999999955	0.5625899963664202	-0.5736546028155712
83.29999999999954	0.5720698690617824	-0.5818975544648747
83.39999999999954	0.5815497417571446	-0.5901405061141781
83.49999999999953	0.5910296144525068	-0.5983834577634816
83.59999999999953	0.600509487147869	-0.606626409412785
83.69999999999952	0.6099893598432312	-0.6148693610620884
83.79999999999951	0.6194692325385934	-0.6231123127113919
83.89999999999951	0.6289491052339556	-0.6313552643606953
83.9999999999995	0.6384289779293179	-0.6395982160099988
84.0999999999995	0.6479088506246801	-0.6478411676593022
84.19999999999949	0.6573887233200423	-0.6560841193086057
84.29999999999949	0.6668685960154045	-0.6643270709579091
84.39999999999948	0.6763484687107667	-0.6725700226072125
84.49999999999947	0.6858283414061289	-0.680812974256516
84.59999999999947	0.6953082141014911	-0.6890559259058194
84.69999999999946	0.7047880867968533	-0.6972988775551229
84.79999999999946	0.7142679594922156	-0.7055418292044263
84.89999999999945	0.7237478321875778	-0.7137847808537298
84.99999999999945	0.73322770488294	-0.7220277325030332
85.09999999999944	0.7427075775783022	-0.7302706841523366
85.19999999999943	0.7521874502736644	-0.7385136358016401
85.29999999999943	0.7616673229690266	-0.7467565874509435
85.39999999999942	0.7711471956643888	-0.754999539100247
85.49999999999942	0.780627068359751	-0.7632424907495504
85.59999999999941	0.7901069410551133	-0.7714854423988539
85.6999999999994	0.7995868137504755	-0.7797283940481573
85.7999999999994	0.8090666864458377	-0.7879713456974607
85.8999999999994	0.8185465591411999	-0.7962142973467642
85.99999999999939	0.8280264318365621	-0.8044572489960676
86.09999999999938	0.8375063045319243	-0.8127002006453711
86.19999999999938	0.8469861772272865	-0.8209431522946745
86.29999999999937	0.8564660499226487	-0.829186103943978
86.39999999999937	0.865945922618011	-0.8374290555932814
86.49999999999936	0.8754257953133732	-0.8456720072425848
86.59999999999935	0.8849056680087354	-0.8539149588918883
86.69999999999935	0.8943855407040976	-0.8621579105411917
86.79999999999934	0.9038654133994598	-0.8704008621904952
86.89999999999934	0.913345286094822	-0.8786438138397986
86.99999999999933	0.9228251587901842	-0.8868867654891021
87.09999999999933	0.9323050314855464	-0.8951297171384055
87.19999999999932	0.9417849041809087	-0.9033726687877089
87.29999999999932	0.9512647768762709	-0.9116156204370124
87.39999999999931	0.9417849041809087	-0.9198585720863158
87.4999999999993	0.9323050314855464	-0.9281015237356193
87.5999999999993	0.9228251587901842	-0.9363444753849227
87.69999999999929	0.913345286094822	-0.9445874270342262
87.79999999999929	0.9038654133994598	-0.9528303786835296
87.89999999999928	0.8943855407040976	-0.9445874270342262
87.99999999999928	0.8849056680087354	-0.9363444753849227
88.09999999999927	0.8754257953133732	-0.9281015237356193
88.19999999999926	0.865945922618011	-0.9198585720863158
88.29999999999926	0.8564660499226487	-0.9116156204370124
88.39999999999925	0.8469861772272865	-0.9033726687877089
88.49999999999925	0.8375063045319243	-0.8951297171384055
88.59999999999924	0.8280264318365621	-0.8868867654891021
88.69999999999924	0.8185465591411999	-0.8786438138397986
88.79999999999923	0.8090666864458377	-0.8704008621904952
88.89999999999922	0.7995868137504755	-0.8621579105411917
88.99999999999922	0.7901069410551133	-0.8539149588918883
89.09999999999921	0.780627068359751	-0.8456720072425848
89.1999999999992	0.7711471956643888	-0.8374290555932814
89.2999999999992	0.7616673229690266	-0.829186103943978
89.3999999999992	0.7521874502736644	-0.8209431522946745
89.49999999999919	0.7427075775783022	-0.8127002006453711
89.59999999999918	0.73322770488294	-0.8044572489960676
89.69999999999918	0.7237478321875778	-0.7962142973467642
89.79999999999917	0.7142679594922156	-0.7879713456974607
89.89999999999917	0.7047880867968533	-0.7797283940481573
89.99999999999916	0.6953082141014911	-0.7714854423988539
90.09999999999916	0.6858283414061289	-0.7632424907495504
90.19999999999915	0.6763484687107667	-0.754999539100247
90.29999999999914	0.6668685960154045	-0.7467565874509435
90.39999999999914	0.6573887233200423	-0.7385136358016401
90.49999999999913	0.6479088506246801	-0.7302706841523366
90.59999999999913	0.6384289779293179	-0.7220277325030332
90.69999999999912	0.6289491052339556	-0.7137847808537298
90.79999999999912	0.6194692325385934	-0.7055418292044263
90.89999999999911	0.6099893598432312	-0.6972988775551229
90.9999999999991	0.600509487147869	-0.6890559259058194
91.0999999999991	0.5910296144525068	-0.680812974256516
91.1999999999991	0.5815497417571446	-0.6725700226072125
91.29999999999909	0.5720698690617824	-0.6643270709579091
91.39999999999908	0.5625899963664202	-0.6560841193086057
91.49999999999908	0.5531101236710579	-0.6478411676593022
91.59999999999907	0.5436302509756957	-0.6395982160099988
91.69999999999906	0.5341503782803335	-0.6313552643606953
91.79999999999906	0.5246705055849713	-0.6231123127113919
91.89999999999905	0.5151906328896091	-0.6148693610620884
91.99999999999905	0.5057107601942469	-0.606626409412785
92.09999999999904	0.49623088749888467	-0.5983834577634816
92.19999999999904	0.48675101480352245	-0.5901405061141781
92.29999999999903	0.47727114210816024	-0.5818975544648747
92.39999999999903	0.467791269412798	-0.5736546028155712
92.49999999999902	0.4583113967174358	-0.5654116511662678
92.59999999999901	0.4488315240220736	-0.5571686995169643
92.69999999999901	0.4393516513267114	-0.5489257478676609
92.799999999999	0.4298717786313492	-0.5406827962183575
92.899999999999	0.42039190593598696	-0.532439844569054
92.99999999999899	0.41091203324062475	-0.5241968929197506
93.09999999999899	0.40143216054526254	-0.5159539412704471
93.19999999999898	0.3919522878499003	-0.5077109896211437
93.29999999999897	0.3824724151545381	-0.4994680379718402
93.39999999999897	0.3729925424591759	-0.4912250863225367
93.49999999999896	0.3635126697638137	-0.4829821346732332
93.59999999999896	0.3540327970684515	-0.4747391830239297
93.69999999999895	0.34455292437308926	-0.4664962313746262
93.79999999999895	0.33507305167772705	-0.4582532797253227
93.89999999999894	0.32559317898236484	-0.4500103280760192
93.99999999999893	0.3161133062870026	-0.4417673764267157
94.09999999999893	0.3066334335916404	-0.4335244247774122
94.19999999999892	0.2971535608962782	-0.4252814731281087
94.29999999999892	0.287673688200916	-0.4170385214788052
94.39999999999891	0.2781938155055538	-0.4087955698295017
94.4999999999989	0.26871394281019156	-0.4005526181801982
94.5999999999989	0.25923407011482935	-0.3923096665308947
94.6999999999989	0.24975419741946714	-0.3840667148815912
94.79999999999889	0.24027432472410493	-0.3758237632322877
94.89999999999888	0.2307944520287427	-0.3675808115829842
94.99999999999888	0.2213145793333805	-0.3593378599336807
95.09999999999887	0.2118347066380183	-0.3510949082843772
95.19999999999887	0.20235483394265608	-0.34285195663507373
95.29999999999886	0.19287496124729386	-0.33460900498577023
95.39999999999885	0.18339508855193165	-0.32636605333646673
95.49999999999885	0.17391521585656944	-0.31812310168716323
95.59999999999884	0.16443534316120723	-0.30988015003785974
95.69999999999884	0.154955470465845	-0.30163719838855624
95.79999999999883	0.1454755977704828	-0.29339424673925274
95.89999999999883	0.1359957250751206	-0.28515129508994924
95.99999999999882	0.12651585237975838	-0.27690834344064574
96.09999999999881	0.11703597968439618	-0.26866539179134225
96.19999999999881	0.10755610698903398	-0.26042244014203875
96.2999999999988	0.09807623429367178	-0.25217948849273525
96.3999999999988	0.08859636159830958	-0.24393653684343178
96.49999999999879	0.07911648890294738	-0.2356935851941283
96.59999999999879	0.06963661620758518	-0.22745063354482484
96.69999999999878	0.06015674351222298	-0.21920768189552137
96.79999999999878	0.05067687081686077	-0.2109647302462179
96.89999999999877	0.04119699812149857	-0.20272177859691443
96.99999999999876	0.03171712542613636	-0.19447882694761096
97.09999999999876	0.022237252730774155	-0.18623587529830748
97.19999999999875	0.012757380035411952	-0.17799292364900401
97.29999999999875	0.0032775073400497477	-0.16974997199970054
97.39999999999874	-0.006202365355312456	-0.16150702035039707
97.49999999999874	-0.01568223805067466	-0.1532640687010936
97.59999999999873	-0.025162110746036866	-0.14502111705179013
97.69999999999872	-0.03464198344139907	-0.13677816540248666
97.79999999999872	-0.04412185613676128	-0.1285352137531832
97.89999999999871	-0.05360172883212348	-0.12029226210387971
97.9999999999987	-0.06308160152748568	-0.11204931045457622
98.0999999999987	-0.07256147422284788	-0.10380635880527274
98.1999999999987	-0.08204134691821008	-0.09556340715596925
98.29999999999869	-0.09152121961357228	-0.08732045550666577
98.39999999999868	-0.10100109230893448	-0.07907750385736229
98.49999999999868	-0.11048096500429667	-0.0708345522080588
98.59999999999867	-0.11996083769965887	-0.06259160055875532
98.69999999999867	-0.12944071039502109	-0.05434864890945184
98.79999999999866	-0.1389205830903833	-0.04610569726014836
98.89999999999866	-0.1484004557857455	-0.037862745610844885
98.99999999999865	-0.15788032848110772	-0.029619793961541407
99.09999999999864	-0.16736020117646994	-0.02137684231223793
99.19999999999864	-0.17684007387183215	-0.013133890662934451
99.29999999999863	-0.18631994656719436	-0.004890939013630972
99.39999999999863	-0.19579981926255657	0.0033520126356725074
99.49999999999862	-0.2052796919579188	0.011594964284975987
99.59999999999862	-0.214759564653281	0.019837915934279464
99.69999999999861	-0.2242394373486432	0.02808086758358294
99.7999999999986	-0.23371931004400542	0.03632381923288642
99.8999999999986	-0.24319918273936764	0.044566770882189896
99.9999999999986	-0.25267905543472985	0.052809722531493374
100.09999999999859	-0.26215892813009206	0.06105267418079685
100.19999999999858	-0.2716388008254543	0.06929562583010034
100.29999999999858	-0.2811186735208165	0.07753857747940382
100.39999999999857	-0.2905985462161787	0.0857815291287073
100.49999999999856	-0.3000784189115409	0.09402448077801079
100.59999999999856	-0.3095582916069031	0.10226743242731427
100.69999999999855	-0.31903816430226534	0.11051038407661776
100.79999999999855	-0.32851803699762755	0.11875333572592124
100.89999999999854	-0.33799790969298976	0.12699628737522473
100.99999999999854	-0.347477782388352	0.1352392390245282
101.09999999999853	-0.3569576550837142	0.14348219067383167
101.19999999999852	-0.3664375277790764	0.15172514232313514
101.29999999999852	-0.3759174004744386	0.1599680939724386
101.39999999999851	-0.3853972731698008	0.16821104562174208
101.49999999999851	-0.39487714586516304	0.17645399727104555
101.5999999999985	-0.40435701856052525	0.18469694892034902
101.6999999999985	-0.41383689125588746	0.1929399005696525
101.79999999999849	-0.4233167639512497	0.20118285221895596
101.89999999999849	-0.4327966366466119	0.20942580386825943
101.99999999999848	-0.4422765093419741	0.2176687555175629
102.09999999999847	-0.4517563820373363	0.22591170716686637
102.19999999999847	-0.4612362547326985	0.23415465881616984
102.29999999999846	-0.47071612742806074	0.2423976104654733
102.39999999999846	-0.48019600012342295	0.2506405621147768
102.49999999999845	-0.48967587281878516	0.2588835137640803
102.59999999999845	-0.4991557455141474	0.2671264654133838
102.69999999999844	-0.5086356182095095	0.2753694170626873
102.79999999999843	-0.5181154909048717	0.2836123687119908
102.89999999999843	-0.527595363600234	0.2918553203612943
102.99999999999842	-0.5370752362955962	0.3000982720105978
103.09999999999842	-0.5465551089909584	0.3083412236599013
103.19999999999841	-0.5560349816863206	0.3165841753092048
103.2999999999984	-0.5655148543816828	0.3248271269585083
103.3999999999984	-0.574994727077045	0.3330700786078118
103.4999999999984	-0.5844745997724072	0.3413130302571153
103.59999999999839	-0.5939544724677694	0.3495559819064188
103.69999999999838	-0.6034343451631317	0.3577989335557223
103.79999999999838	-0.6129142178584939	0.3660418852050258
103.89999999999837	-0.6223940905538561	0.3742848368543293
103.99999999999837	-0.6318739632492183	0.3825277885036328
104.09999999999836	-0.6413538359445805	0.3907707401529363
104.19999999999835	-0.6508337086399427	0.3990136918022398
104.29999999999835	-0.6603135813353049	0.4072566434515433
104.39999999999834	-0.6697934540306671	0.4154995951008468
104.49999999999834	-0.6792733267260294	0.4237425467501503
104.59999999999833	-0.6887531994213916	0.43198549839945377
104.69999999999833	-0.6982330721167538	0.44022845004875727
104.79999999999832	-0.707712944812116	0.44847140169806077
104.89999999999831	-0.7171928175074782	0.45671435334736427
104.99999999999831	-0.7266726902028404	0.46495730499666776
105.0999999999983	-0.7361525628982026	0.47320025664597126
105.1999999999983	-0.7456324355935648	0.48144320829527476
105.29999999999829	-0.7551123082889271	0.48968615994457826
105.39999999999829	-0.7645921809842893	0.49792911159388176
105.49999999999828	-0.7740720536796515	0.5061720632431852
105.59999999999827	-0.7835519263750137	0.5144150148924886
105.69999999999827	-0.7930317990703759	0.5226579665417921
105.79999999999826	-0.8025116717657381	0.5309009181910955
105.89999999999826	-0.8119915444611003	0.539143869840399
105.99999999999825	-0.8214714171564625	0.5473868214897024
106.09999999999825	-0.8309512898518248	0.5556297731390059
106.19999999999824	-0.840431162547187	0.5638727247883093
106.29999999999824	-0.8499110352425492	0.5721156764376127
106.39999999999823	-0.8593909079379114	0.5803586280869162
106.49999999999822	-0.8688707806332736	0.5886015797362196
106.59999999999822	-0.8783506533286358	0.5968445313855231
106.69999999999821	-0.887830526023998	0.6050874830348265
106.7999999999982	-0.8973103987193602	0.61333043468413
106.8999999999982	-0.9067902714147225	0.6215733863334334
106.9999999999982	-0.9162701441100847	0.6298163379827368
107.09999999999819	-0.9257500168054469	0.6380592896320403
107.19999999999818	-0.9352298895008091	0.6463022412813437
107.29999999999818	-0.9447097621961713	0.6545451929306472
107.39999999999817	-0.9541896348915335	0.6627881445799506
107.49999999999817	-0.9447097621961713	0.671031096229254
107.59999999999816	-0.9352298895008091	0.6792740478785575
107.69999999999816	-0.9257500168054469	0.6875169995278609
107.79999999999815	-0.9162701441100847	0.6957599511771644
107.89999999999814	-0.9067902714147225	0.7040029028264678
107.99999999999814	-0.8973103987193602	0.7122458544757713
108.09999999999813	-0.887830526023998	0.7204888061250747
108.19999999999813	-0.8783506533286358	0.7287317577743782
108.29999999999812	-0.8688707806332736	0.7369747094236816
108.39999999999812	-0.8593909079379114	0.745217661072985
108.49999999999811	-0.8499110352425492	0.7534606127222885
108.5999999999981	-0.840431162547187	0.7617035643715919
108.6999999999981	-0.8309512898518248	0.7699465160208954
108.7999999999981	-0.8214714171564625	0.7781894676701988
108.89999999999809	-0.8119915444611003	0.7864324193195023
108.99999999999808	-0.8025116717657381	0.7946753709688057
109.09999999999808	-0.7930317990703759	0.8029183226181091
109.19999999999807	-0.7835519263750137	0.8111612742674126
109.29999999999806	-0.7740720536796515	0.819404225916716
109.39999999999806	-0.7645921809842893	0.8276471775660195
109.49999999999805	-0.7551123082889271	0.8358901292153229
109.59999999999805	-0.7456324355935648	0.8441330808646264
109.69999999999804	-0.7361525628982026	0.8523760325139298
109.79999999999804	-0.7266726902028404	0.8606189841632332
109.89999999999803	-0.7171928175074782	0.8688619358125367
109.99999999999802	-0.707712944812116	0.8771048874618401
110.09999999999802	-0.6982330721167538	0.8853478391111436
110.19999999999801	-0.6887531994213916	0.893590790760447
110.29999999999801	-0.6792733267260294	0.9018337424097504
110.399999999998	-0.6697934540306671	0.9100766940590539
110.499999999998	-0.6603135813353049	0.9183196457083573
110.59999999999799	-0.6508337086399427	0.9265625973576608
110.69999999999798	-0.6413538359445805	0.9348055490069642
110.79999999999798	-0.6318739632492183	0.9430485006562677
110.89999999999797	-0.6223940905538561	0.9512914523055711
110.99999999999797	-0.6129142178584939	0.9430485006562677
111.09999999999796	-0.6034343451631317	0.9348055490069642
111.19999999999796	-0.5939544724677694	0.9265625973576608
111.29999999999795	-0.5844745997724072	0.9183196457083573
111.39999999999795	-0.574994727077045	0.9100766940590539
111.49999999999794	-0.5655148543816828	0.9018337424097504
111.59999999999793	-0.5560349816863206	0.893590790760447
111.69999999999793	-0.5465551089909584	0.8853478391111436
111.79999999999792	-0.5370752362955962	0.8771048874618401
111.89999999999792	-0.527595363600234	0.8688619358125367
111.99999999999791	-0.5181154909048717	0.8606189841632332
112.0999999999979	-0.5086356182095095	0.8523760325139298
112.1999999999979	-0.4991557455141473	0.8441330808646264
112.2999999999979	-0.4896758728187851	0.8358901292153229
112.39999999999789	-0.4801960001234229	0.8276471775660195
112.49999999999788	-0.4707161274280607	0.819404225916716
112.59999999999788	-0.46123625473269847	0.8111612742674126
112.69999999999787	-0.45175638203733626	0.8029183226181091
112.79999999999787	-0.44227650934197404	0.7946753709688057
112.89999999999786	-0.43279663664661183	0.7864324193195023
112.99999999999785	-0.4233167639512496	0.7781894676701988
113.09999999999785	-0.4138368912558874	0.7699465160208954
113.19999999999784	-0.4043570185605252	0.7617035643715919
113.29999999999784	-0.394877145865163	0.7534606127222885
113.39999999999783	-0.38539727316980077	0.745217661072985
113.49999999999783	-0.37591740047443856	0.7369747094236816
113.59999999999782	-0.36643752777907634	0.7287317577743782
113.69999999999781	-0.35695765508371413	0.7204888061250747
113.79999999999781	-0.3474777823883519	0.7122458544757713
113.8999999999978	-0.3379979096929897	0.7040029028264678
113.9999999999978	-0.3285180369976275	0.6957599511771644
114.09999999999779	-0.3190381643022653	0.6875169995278609
114.19999999999779	-0.30955829160690307	0.6792740478785575
114.29999999999778	-0.30007841891154086	0.671031096229254
114.39999999999777	-0.29059854621617864	0.6627881445799506
114.49999999999777	-0.28111867352081643	0.6545451929306472
114.59999999999776	-0.2716388008254542	0.6463022412813437
114.69999999999776	-0.262158928130092	0.6380592896320403
114.79999999999775	-0.2526790554347298	0.6298163379827368
114.89999999999775	-0.24319918273936758	0.6215733863334334
114.99999999999774	-0.23371931004400537	0.61333043468413
115.09999999999773	-0.22423943734864316	0.6050874830348265
115.19999999999773	-0.21475956465328094	0.5968445313855231
115.29999999999772	-0.20527969195791873	0.5886015797362196
115.39999999999772	-0.19579981926255652	0.5803586280869162
115.49999999999771	-0.1863199465671943	0.5721156764376127
115.5999999999977	-0.1768400738718321	0.5638727247883093
115.6999999999977	-0.16736020117646988	0.5556297731390059
115.7999999999977	-0.15788032848110767	0.5473868214897024
115.89999999999769	-0.14840045578574546	0.539143869840399
115.99999999999768	-0.13892058309038324	0.5309009181910955
116.09999999999768	-0.12944071039502103	0.5226579665417921
116.19999999999767	-0.11996083769965883	0.5144150148924886
116.29999999999767	-0.11048096500429663	0.5061720632431852
116.39999999999766	-0.10100109230893443	0.4979291115938817
116.49999999999766	-0.09152121961357224	0.4896861599445782
116.59999999999765	-0.08204134691821004	0.4814432082952747
116.69999999999764	-0.07256147422284784	0.4732002566459712
116.79999999999764	-0.06308160152748564	0.4649573049966677
116.89999999999763	-0.053601728832123434	0.4567143533473642
116.99999999999763	-0.04412185613676123	0.4484714016980607
117.09999999999762	-0.03464198344139902	0.4402284500487572
117.19999999999762	-0.025162110746036817	0.4319854983994537
117.29999999999761	-0.01568223805067461	0.4237425467501502
117.3999999999976	-0.006202365355312408	0.4154995951008467
117.4999999999976	0.0032775073400497963	0.4072566434515432
117.59999999999759	0.012757380035412	0.3990136918022397
117.69999999999759	0.022237252730774204	0.3907707401529362
117.79999999999758	0.03171712542613641	0.3825277885036327
117.89999999999758	0.041196998121498615	0.37428483685432923
117.99999999999757	0.05067687081686082	0.36604188520502573
118.09999999999756	0.060156743512223027	0.35779893355572223
118.19999999999756	0.06963661620758523	0.34955598190641873
118.29999999999755	0.07911648890294742	0.34131303025711524
118.39999999999755	0.08859636159830962	0.33307007860781174
118.49999999999754	0.09807623429367182	0.32482712695850824
118.59999999999754	0.10755610698903402	0.31658417530920474
118.69999999999753	0.11703597968439622	0.30834122365990124
118.79999999999752	0.12651585237975843	0.30009827201059774
118.89999999999752	0.13599572507512064	0.29185532036129425
118.99999999999751	0.14547559777048286	0.28361236871199075
119.09999999999751	0.15495547046584507	0.27536941706268725
119.1999999999975	0.16443534316120728	0.26712646541338375
119.2999999999975	0.1739152158565695	0.25888351376408025
119.39999999999749	0.1833950885519317	0.25064056211477675
119.49999999999748	0.19287496124729392	0.24239761046547328
119.59999999999748	0.20235483394265613	0.23415465881616981
119.69999999999747	0.21183470663801834	0.22591170716686634
119.79999999999747	0.22131457933338056	0.21766875551756287
119.89999999999746	0.23079445202874277	0.2094258038682594
119.99999999999746	0.24027432472410498	0.20118285221895593
120.09999999999745	0.2497541974194672	0.19293990056965246
120.19999999999744	0.2592340701148294	0.184696948920349
120.29999999999744	0.2687139428101916	0.17645399727104552
120.39999999999743	0.27819381550555383	0.16821104562174205
120.49999999999743	0.28767368820091604	0.15996809397243858
120.59999999999742	0.29715356089627826	0.1517251423231351
120.69999999999742	0.30663343359164047	0.14348219067383164
120.79999999999741	0.3161133062870027	0.13523923902452817
120.8999999999974	0.3255931789823649	0.1269962873752247
120.9999999999974	0.3350730516777271	0.11875333572592121
121.0999999999974	0.3445529243730893	0.11051038407661773
121.19999999999739	0.35403279706845153	0.10226743242731424
121.29999999999738	0.36351266976381374	0.09402448077801076
121.39999999999738	0.37299254245917596	0.08578152912870728
121.49999999999737	0.38247241515453817	0.07753857747940379
121.59999999999737	0.3919522878499004	0.06929562583010031
121.69999999999736	0.4014321605452626	0.06105267418079683
121.79999999999735	0.4109120332406248	0.05280972253149335
121.89999999999735	0.420391905935987	0.044566770882189875
121.99999999999734	0.42987177863134923	0.0363238192328864
122.09999999999734	0.43935165132671145	0.02808086758358292
122.19999999999733	0.44883152402207366	0.019837915934279443
122.29999999999733	0.45831139671743587	0.011594964284975964
122.39999999999732	0.4677912694127981	0.003352012635672485
122.49999999999731	0.4772711421081603	-0.004890939013630994
122.59999999999731	0.4867510148035225	-0.013133890662934473
122.6999999999973	0.4962308874988847	-0.02137684231223795
122.7999999999973	0.5057107601942469	-0.029619793961541428
122.89999999999729	0.5151906328896091	-0.037862745610844906
122.99999999999729	0.5246705055849713	-0.04610569726014838
123.09999999999728	0.5341503782803335	-0.05434864890945186
123.19999999999727	0.5436302509756957	-0.06259160055875534
123.29999999999727	0.5531101236710579	-0.07083455220805883
123.39999999999726	0.5625899963664202	-0.07907750385736231
123.49999999999726	0.5720698690617824	-0.0873204555066658
123.59999999999725	0.5815497417571446	-0.09556340715596928
123.69999999999725	0.5910296144525068	-0.10380635880527277
123.79999999999724	0.600509487147869	-0.11204931045457625
123.89999999999723	0.6099893598432312	-0.12029226210387974
123.99999999999723	0.6194692325385934	-0.12853521375318322
124.09999999999722	0.6289491052339556	-0.1367781654024867
124.19999999999722	0.6384289779293179	-0.14502111705179016
124.29999999999721	0.6479088506246801	-0.15326406870109363
124.3999999999972	0.6573887233200423	-0.1615070203503971
124.4999999999972	0.6668685960154045	-0.16974997199970057
124.5999999999972	0.6763484687107667	-0.17799292364900404
124.69999999999719	0.6858283414061289	-0.1862358752983075
124.79999999999718	0.6953082141014911	-0.19447882694761098
124.89999999999718	0.7047880867968533	-0.20272177859691445
124.99999999999717	0.7142679594922156	-0.21096473024621792
125.09999999999717	0.7237478321875778	-0.2192076818955214
125.19999999999716	0.73322770488294	-0.22745063354482487
125.29999999999715	0.7427075775783022	-0.23569358519412834
125.39999999999715	0.7521874502736644	-0.2439365368434318
125.49999999999714	0.7616673229690266	-0.2521794884927353
125.59999999999714	0.7711471956643888	-0.2604224401420388
125.69999999999713	0.780627068359751	-0.2686653917913423
125.79999999999713	0.7901069410551133	-0.2769083434406458
125.89999999999712	0.7995868137504755	-0.2851512950899493
125.99999999999712	0.8090666864458377	-0.2933942467392528
126.09999999999711	0.8185465591411999	-0.3016371983885563
126.1999999999971	0.8280264318365621	-0.3098801500378598
126.2999999999971	0.8375063045319243	-0.3181231016871633
126.39999999999709	0.8469861772272865	-0.3263660533364668
126.49999999999709	0.8564660499226487	-0.3346090049857703
126.59999999999708	0.865945922618011	-0.3428519566350738
126.69999999999708	0.8754257953133732	-0.3510949082843773
126.79999999999707	0.8849056680087354	-0.3593378599336808
126.89999999999706	0.8943855407040976	-0.3675808115829843
126.99999999999706	0.9038654133994598	-0.3758237632322878
127.09999999999705	0.913345286094822	-0.3840667148815913
127.19999999999705	0.9228251587901842	-0.3923096665308948
127.29999999999704	0.9323050314855464	-0.40055261818019827
127.39999999999704	0.9417849041809087	-0.40879556982950177
127.49999999999703	0.9512647768762709	-0.41703852147880527
127.59999999999702	0.9417849041809087	-0.42528147312810877
127.69999999999702	0.9323050314855464	-0.43352442477741227
127.79999999999701	0.9228251587901842	-0.44176737642671576
127.89999999999701	0.913345286094822	-0.45001032807601926
127.999999999997	0.9038654133994598	-0.45825327972532276
128.099999999997	0.8943855407040963	-0.4664962313746274
128.199999999997	0.884905668008734	-0.4747391830239309
128.299999999997	0.8754257953133718	-0.4829821346732344
128.399999999997	0.8659459226180096	-0.4912250863225379
128.499999999997	0.8564660499226474	-0.4994680379718414
128.59999999999698	0.8469861772272852	-0.5077109896211449
128.69999999999698	0.837506304531923	-0.5159539412704484
128.79999999999697	0.8280264318365608	-0.5241968929197518
128.89999999999696	0.8185465591411986	-0.5324398445690552
128.99999999999696	0.8090666864458363	-0.5406827962183587
129.09999999999695	0.7995868137504741	-0.5489257478676621
129.19999999999695	0.7901069410551119	-0.5571686995169656
129.29999999999694	0.7806270683597497	-0.565411651166269
129.39999999999694	0.7711471956643875	-0.5736546028155725
129.49999999999693	0.7616673229690253	-0.5818975544648759
129.59999999999692	0.7521874502736631	-0.5901405061141793
129.69999999999692	0.7427075775783009	-0.5983834577634828
129.7999999999969	0.7332277048829386	-0.6066264094127862
129.8999999999969	0.7237478321875764	-0.6148693610620897
129.9999999999969	0.7142679594922142	-0.6231123127113931
130.0999999999969	0.704788086796852	-0.6313552643606966
130.1999999999969	0.6953082141014898	-0.63959821601
130.29999999999688	0.6858283414061276	-0.6478411676593034
130.39999999999688	0.6763484687107654	-0.6560841193086069
130.49999999999687	0.6668685960154032	-0.6643270709579103
130.59999999999687	0.657388723320041	-0.6725700226072138
130.69999999999686	0.6479088506246787	-0.6808129742565172
130.79999999999686	0.6384289779293165	-0.6890559259058207
130.89999999999685	0.6289491052339543	-0.6972988775551241
130.99999999999685	0.6194692325385921	-0.7055418292044275
131.09999999999684	0.6099893598432299	-0.713784780853731
131.19999999999683	0.6005094871478677	-0.7220277325030344
131.29999999999683	0.5910296144525055	-0.7302706841523379
131.39999999999682	0.5815497417571432	-0.7385136358016413
131.49999999999682	0.572069869061781	-0.7467565874509448
131.5999999999968	0.5625899963664188	-0.7549995391002482
131.6999999999968	0.5531101236710566	-0.7632424907495516
131.7999999999968	0.5436302509756944	-0.7714854423988551
131.8999999999968	0.5341503782803322	-0.7797283940481585
131.9999999999968	0.52467050558497	-0.787971345697462
132.09999999999678	0.5151906328896078	-0.7962142973467654
132.19999999999678	0.5057107601942455	-0.8044572489960689
132.29999999999677	0.49623088749888333	-0.8127002006453723
132.39999999999677	0.4867510148035211	-0.8209431522946757
132.49999999999676	0.4772711421081589	-0.8291861039439792
132.59999999999675	0.4677912694127967	-0.8374290555932826
132.69999999999675	0.4583113967174345	-0.8456720072425861
132.79999999999674	0.44883152402207227	-0.8539149588918895
132.89999999999674	0.43935165132671006	-0.862157910541193
132.99999999999673	0.42987177863134785	-0.8704008621904964
133.09999999999673	0.42039190593598563	-0.8786438138397998
133.19999999999672	0.4109120332406234	-0.8868867654891033
133.29999999999671	0.4014321605452612	-0.8951297171384067
133.3999999999967	0.391952287849899	-0.9033726687877102
133.4999999999967	0.3824724151545368	-0.9116156204370136
133.5999999999967	0.37299254245917457	-0.919858572086317
133.6999999999967	0.36351266976381236	-0.9281015237356205
133.7999999999967	0.35403279706845014	-0.9363444753849239
133.89999999999668	0.34455292437308793	-0.9445874270342274
133.99999999999667	0.3350730516777257	-0.9528303786835308
134.09999999999667	0.3255931789823635	-0.9445874270342274
134.19999999999666	0.3161133062870013	-0.9363444753849239
134.29999999999666	0.3066334335916391	-0.9281015237356205
134.39999999999665	0.29715356089627687	-0.919858572086317
134.49999999999665	0.28767368820091466	-0.9116156204370136
134.59999999999664	0.27819381550555244	-0.9033726687877102
134.69999999999663	0.26871394281019023	-0.8951297171384067
134.79999999999663	0.259234070114828	-0.8868867654891033
134.89999999999662	0.2497541974194658	-0.8786438138397998
134.99999999999662	0.2402743247241036	-0.8704008621904964
135.0999999999966	0.23079445202874138	-0.862157910541193
135.1999999999966	0.22131457933337917	-0.8539149588918895
135.2999999999966	0.21183470663801696	-0.8456720072425861
135.3999999999966	0.20235483394265474	-0.8374290555932826
135.4999999999966	0.19287496124729253	-0.8291861039439792
135.59999999999658	0.18339508855193032	-0.8209431522946757
135.69999999999658	0.1739152158565681	-0.8127002006453723
135.79999999999657	0.1644353431612059	-0.8044572489960689
135.89999999999657	0.15495547046584368	-0.7962142973467654
135.99999999999656	0.14547559777048147	-0.787971345697462
136.09999999999656	0.13599572507511926	-0.7797283940481585
136.19999999999655	0.12651585237975704	-0.7714854423988551
136.29999999999654	0.11703597968439484	-0.7632424907495516
136.39999999999654	0.10755610698903265	-0.7549995391002482
136.49999999999653	0.09807623429367045	-0.7467565874509448
136.59999999999653	0.08859636159830825	-0.7385136358016413
136.69999999999652	0.07911648890294605	-0.7302706841523379
136.79999999999652	0.06963661620758385	-0.7220277325030344
136.8999999999965	0.060156743512221646	-0.713784780853731
136.9999999999965	0.05067687081685944	-0.7055418292044275
137.0999999999965	0.041196998121497234	-0.6972988775551241
137.1999999999965	0.03171712542613503	-0.6890559259058207
137.2999999999965	0.022237252730772823	-0.6808129742565172
137.39999999999648	0.01275738003541062	-0.6725700226072138
137.49999999999648	0.0032775073400484155	-0.6643270709579103
137.59999999999647	-0.006202365355313788	-0.6560841193086069
137.69999999999646	-0.015682238050675992	-0.6478411676593034
137.79999999999646	-0.025162110746038198	-0.63959821601
137.89999999999645	-0.034641983441400404	-0.6313552643606966
137.99999999999645	-0.04412185613676261	-0.6231123127113931
138.09999999999644	-0.053601728832124815	-0.6148693610620897
138.19999999999644	-0.06308160152748701	-0.6066264094127862
138.29999999999643	-0.07256147422284921	-0.5983834577634828
138.39999999999642	-0.08204134691821141	-0.5901405061141793
138.49999999999642	-0.09152121961357361	-0.5818975544648759
138.5999999999964	-0.10100109230893581	-0.5736546028155725
138.6999999999964	-0.110480965004298	-0.565411651166269
138.7999999999964	-0.1199608376996602	-0.5571686995169656
138.8999999999964	-0.12944071039502242	-0.5489257478676621
138.9999999999964	-0.13892058309038463	-0.5406827962183587
139.09999999999638	-0.14840045578574684	-0.5324398445690552
139.19999999999638	-0.15788032848110906	-0.5241968929197518
139.29999999999637	-0.16736020117647127	-0.5159539412704484
139.39999999999637	-0.17684007387183348	-0.5077109896211449
139.49999999999636	-0.1863199465671957	-0.4994680379718414
139.59999999999636	-0.1957998192625579	-0.4912250863225379
139.69999999999635	-0.20527969195792012	-0.4829821346732344
139.79999999999634	-0.21475956465328233	-0.4747391830239309
139.89999999999634	-0.22423943734864454	-0.4664962313746274
139.99999999999633	-0.23371931004400676	-0.4582532797253239
140.09999999999633	-0.24319918273936897	-0.4500103280760204
140.19999999999632	-0.2526790554347312	-0.44176737642671693
140.29999999999632	-0.2621589281300934	-0.43352442477741343
140.3999999999963	-0.2716388008254556	-0.42528147312810993
140.4999999999963	-0.2811186735208178	-0.41703852147880643
140.5999999999963	-0.29059854621618003	-0.40879556982950294
140.6999999999963	-0.30007841891154224	-0.40055261818019944
140.7999999999963	-0.30955829160690446	-0.39230966653089594
140.89999999999628	-0.31903816430226667	-0.38406671488159244
140.99999999999628	-0.3285180369976289	-0.37582376323228894
141.09999999999627	-0.3379979096929911	-0.36758081158298544
141.19999999999627	-0.3474777823883533	-0.35933785993368195
141.29999999999626	-0.3569576550837155	-0.35109490828437845
141.39999999999625	-0.36643752777907773	-0.34285195663507495
141.49999999999625	-0.37591740047443994	-0.33460900498577145
141.59999999999624	-0.38539727316980216	-0.32636605333646795
141.69999999999624	-0.39487714586516437	-0.31812310168716446
141.79999999999623	-0.4043570185605266	-0.30988015003786096
141.89999999999623	-0.4138368912558888	-0.30163719838855746
141.99999999999622	-0.423316763951251	-0.29339424673925396
142.09999999999621	-0.4327966366466132	-0.28515129508995046
142.1999999999962	-0.44227650934197543	-0.27690834344064696
142.2999999999962	-0.45175638203733764	-0.26866539179134347
142.3999999999962	-0.46123625473269986	-0.26042244014203997
142.4999999999962	-0.47071612742806207	-0.25217948849273647
142.5999999999962	-0.4801960001234243	-0.243936536843433
142.69999999999618	-0.4896758728187865	-0.23569358519412953
142.79999999999617	-0.4991557455141487	-0.22745063354482606
142.89999999999617	-0.5086356182095109	-0.2192076818955226
142.99999999999616	-0.5181154909048731	-0.21096473024621912
143.09999999999616	-0.5275953636002353	-0.20272177859691565
143.19999999999615	-0.5370752362955975	-0.19447882694761218
143.29999999999615	-0.5465551089909597	-0.1862358752983087
143.39999999999614	-0.5560349816863219	-0.17799292364900524
143.49999999999613	-0.5655148543816841	-0.16974997199970177
143.59999999999613	-0.5749947270770464	-0.1615070203503983
143.69999999999612	-0.5844745997724086	-0.15326406870109482
143.79999999999612	-0.5939544724677708	-0.14502111705179135
143.8999999999961	-0.603434345163133	-0.13677816540248788
143.9999999999961	-0.6129142178584952	-0.1285352137531844
144.0999999999961	-0.6223940905538574	-0.12029226210388093
144.1999999999961	-0.6318739632492196	-0.11204931045457744
144.2999999999961	-0.6413538359445818	-0.10380635880527396
144.39999999999608	-0.650833708639944	-0.09556340715597048
144.49999999999608	-0.6603135813353063	-0.08732045550666699
144.59999999999607	-0.6697934540306685	-0.07907750385736351
144.69999999999607	-0.6792733267260307	-0.07083455220806002
144.79999999999606	-0.6887531994213929	-0.06259160055875654
144.89999999999606	-0.6982330721167551	-0.05434864890945306
144.99999999999605	-0.7077129448121173	-0.046105697260149583
145.09999999999604	-0.7171928175074795	-0.037862745610846106
145.19999999999604	-0.7266726902028418	-0.02961979396154263
145.29999999999603	-0.736152562898204	-0.02137684231223915
145.39999999999603	-0.7456324355935662	-0.013133890662935672
145.49999999999602	-0.7551123082889284	-0.004890939013632193
145.59999999999602	-0.7645921809842906	0.003352012635671286
145.699999999996	-0.7740720536796528	0.011594964284974765
145.799999999996	-0.783551926375015	0.019837915934278243
145.899999999996	-0.7930317990703772	0.02808086758358172
145.999999999996	-0.8025116717657395	0.0363238192328852
146.099999999996	-0.8119915444611017	0.044566770882188675
146.19999999999598	-0.8214714171564639	0.05280972253149215
146.29999999999598	-0.8309512898518261	0.06105267418079563
146.39999999999597	-0.8404311625471883	0.06929562583009911
146.49999999999596	-0.8499110352425505	0.0775385774794026
146.59999999999596	-0.8593909079379127	0.08578152912870608
146.69999999999595	-0.8688707806332749	0.09402448077800957
146.79999999999595	-0.8783506533286372	0.10226743242731305
146.89999999999594	-0.8878305260239994	0.11051038407661654
146.99999999999594	-0.8973103987193616	0.11875333572592002
147.09999999999593	-0.9067902714147238	0.1269962873752235
147.19999999999592	-0.916270144110086	0.13523923902452697
147.29999999999592	-0.9257500168054482	0.14348219067383045
147.3999999999959	-0.9352298895008104	0.15172514232313392
147.4999999999959	-0.9447097621961726	0.1599680939724374
147.5999999999959	-0.9541896348915349	0.16821104562174086
147.6999999999959	-0.9447097621961726	0.17645399727104433
147.7999999999959	-0.9352298895008104	0.1846969489203478
147.89999999999588	-0.9257500168054482	0.19293990056965127
147.99999999999588	-0.916270144110086	0.20118285221895474
148.09999999999587	-0.9067902714147238	0.2094258038682582
148.19999999999587	-0.8973103987193616	0.21766875551756168
148.29999999999586	-0.8878305260239994	0.22591170716686515
148.39999999999586	-0.8783506533286372	0.23415465881616862
148.49999999999585	-0.8688707806332749	0.2423976104654721
148.59999999999584	-0.8593909079379127	0.2506405621147756
148.69999999999584	-0.8499110352425505	0.2588835137640791
148.79999999999583	-0.8404311625471883	0.2671264654133826
148.89999999999583	-0.8309512898518261	0.2753694170626861
148.99999999999582	-0.8214714171564639	0.2836123687119896
149.09999999999582	-0.8119915444611017	0.2918553203612931
149.1999999999958	-0.8025116717657395	0.3000982720105966
149.2999999999958	-0.7930317990703772	0.3083412236599001
149.3999999999958	-0.783551926375015	0.3165841753092036
149.4999999999958	-0.7740720536796528	0.3248271269585071
149.5999999999958	-0.7645921809842906	0.33307007860781057
149.69999999999578	-0.7551123082889284	0.34131303025711407
149.79999999999578	-0.7456324355935662	0.34955598190641757
149.89999999999577	-0.736152562898204	0.35779893355572107
149.99999999999577	-0.7266726902028418	0.36604188520502456
150.09999999999576	-0.7171928175074795	0.37428483685432806
150.19999999999575	-0.7077129448121173	0.38252778850363156
150.29999999999575	-0.6982330721167551	0.39077074015293506
150.39999999999574	-0.6887531994213929	0.39901369180223856
150.49999999999574	-0.6792733267260307	0.40725664345154206
150.59999999999573	-0.6697934540306685	0.41549959510084555
150.69999999999573	-0.6603135813353063	0.42374254675014905
150.79999999999572	-0.650833708639944	0.43198549839945255
150.8999999999957	-0.6413538359445818	0.44022845004875605
150.9999999999957	-0.6318739632492196	0.44847140169805955
151.0999999999957	-0.6223940905538574	0.45671435334736304
151.1999999999957	-0.6129142178584952	0.46495730499666654
151.2999999999957	-0.603434345163133	0.47320025664597004
151.39999999999569	-0.5939544724677708	0.48144320829527354
151.49999999999568	-0.5844745997724086	0.48968615994457704
151.59999999999567	-0.5749947270770464	0.49792911159388054
151.69999999999567	-0.5655148543816841	0.506172063243184
151.79999999999566	-0.5560349816863219	0.5144150148924874
151.89999999999566	-0.5465551089909597	0.5226579665417909
151.99999999999565	-0.5370752362955975	0.5309009181910943
152.09999999999565	-0.5275953636002353	0.5391438698403977
152.19999999999564	-0.5181154909048731	0.5473868214897012
152.29999999999563	-0.5086356182095109	0.5556297731390046
152.39999999999563	-0.49915574551414865	0.5638727247883081
152.49999999999562	-0.48967587281878644	0.5721156764376115
152.59999999999562	-0.4801960001234242	0.580358628086915
152.6999999999956	-0.470716127428062	0.5886015797362184
152.7999999999956	-0.4612362547326998	0.5968445313855218
152.8999999999956	-0.4517563820373376	0.6050874830348253
152.9999999999956	-0.4422765093419754	0.6133304346841287
153.0999999999956	-0.43279663664661316	0.6215733863334322
153.19999999999558	-0.42331676395125095	0.6298163379827356
153.29999999999558	-0.41383689125588874	0.6380592896320391
153.39999999999557	-0.4043570185605265	0.6463022412813425
153.49999999999557	-0.3948771458651643	0.654545192930646
153.59999999999556	-0.3853972731698021	0.6627881445799494
153.69999999999555	-0.3759174004744399	0.6710310962292528
153.79999999999555	-0.3664375277790777	0.6792740478785563
153.89999999999554	-0.35695765508371546	0.6875169995278597
153.99999999999554	-0.34747778238835325	0.6957599511771632
154.09999999999553	-0.33799790969299104	0.7040029028264666
154.19999999999553	-0.3285180369976288	0.71224585447577
154.29999999999552	-0.3190381643022666	0.7204888061250735
154.39999999999552	-0.3095582916069044	0.7287317577743769
154.4999999999955	-0.3000784189115422	0.7369747094236804
154.5999999999955	-0.29059854621618	0.7452176610729838
154.6999999999955	-0.28111867352081776	0.7534606127222873
154.7999999999955	-0.27163880082545555	0.7617035643715907
154.8999999999955	-0.26215892813009334	0.7699465160208941
154.99999999999548	-0.2526790554347311	0.7781894676701976
155.09999999999548	-0.2431991827393689	0.786432419319501
155.19999999999547	-0.2337193100440067	0.7946753709688045
155.29999999999546	-0.2242394373486445	0.8029183226181079
155.39999999999546	-0.21475956465328228	0.8111612742674114
155.49999999999545	-0.20527969195792006	0.8194042259167148
155.59999999999545	-0.19579981926255785	0.8276471775660182
155.69999999999544	-0.18631994656719564	0.8358901292153217
155.79999999999544	-0.17684007387183343	0.8441330808646251
155.89999999999543	-0.1673602011764712	0.8523760325139286
155.99999999999542	-0.157880328481109	0.860618984163232
156.09999999999542	-0.1484004557857468	0.8688619358125355
156.1999999999954	-0.13892058309038458	0.8771048874618389
156.2999999999954	-0.12944071039502236	0.8853478391111423
156.3999999999954	-0.11996083769966016	0.8935907907604458
156.4999999999954	-0.11048096500429797	0.9018337424097492
156.5999999999954	-0.10100109230893577	0.9100766940590527
156.69999999999538	-0.09152121961357357	0.9183196457083561
156.79999999999538	-0.08204134691821137	0.9265625973576596
156.89999999999537	-0.07256147422284917	0.934805549006963
156.99999999999537	-0.06308160152748697	0.9430485006562664
157.09999999999536	-0.053601728832124766	0.9512914523055699
157.19999999999536	-0.04412185613676256	0.9430485006562664
157.29999999999535	-0.034641983441400355	0.934805549006963
157.39999999999534	-0.02516211074603815	0.9265625973576596
157.49999999999534	-0.015682238050675944	0.9183196457083561
157.59999999999533	-0.00620236535531374	0.9100766940590527
157.69999999999533	0.003277507340048464	0.9018337424097492
157.79999999999532	0.012757380035410668	0.8935907907604458
157.89999999999532	0.022237252730772872	0.8853478391111423
157.9999999999953	0.03171712542613508	0.8771048874618389
158.0999999999953	0.04119699812149728	0.8688619358125355
158.1999999999953	0.05067687081685949	0.860618984163232
158.2999999999953	0.060156743512221694	0.8523760325139286
158.3999999999953	0.06963661620758389	0.8441330808646251
158.49999999999528	0.07911648890294609	0.8358901292153217
158.59999999999528	0.08859636159830829	0.8276471775660182
158.69999999999527	0.09807623429367049	0.8194042259167148
158.79999999999526	0.10755610698903269	0.8111612742674114
158.89999999999526	0.11703597968439489	0.8029183226181079
158.99999999999525	0.1265158523797571	0.7946753709688045
159.09999999999525	0.1359957250751193	0.786432419319501
159.19999999999524	0.14547559777048152	0.7781894676701976
159.29999999999524	0.15495547046584374	0.7699465160208941
159.39999999999523	0.16443534316120595	0.7617035643715907
159.49999999999523	0.17391521585656816	0.7534606127222873
159.59999999999522	0.18339508855193037	0.7452176610729838
159.6999999999952	0.1928749612472926	0.7369747094236804
159.7999999999952	0.2023548339426548	0.7287317577743769
159.8999999999952	0.211834706638017	0.7204888061250735
159.9999999999952	0.22131457933337922	0.71224585447577
160.0999999999952	0.23079445202874144	0.7040029028264666
160.19999999999519	0.24027432472410365	0.6957599511771632
160.29999999999518	0.24975419741946586	0.6875169995278597
160.39999999999517	0.2592340701148281	0.6792740478785563
160.49999999999517	0.2687139428101903	0.6710310962292528
160.59999999999516	0.2781938155055525	0.6627881445799494
160.69999999999516	0.2876736882009147	0.654545192930646
160.79999999999515	0.2971535608962769	0.6463022412813425
160.89999999999515	0.30663343359163914	0.6380592896320391
160.99999999999514	0.31611330628700135	0.6298163379827356
161.09999999999513	0.32559317898236356	0.6215733863334322
161.19999999999513	0.3350730516777258	0.6133304346841287
161.29999999999512	0.344552924373088	0.6050874830348253
161.39999999999512	0.3540327970684502	0.5968445313855218
161.4999999999951	0.3635126697638124	0.5886015797362184
161.5999999999951	0.3729925424591746	0.580358628086915
161.6999999999951	0.38247241515453684	0.5721156764376115
161.7999999999951	0.39195228784989905	0.5638727247883081
161.8999999999951	0.40143216054526126	0.5556297731390046
161.99999999999508	0.4109120332406235	0.5473868214897012
162.09999999999508	0.4203919059359857	0.5391438698403977
162.19999999999507	0.4298717786313479	0.5309009181910943
162.29999999999507	0.4393516513267101	0.5226579665417909
162.39999999999506	0.4488315240220723	0.5144150148924874
162.49999999999505	0.45831139671743454	0.506172063243184
162.59999999999505	0.46779126941279675	0.4979291115938805
162.69999999999504	0.47727114210815896	0.489686159944577
162.79999999999504	0.4867510148035212	0.4814432082952735
162.89999999999503	0.4962308874988834	0.47320025664597
162.99999999999503	0.5057107601942455	0.4649573049966665
163.09999999999502	0.5151906328896078	0.456714353347363
163.19999999999501	0.52467050558497	0.4484714016980595
163.299999999995	0.5341503782803322	0.440228450048756
163.399999999995	0.5436302509756944	0.4319854983994525
163.499999999995	0.5531101236710566	0.423742546750149
163.599999999995	0.5625899963664188	0.4154995951008455
163.699999999995	0.572069869061781	0.407256643451542
163.79999999999498	0.5815497417571432	0.3990136918022385
163.89999999999498	0.5910296144525055	0.390770740152935
163.99999999999497	0.6005094871478677	0.3825277885036315
164.09999999999496	0.6099893598432299	0.374284836854328
164.19999999999496	0.6194692325385921	0.3660418852050245
164.29999999999495	0.6289491052339543	0.357798933555721
164.39999999999495	0.6384289779293165	0.3495559819064175
164.49999999999494	0.6479088506246787	0.341313030257114
164.59999999999494	0.657388723320041	0.3330700786078105
164.69999999999493	0.6668685960154032	0.324827126958507
164.79999999999492	0.6763484687107654	0.3165841753092035
164.89999999999492	0.6858283414061276	0.3083412236599
164.9999999999949	0.6953082141014898	0.3000982720105965
165.0999999999949	0.704788086796852	0.291855320361293
165.1999999999949	0.7142679594922142	0.2836123687119895
165.2999999999949	0.7237478321875764	0.27536941706268603
165.3999999999949	0.7332277048829386	0.26712646541338253
165.49999999999488	0.7427075775783009	0.25888351376407903
165.59999999999488	0.7521874502736631	0.25064056211477553
165.69999999999487	0.7616673229690253	0.24239761046547206
165.79999999999487	0.7711471956643875	0.2341546588161686
165.89999999999486	0.7806270683597497	0.22591170716686512
165.99999999999486	0.7901069410551119	0.21766875551756165
166.09999999999485	0.7995868137504741	0.20942580386825818
166.19999999999484	0.8090666864458363	0.2011828522189547
166.29999999999484	0.8185465591411986	0.19293990056965124
166.39999999999483	0.8280264318365608	0.18469694892034777
166.49999999999483	0.837506304531923	0.1764539972710443
166.59999999999482	0.8469861772272852	0.16821104562174083
166.69999999999482	0.8564660499226474	0.15996809397243736
166.7999999999948	0.8659459226180096	0.1517251423231339
166.8999999999948	0.8754257953133718	0.14348219067383042
166.9999999999948	0.884905668008734	0.13523923902452695
167.0999999999948	0.8943855407040963	0.12699628737522348
167.1999999999948	0.9038654133994585	0.11875333572591999
167.29999999999478	0.9133452860948207	0.11051038407661651
167.39999999999478	0.9228251587901829	0.10226743242731302
167.49999999999477	0.9323050314855451	0.09402448077800954
167.59999999999476	0.9417849041809073	0.08578152912870605
167.69999999999476	0.9512647768762695	0.07753857747940257
167.79999999999475	0.9417849041809073	0.06929562583009909
167.89999999999475	0.9323050314855451	0.06105267418079561
167.99999999999474	0.9228251587901829	0.05280972253149213
168.09999999999474	0.9133452860948207	0.044566770882188654
168.19999999999473	0.9038654133994585	0.03632381923288518
168.29999999999472	0.8943855407040963	0.0280808675835817
168.39999999999472	0.884905668008734	0.019837915934278222
168.4999999999947	0.8754257953133718	0.011594964284974743
168.5999999999947	0.8659459226180096	0.0033520126356712636
168.6999999999947	0.8564660499226474	-0.0048909390136322155
168.7999999999947	0.8469861772272852	-0.013133890662935695
168.8999999999947	0.837506304531923	-0.021376842312239172
168.99999999999469	0.8280264318365608	-0.02961979396154265
169.09999999999468	0.8185465591411986	-0.03786274561084613
169.19999999999467	0.8090666864458363	-0.046105697260149604
169.29999999999467	0.7995868137504741	-0.05434864890945308
169.39999999999466	0.7901069410551119	-0.06259160055875657
169.49999999999466	0.7806270683597497	-0.07083455220806005
169.59999999999465	0.7711471956643875	-0.07907750385736353
169.69999999999465	0.7616673229690253	-0.08732045550666702
169.79999999999464	0.7521874502736631	-0.0955634071559705
169.89999999999463	0.7427075775783009	-0.10380635880527399
169.99999999999463	0.7332277048829386	-0.11204931045457747
170.09999999999462	0.7237478321875764	-0.12029226210388096
170.19999999999462	0.7142679594922142	-0.12853521375318444
170.2999999999946	0.704788086796852	-0.1367781654024879
170.3999999999946	0.6953082141014898	-0.14502111705179138
170.4999999999946	0.6858283414061276	-0.15326406870109485
170.5999999999946	0.6763484687107654	-0.16150702035039832
170.6999999999946	0.6668685960154032	-0.1697499719997018
170.79999999999458	0.657388723320041	-0.17799292364900526
170.89999999999458	0.6479088506246787	-0.18623587529830873
170.99999999999457	0.6384289779293165	-0.1944788269476122
171.09999999999457	0.6289491052339543	-0.20272177859691567
171.19999999999456	0.6194692325385921	-0.21096473024621915
171.29999999999455	0.6099893598432299	-0.21920768189552262
171.39999999999455	0.6005094871478677	-0.2274506335448261
171.49999999999454	0.5910296144525055	-0.23569358519412956
171.59999999999454	0.5815497417571432	-0.24393653684343303
171.69999999999453	0.572069869061781	-0.2521794884927365
171.79999999999453	0.5625899963664188	-0.26042244014204
171.89999999999452	0.5531101236710566	-0.2686653917913435
171.99999999999451	0.5436302509756944	-0.276908343440647
172.0999999999945	0.5341503782803322	-0.2851512950899505
172.1999999999945	0.52467050558497	-0.293394246739254
172.2999999999945	0.5151906328896078	-0.3016371983885575
172.3999999999945	0.5057107601942455	-0.309880150037861
172.4999999999945	0.49623088749888333	-0.3181231016871645
172.59999999999448	0.4867510148035211	-0.326366053336468
172.69999999999447	0.4772711421081589	-0.3346090049857715
172.79999999999447	0.4677912694127967	-0.342851956635075
172.89999999999446	0.4583113967174345	-0.3510949082843785
172.99999999999446	0.44883152402207227	-0.359337859933682
173.09999999999445	0.43935165132671006	-0.3675808115829855
173.19999999999445	0.42987177863134785	-0.375823763232289
173.29999999999444	0.42039190593598563	-0.3840667148815925
173.39999999999444	0.4109120332406234	-0.392309666530896
173.49999999999443	0.4014321605452612	-0.4005526181801995
173.59999999999442	0.391952287849899	-0.408795569829503
173.69999999999442	0.3824724151545368	-0.4170385214788065
173.7999999999944	0.37299254245917457	-0.42528147312811
173.8999999999944	0.36351266976381236	-0.4335244247774135
173.9999999999944	0.35403279706845014	-0.441767376426717
174.0999999999944	0.34455292437308793	-0.4500103280760205
174.1999999999944	0.3350730516777257	-0.458253279725324
174.29999999999438	0.3255931789823635	-0.4664962313746275
174.39999999999438	0.3161133062870013	-0.474739183023931
174.49999999999437	0.3066334335916391	-0.4829821346732345
174.59999999999437	0.29715356089627687	-0.491225086322538
174.69999999999436	0.28767368820091466	-0.49946803797184147
174.79999999999436	0.27819381550555244	-0.5077109896211449
174.89999999999435	0.26871394281019023	-0.5159539412704484
174.99999999999434	0.259234070114828	-0.5241968929197518
175.09999999999434	0.2497541974194658	-0.5324398445690552
175.19999999999433	0.2402743247241036	-0.5406827962183587
175.29999999999433	0.23079445202874138	-0.5489257478676621
175.39999999999432	0.22131457933337917	-0.5571686995169656
175.49999999999432	0.21183470663801696	-0.565411651166269
175.5999999999943	0.20235483394265474	-0.5736546028155725
175.6999999999943	0.19287496124729253	-0.5818975544648759
175.7999999999943	0.18339508855193032	-0.5901405061141793
175.8999999999943	0.1739152158565681	-0.5983834577634828
175.9999999999943	0.1644353431612059	-0.6066264094127862
176.09999999999428	0.15495547046584368	-0.6148693610620897
176.19999999999428	0.14547559777048147	-0.6231123127113931
176.29999999999427	0.13599572507511926	-0.6313552643606966
176.39999999999426	0.12651585237975704	-0.63959821601
176.49999999999426	0.11703597968439484	-0.6478411676593034
176.59999999999425	0.10755610698903265	-0.6560841193086069
176.69999999999425	0.09807623429367045	-0.6643270709579103
176.79999999999424	0.08859636159830825	-0.6725700226072138
176.89999999999424	0.07911648890294605	-0.6808129742565172
176.99999999999423	0.06963661620758385	-0.6890559259058207
177.09999999999422	0.060156743512221646	-0.6972988775551241
177.19999999999422	0.05067687081685944	-0.7055418292044275
177.2999999999942	0.041196998121497234	-0.713784780853731
177.3999999999942	0.03171712542613503	-0.7220277325030344
177.4999999999942	0.022237252730772823	-0.7302706841523379
177.5999999999942	0.01275738003541062	-0.7385136358016413
177.6999999999942	0.0032775073400484155	-0.7467565874509448
177.79999999999418	-0.006202365355313788	-0.7549995391002482
177.89999999999418	-0.015682238050675992	-0.7632424907495516
177.99999999999417	-0.025162110746038198	-0.7714854423988551
178.09999999999417	-0.034641983441400404	-0.7797283940481585
178.19999999999416	-0.04412185613676261	-0.787971345697462
178.29999999999416	-0.053601728832124815	-0.7962142973467654
178.39999999999415	-0.06308160152748701	-0.8044572489960689
178.49999999999415	-0.07256147422284921	-0.8127002006453723
178.59999999999414	-0.08204134691821141	-0.8209431522946757
178.69999999999413	-0.09152121961357361	-0.8291861039439792
178.79999999999413	-0.10100109230893581	-0.8374290555932826
178.89999999999412	-0.110480965004298	-0.8456720072425861
178.99999999999412	-0.1199608376996602	-0.8539149588918895
179.0999999999941	-0.12944071039502242	-0.862157910541193
179.1999999999941	-0.13892058309038463	-0.8704008621904964
179.2999999999941	-0.14840045578574684	-0.8786438138397998
179.3999999999941	-0.15788032848110906	-0.8868867654891033
179.4999999999941	-0.16736020117647127	-0.8951297171384067
179.59999999999408	-0.17684007387183348	-0.9033726687877102
179.69999999999408	-0.1863199465671957	-0.9116156204370136
179.79999999999407	-0.1957998192625579	-0.919858572086317
179.89999999999407	-0.20527969195792012	-0.9281015237356205
179.99999999999406	-0.21475956465328233	-0.9363444753849239
180.09999999999405	-0.22423943734864454	-0.9445874270342274
180.19999999999405	-0.23371931004400676	-0.9528303786835308
180.29999999999404	-0.24319918273936897	-0.9445874270342274
180.39999999999404	-0.2526790554347312	-0.9363444753849239
180.49999999999403	-0.2621589281300934	-0.9281015237356205
180.59999999999403	-0.2716388008254556	-0.919858572086317
180.69999999999402	-0.2811186735208178	-0.9116156204370136
180.79999999999401	-0.29059854621618003	-0.9033726687877102
180.899999999994	-0.30007841891154224	-0.8951297171384067
180.999999999994	-0.30955829160690446	-0.8868867654891033
181.099999999994	-0.31903816430226667	-0.8786438138397998
181.199999999994	-0.3285180369976289	-0.8704008621904964
181.299999999994	-0.3379979096929911	-0.862157910541193
181.39999999999398	-0.3474777823883533	-0.8539149588918895
181.49999999999397	-0.3569576550837155	-0.8456720072425861
181.59999999999397	-0.36643752777907773	-0.8374290555932826
181.69999999999396	-0.37591740047443994	-0.8291861039439792
181.79999999999396	-0.38539727316980216	-0.8209431522946757
181.89999999999395	-0.39487714586516437	-0.8127002006453723
181.99999999999395	-0.4043570185605266	-0.8044572489960689
182.09999999999394	-0.4138368912558888	-0.7962142973467654
182.19999999999393	-0.423316763951251	-0.787971345697462
182.29999999999393	-0.4327966366466132	-0.7797283940481585
182.39999999999392	-0.44227650934197543	-0.7714854423988551
182.49999999999392	-0.45175638203733764	-0.7632424907495516
182.5999999999939	-0.46123625473269986	-0.7549995391002482
182.6999999999939	-0.47071612742806207	-0.7467565874509448
182.7999999999939	-0.4801960001234243	-0.7385136358016413
182.8999999999939	-0.4896758728187865	-0.7302706841523379
182.9999999999939	-0.4991557455141487	-0.7220277325030344
183.09999999999388	-0.5086356182095109	-0.713784780853731
183.19999999999388	-0.5181154909048731	-0.7055418292044275
183.29999999999387	-0.5275953636002353	-0.6972988775551241
183.39999999999387	-0.5370752362955975	-0.6890559259058207
183.49999999999386	-0.5465551089909597	-0.6808129742565172
183.59999999999386	-0.5560349816863219	-0.6725700226072138
183.69999999999385	-0.5655148543816841	-0.6643270709579103
183.79999999999384	-0.5749947270770464	-0.6560841193086069
183.89999999999384	-0.5844745997724086	-0.6478411676593034
183.99999999999383	-0.5939544724677708	-0.63959821601
184.09999999999383	-0.603434345163133	-0.6313552643606966
184.19999999999382	-0.6129142178584952	-0.6231123127113931
184.29999999999382	-0.6223940905538574	-0.6148693610620897
184.3999999999938	-0.6318739632492196	-0.6066264094127862
184.4999999999938	-0.6413538359445818	-0.5983834577634828
184.5999999999938	-0.650833708639944	-0.5901405061141793
184.6999999999938	-0.6603135813353063	-0.5818975544648759
184.7999999999938	-0.6697934540306685	-0.5736546028155725
184.89999999999378	-0.6792733267260307	-0.565411651166269
184.99999999999378	-0.6887531994213929	-0.5571686995169656
185.09999999999377	-0.6982330721167551	-0.5489257478676621
185.19999999999376	-0.7077129448121173	-0.5406827962183587
185.29999999999376	-0.7171928175074795	-0.5324398445690552
185.39999999999375	-0.7266726902028418	-0.5241968929197518
185.49999999999375	-0.736152562898204	-0.5159539412704484
185.59999999999374	-0.7456324355935662	-0.5077109896211449
185.69999999999374	-0.7551123082889284	-0.4994680379718414
185.79999999999373	-0.7645921809842906	-0.4912250863225379
185.89999999999372	-0.7740720536796528	-0.4829821346732344
185.99999999999372	-0.783551926375015	-0.4747391830239309
186.0999999999937	-0.7930317990703772	-0.4664962313746274
186.1999999999937	-0.8025116717657395	-0.4582532797253239
186.2999999999937	-0.8119915444611017	-0.4500103280760204
186.3999999999937	-0.8214714171564639	-0.44176737642671693
186.4999999999937	-0.8309512898518261	-0.43352442477741343
186.59999999999368	-0.8404311625471883	-0.42528147312810993
186.69999999999368	-0.8499110352425505	-0.41703852147880643
186.79999999999367	-0.8593909079379127	-0.40879556982950294
186.89999999999367	-0.8688707806332749	-0.40055261818019944
186.99999999999366	-0.8783506533286372	-0.39230966653089594
187.09999999999366	-0.8878305260239994	-0.38406671488159244
187.19999999999365	-0.8973103987193616	-0.37582376323228894
187.29999999999364	-0.9067902714147238	-0.36758081158298544
187.39999999999364	-0.916270144110086	-0.35933785993368195
187.49999999999363	-0.9257500168054482	-0.35109490828437845
187.59999999999363	-0.9352298895008104	-0.34285195663507495
187.69999999999362	-0.9447097621961726	-0.33460900498577145
187.79999999999362	-0.9541896348915349	-0.32636605333646795
187.8999999999936	-0.9447097621961726	-0.31812310168716446
187.9999999999936	-0.9352298895008104	-0.30988015003786096
188.0999999999936	-0.9257500168054482	-0.30163719838855746
188.1999999999936	-0.916270144110086	-0.29339424673925396
188.2999999999936	-0.9067902714147238	-0.28515129508995046
188.39999999999358	-0.8973103987193616	-0.27690834344064696
188.49999999999358	-0.8878305260239994	-0.26866539179134347
188.59999999999357	-0.8783506533286372	-0.26042244014203997
188.69999999999357	-0.8688707806332749	-0.25217948849273647
188.79999999999356	-0.8593909079379127	-0.243936536843433
188.89999999999355	-0.8499110352425505	-0.23569358519412953
188.99999999999355	-0.8404311625471883	-0.22745063354482606
189.09999999999354	-0.8309512898518261	-0.2192076818955226
189.19999999999354	-0.8214714171564639	-0.21096473024621912
189.29999999999353	-0.8119915444611017	-0.20272177859691565
189.39999999999353	-0.8025116717657395	-0.19447882694761218
189.49999999999352	-0.7930317990703772	-0.1862358752983087
189.5999999999935	-0.783551926375015	-0.17799292364900524
189.6999999999935	-0.7740720536796528	-0.16974997199970177
189.7999999999935	-0.7645921809842906	-0.1615070203503983
189.8999999999935	-0.7551123082889284	-0.15326406870109482
189.9999999999935	-0.7456324355935662	-0.14502111705179135
190.09999999999349	-0.736152562898204	-0.13677816540248788
190.19999999999348	-0.7266726902028418	-0.1285352137531844
190.29999999999347	-0.7171928175074795	-0.12029226210388093
190.39999999999347	-0.7077129448121173	-0.11204931045457744
190.49999999999346	-0.6982330721167551	-0.10380635880527396
190.59999999999346	-0.6887531994213929	-0.09556340715597048
190.69999999999345	-0.6792733267260307	-0.08732045550666699
190.79999999999345	-0.6697934540306685	-0.07907750385736351
190.89999999999344	-0.6603135813353063	-0.07083455220806002
190.99999999999343	-0.650833708639944	-0.06259160055875654
191.09999999999343	-0.6413538359445818	-0.05434864890945306
191.19999999999342	-0.6318739632492196	-0.046105697260149583
191.29999999999342	-0.6223940905538574	-0.037862745610846106
191.3999999999934	-0.6129142178584952	-0.02961979396154263
191.4999999999934	-0.603434345163133	-0.02137684231223915
191.5999999999934	-0.5939544724677708	-0.013133890662935672
191.6999999999934	-0.5844745997724086	-0.004890939013632193
191.7999999999934	-0.5749947270770464	0.003352012635671286
191.89999999999338	-0.5655148543816841	0.011594964284974765
191.99999999999338	-0.5560349816863219	0.019837915934278243
192.09999999999337	-0.5465551089909597	0.02808086758358172
192.19999999999337	-0.5370752362955975	0.0363238192328852
192.29999999999336	-0.5275953636002353	0.044566770882188675
192.39999999999336	-0.5181154909048731	0.05280972253149215
192.49999999999335	-0.5086356182095109	0.06105267418079563
192.59999999999334	-0.49915574551414865	0.06929562583009911
192.69999999999334	-0.48967587281878644	0.0775385774794026
192.79999999999333	-0.4801960001234242	0.08578152912870608
192.89999999999333	-0.470716127428062	0.09402448077800957
192.99999999999332	-0.4612362547326998	0.10226743242731305
193.09999999999332	-0.4517563820373376	0.11051038407661654
193.1999999999933	-0.4422765093419754	0.11875333572592002
193.2999999999933	-0.43279663664661316	0.1269962873752235
193.3999999999933	-0.42331676395125095	0.13523923902452697
193.4999999999933	-0.41383689125588874	0.14348219067383045
193.5999999999933	-0.4043570185605265	0.15172514232313392
193.69999999999328	-0.3948771458651643	0.1599680939724374
193.79999999999328	-0.3853972731698021	0.16821104562174086
193.89999999999327	-0.3759174004744399	0.17645399727104433
193.99999999999326	-0.3664375277790777	0.1846969489203478
194.09999999999326	-0.35695765508371546	0.19293990056965127
194.19999999999325	-0.34747778238835325	0.20118285221895474
194.29999999999325	-0.33799790969299104	0.2094258038682582
194.39999999999324	-0.3285180369976288	0.21766875551756168
194.49999999999324	-0.3190381643022666	0.22591170716686515
194.59999999999323	-0.3095582916069044	0.23415465881616862
194.69999999999322	-0.3000784189115422	0.2423976104654721
194.79999999999322	-0.29059854621618	0.2506405621147756
194.8999999999932	-0.28111867352081776	0.2588835137640791
194.9999999999932	-0.27163880082545555	0.2671264654133826
195.0999999999932	-0.26215892813009334	0.2753694170626861
195.1999999999932	-0.2526790554347311	0.2836123687119896
195.2999999999932	-0.2431991827393689	0.2918553203612931
195.39999999999318	-0.2337193100440067	0.3000982720105966
195.49999999999318	-0.2242394373486445	0.3083412236599001
195.59999999999317	-0.21475956465328228	0.3165841753092036
195.69999999999317	-0.20527969195792006	0.3248271269585071
195.79999999999316	-0.19579981926255785	0.33307007860781057
195.89999999999316	-0.18631994656719564	0.34131303025711407
195.99999999999315	-0.17684007387183343	0.34955598190641757
196.09999999999314	-0.1673602011764712	0.35779893355572107
196.19999999999314	-0.157880328481109	0.36604188520502456
196.29999999999313	-0.1484004557857468	0.37428483685432806
196.39999999999313	-0.13892058309038458	0.38252778850363156
196.49999999999312	-0.12944071039502236	0.39077074015293506
196.59999999999312	-0.11996083769966016	0.39901369180223856
196.6999999999931	-0.11048096500429797	0.40725664345154206
196.7999999999931	-0.10100109230893577	0.41549959510084555
196.8999999999931	-0.09152121961357357	0.42374254675014905
196.9999999999931	-0.08204134691821137	0.43198549839945255
197.0999999999931	-0.07256147422284917	0.44022845004875605
197.19999999999308	-0.06308160152748697	0.44847140169805955
197.29999999999308	-0.053601728832124766	0.45671435334736304
197.39999999999307	-0.04412185613676256	0.46495730499666654
197.49999999999307	-0.034641983441400355	0.47320025664597004
197.59999999999306	-0.02516211074603815	0.48144320829527354
197.69999999999305	-0.015682238050675944	0.48968615994457704
197.79999999999305	-0.00620236535531374	0.49792911159388054
197.89999999999304	0.003277507340048464	0.506172063243184
197.99999999999304	0.012757380035410668	0.5144150148924874
198.09999999999303	0.022237252730772872	0.5226579665417909
198.19999999999303	0.03171712542613508	0.5309009181910943
198.29999999999302	0.04119699812149728	0.5391438698403977
198.399999999993	0.05067687081685949	0.5473868214897012
198.499999999993	0.060156743512221694	0.5556297731390046
198.599999999993	0.06963661620758389	0.5638727247883081
198.699999999993	0.07911648890294609	0.5721156764376115
198.799999999993	0.08859636159830829	0.580358628086915
198.89999999999299	0.09807623429367049	0.5886015797362184
198.99999999999298	0.10755610698903269	0.5968445313855218
199.09999999999297	0.11703597968439489	0.6050874830348253
199.19999999999297	0.1265158523797571	0.6133304346841287
199.29999999999296	0.1359957250751193	0.6215733863334322
199.39999999999296	0.14547559777048152	0.6298163379827356
199.49999999999295	0.15495547046584374	0.6380592896320391
199.59999999999295	0.16443534316120595	0.6463022412813425
199.69999999999294	0.17391521585656816	0.654545192930646
199.79999999999293	0.18339508855193037	0.6627881445799494
199.89999999999293	0.1928749612472926	0.6710310962292528
199.99999999999292	0.2023548339426548	0.6792740478785563
200.09999999999292	0.211834706638017	0.6875169995278597
200.1999999999929	0.22131457933337922	0.6957599511771632
200.2999999999929	0.23079445202874144	0.7040029028264666
200.3999999999929	0.24027432472410365	0.71224585447577
200.4999999999929	0.24975419741946586	0.7204888061250735
200.5999999999929	0.2592340701148281	0.7287317577743769
200.69999999999288	0.2687139428101903	0.7369747094236804
200.79999999999288	0.2781938155055525	0.7452176610729838
200.89999999999287	0.2876736882009147	0.7534606127222873
200.99999999999287	0.2971535608962769	0.7617035643715907
201.09999999999286	0.30663343359163914	0.7699465160208941
201.19999999999285	0.31611330628700135	0.7781894676701976
201.29999999999285	0.32559317898236356	0.786432419319501
201.39999999999284	0.3350730516777258	0.7946753709688045
201.49999999999284	0.344552924373088	0.8029183226181079
201.59999999999283	0.3540327970684502	0.8111612742674114
201.69999999999283	0.3635126697638124	0.8194042259167148
201.79999999999282	0.3729925424591746	0.8276471775660182
201.89999999999281	0.38247241515453684	0.8358901292153217
201.9999999999928	0.39195228784989905	0.8441330808646251
202.0999999999928	0.40143216054526126	0.8523760325139286
202.1999999999928	0.4109120332406235	0.860618984163232
202.2999999999928	0.4203919059359857	0.8688619358125355
202.3999999999928	0.4298717786313479	0.8771048874618389
202.49999999999278	0.4393516513267101	0.8853478391111423
202.59999999999278	0.4488315240220723	0.8935907907604458
202.69999999999277	0.45831139671743454	0.9018337424097492
202.79999999999276	0.46779126941279675	0.9100766940590527
202.89999999999276	0.47727114210815896	0.9183196457083561
202.99999999999275	0.4867510148035212	0.9265625973576596
203.09999999999275	0.4962308874988834	0.934805549006963
203.19999999999274	0.5057107601942455	0.9430485006562664
203.29999999999274	0.5151906328896078	0.9512914523055699
203.39999999999273	0.52467050558497	0.9430485006562664
203.49999999999272	0.5341503782803322	0.934805549006963
203.59999999999272	0.5436302509756944	0.9265625973576596
203.6999999999927	0.5531101236710566	0.9183196457083561
203.7999999999927	0.5625899963664188	0.9100766940590527
203.8999999999927	0.572069869061781	0.9018337424097492
203.9999999999927	0.5815497417571432	0.8935907907604458
204.0999999999927	0.5910296144525055	0.8853478391111423
204.19999999999268	0.6005094871478677	0.8771048874618389
204.29999999999268	0.6099893598432299	0.8688619358125355
204.39999999999267	0.6194692325385921	0.860618984163232
204.49999999999267	0.6289491052339543	0.8523760325139286
204.59999999999266	0.6384289779293165	0.8441330808646251
204.69999999999266	0.6479088506246787	0.8358901292153217
204.79999999999265	0.657388723320041	0.8276471775660182
204.89999999999264	0.6668685960154032	0.8194042259167148
204.99999999999264	0.6763484687107654	0.8111612742674114
205.09999999999263	0.6858283414061276	0.8029183226181079
205.19999999999263	0.6953082141014898	0.7946753709688045
205.29999999999262	0.704788086796852	0.786432419319501
205.39999999999262	0.7142679594922142	0.7781894676701976
205.4999999999926	0.7237478321875764	0.7699465160208941
205.5999999999926	0.7332277048829386	0.7617035643715907
205.6999999999926	0.7427075775783009	0.7534606127222873
205.7999999999926	0.7521874502736631	0.7452176610729838
205.8999999999926	0.7616673229690253	0.7369747094236804
205.99999999999258	0.7711471956643875	0.7287317577743769
206.09999999999258	0.7806270683597497	0.7204888061250735
206.19999999999257	0.7901069410551119	0.71224585447577
206.29999999999256	0.7995868137504741	0.7040029028264666
206.39999999999256	0.8090666864458363	0.6957599511771632
206.49999999999255	0.8185465591411986	0.6875169995278597
206.59999999999255	0.8280264318365608	0.6792740478785563
206.69999999999254	0.837506304531923	0.6710310962292528
206.79999999999254	0.8469861772272852	0.6627881445799494
206.89999999999253	0.8564660499226474	0.654545192930646
206.99999999999253	0.8659459226180096	0.6463022412813425
207.09999999999252	0.8754257953133718	0.6380592896320391
207.1999999999925	0.884905668008734	0.6298163379827356
207.2999999999925	0.8943855407040963	0.6215733863334322
207.3999999999925	0.9038654133994585	0.6133304346841287
207.4999999999925	0.9133452860948207	0.6050874830348253
207.5999999999925	0.9228251587901829	0.5968445313855218
207.69999999999249	0.9323050314855451	0.5886015797362184
207.79999999999248	0.9417849041809073	0.580358628086915
207.89999999999247	0.9512647768762695	0.5721156764376115
207.99999999999247	0.9417849041809073	0.5638727247883081
208.09999999999246	0.9323050314855451	0.5556297731390046
208.19999999999246	0.9228251587901829	0.5473868214897012
208.29999999999245	0.9133452860948207	0.5391438698403977
208.39999999999245	0.9038654133994585	0.5309009181910943
208.49999999999244	0.8943855407040963	0.5226579665417909
208.59999999999243	0.884905668008734	0.5144150148924874
208.69999999999243	0.8754257953133718	0.506172063243184
208.79999999999242	0.8659459226180096	0.4979291115938805
208.89999999999242	0.8564660499226474	0.489686159944577
208.9999999999924	0.8469861772272852	0.4814432082952735
209.0999999999924	0.837506304531923	0.47320025664597
209.1999999999924	0.8280264318365608	0.4649573049966665
209.2999999999924	0.8185465591411986	0.456714353347363
209.3999999999924	0.8090666864458363	0.4484714016980595
209.49999999999238	0.7995868137504741	0.440228450048756
209.59999999999238	0.7901069410551119	0.4319854983994525
209.69999999999237	0.7806270683597497	0.423742546750149
209.79999999999237	0.7711471956643875	0.4154995951008455
209.89999999999236	0.7616673229690253	0.407256643451542
209.99999999999235	0.7521874502736631	0.3990136918022385
210.09999999999235	0.7427075775783009	0.390770740152935
210.19999999999234	0.7332277048829386	0.3825277885036315
210.29999999999234	0.7237478321875764	0.374284836854328
210.39999999999233	0.7142679594922142	0.3660418852050245
210.49999999999233	0.704788086796852	0.357798933555721
210.59999999999232	0.6953082141014898	0.3495559819064175
210.69999999999231	0.6858283414061276	0.341313030257114
210.7999999999923	0.6763484687107654	0.3330700786078105
210.8999999999923	0.6668685960154032	0.324827126958507
210.9999999999923	0.657388723320041	0.3165841753092035
211.0999999999923	0.6479088506246787	0.3083412236599
211.1999999999923	0.6384289779293165	0.3000982720105965
211.29999999999228	0.6289491052339543	0.291855320361293
211.39999999999227	0.6194692325385921	0.2836123687119895
211.49999999999227	0.6099893598432299	0.27536941706268603
211.59999999999226	0.6005094871478677	0.26712646541338253
211.69999999999226	0.5910296144525055	0.25888351376407903
211.79999999999225	0.5815497417571432	0.25064056211477553
211.89999999999225	0.572069869061781	0.24239761046547206
211.99999999999224	0.5625899963664188	0.2341546588161686
212.09999999999224	0.5531101236710566	0.22591170716686512
212.19999999999223	0.5436302509756944	0.21766875551756165
212.29999999999222	0.5341503782803322	0.20942580386825818
212.39999999999222	0.52467050558497	0.2011828522189547
212.4999999999922	0.5151906328896078	0.19293990056965124
212.5999999999922	0.5057107601942455	0.18469694892034777
212.6999999999922	0.49623088749888333	0.1764539972710443
212.7999999999922	0.4867510148035211	0.16821104562174083
212.8999999999922	0.4772711421081589	0.15996809397243736
212.99999999999218	0.4677912694127967	0.1517251423231339
213.09999999999218	0.4583113967174345	0.14348219067383042
213.19999999999217	0.44883152402207227	0.13523923902452695
213.29999999999217	0.43935165132671006	0.12699628737522348
213.39999999999216	0.42987177863134785	0.11875333572591999
213.49999999999216	0.42039190593598563	0.11051038407661651
213.59999999999215	0.4109120332406234	0.10226743242731302
213.69999999999214	0.4014321605452612	0.09402448077800954
213.79999999999214	0.391952287849899	0.08578152912870605
213.89999999999213	0.3824724151545368	0.07753857747940257
213.99999999999213	0.37299254245917457	0.06929562583009909
214.09999999999212	0.36351266976381236	0.06105267418079561
214.19999999999212	0.35403279706845014	0.05280972253149213
214.2999999999921	0.34455292437308793	0.044566770882188654
214.3999999999921	0.3350730516777257	0.03632381923288518
214.4999999999921	0.3255931789823635	0.0280808675835817
214.5999999999921	0.3161133062870013	0.019837915934278222
214.6999999999921	0.3066334335916391	0.011594964284974743
214.79999999999208	0.29715356089627687	0.0033520126356712636
214.89999999999208	0.28767368820091466	-0.0048909390136322155
214.99999999999207	0.27819381550555244	-0.013133890662935695
215.09999999999206	0.26871394281019023	-0.021376842312239172
215.19999999999206	0.259234070114828	-0.02961979396154265
215.29999999999205	0.2497541974194658	-0.03786274561084613
215.39999999999205	0.2402743247241036	-0.046105697260149604
215.49999999999204	0.23079445202874138	-0.05434864890945308
215.59999999999204	0.22131457933337917	-0.06259160055875657
215.69999999999203	0.21183470663801696	-0.07083455220806005
215.79999999999202	0.20235483394265474	-0.07907750385736353
215.89999999999202	0.19287496124729253	-0.08732045550666702
215.999999999992	0.18339508855193032	-0.0955634071559705
216.099999999992	0.1739152158565681	-0.10380635880527399
216.199999999992	0.1644353431612059	-0.11204931045457747
216.299999999992	0.15495547046584368	-0.12029226210388096
216.399999999992	0.14547559777048147	-0.12853521375318444
216.49999999999199	0.13599572507511926	-0.1367781654024879
216.59999999999198	0.12651585237975704	-0.14502111705179138
216.69999999999197	0.11703597968439484	-0.15326406870109485
216.79999999999197	0.10755610698903265	-0.16150702035039832
216.89999999999196	0.09807623429367045	-0.1697499719997018
216.99999999999196	0.08859636159830825	-0.17799292364900526
217.09999999999195	0.07911648890294605	-0.18623587529830873
217.19999999999195	0.06963661620758385	-0.1944788269476122
217.29999999999194	0.060156743512221646	-0.20272177859691567
217.39999999999193	0.05067687081685944	-0.21096473024621915
217.49999999999193	0.041196998121497234	-0.21920768189552262
217.59999999999192	0.03171712542613503	-0.2274506335448261
217.69999999999192	0.022237252730772823	-0.23569358519412956
217.7999999999919	0.01275738003541062	-0.24393653684343303
217.8999999999919	0.0032775073400484155	-0.2521794884927365
217.9999999999919	-0.006202365355313788	-0.26042244014204
218.0999999999919	-0.015682238050675992	-0.2686653917913435
218.1999999999919	-0.025162110746038198	-0.276908343440647
218.29999999999188	-0.034641983441400404	-0.2851512950899505
218.39999999999188	-0.04412185613676261	-0.293394246739254
218.49999999999187	-0.053601728832124815	-0.3016371983885575
218.59999999999187	-0.06308160152748701	-0.309880150037861
218.69999999999186	-0.07256147422284921	-0.3181231016871645
218.79999999999185	-0.08204134691821141	-0.326366053336468
218.89999999999185	-0.09152121961357361	-0.3346090049857715
218.99999999999184	-0.10100109230893581	-0.342851956635075
219.09999999999184	-0.110480965004298	-0.3510949082843785
219.19999999999183	-0.1199608376996602	-0.359337859933682
219.29999999999183	-0.12944071039502242	-0.3675808115829855
219.39999999999182	-0.13892058309038463	-0.375823763232289
219.49999999999181	-0.14840045578574684	-0.3840667148815925
219.5999999999918	-0.15788032848110906	-0.392309666530896
219.6999999999918	-0.16736020117647127	-0.4005526181801995
219.7999999999918	-0.17684007387183348	-0.408795569829503
219.8999999999918	-0.1863199465671957	-0.4170385214788065
219.9999999999918	-0.1957998192625579	-0.42528147312811
220.09999999999178	-0.20527969195792012	-0.4335244247774135
220.19999999999177	-0.21475956465328233	-0.441767376426717
220.29999999999177	-0.22423943734864454	-0.4500103280760205
220.39999999999176	-0.23371931004400676	-0.458253279725324
220.49999999999176	-0.24319918273936897	-0.4664962313746275
220.59999999999175	-0.2526790554347312	-0.474739183023931
220.69999999999175	-0.2621589281300934	-0.4829821346732345
220.79999999999174	-0.2716388008254556	-0.491225086322538
220.89999999999173	-0.2811186735208178	-0.49946803797184147
220.99999999999173	-0.29059854621618003	-0.5077109896211449
221.09999999999172	-0.30007841891154224	-0.5159539412704484
221.19999999999172	-0.30955829160690446	-0.5241968929197518
221.2999999999917	-0.31903816430226667	-0.5324398445690552
221.3999999999917	-0.3285180369976289	-0.5406827962183587
221.4999999999917	-0.3379979096929911	-0.5489257478676621
221.5999999999917	-0.3474777823883533	-0.5571686995169656
221.6999999999917	-0.3569576550837155	-0.565411651166269
221.79999999999168	-0.36643752777907773	-0.5736546028155725
221.89999999999168	-0.37591740047443994	-0.5818975544648759
221.99999999999167	-0.38539727316980216	-0.5901405061141793
222.09999999999167	-0.39487714586516437	-0.5983834577634828
222.19999999999166	-0.4043570185605266	-0.6066264094127862
222.29999999999166	-0.4138368912558888	-0.6148693610620897
222.39999999999165	-0.423316763951251	-0.6231123127113931
222.49999999999164	-0.4327966366466132	-0.6313552643606966
222.59999999999164	-0.44227650934197543	-0.63959821601
222.69999999999163	-0.45175638203733764	-0.6478411676593034
222.79999999999163	-0.46123625473269986	-0.6560841193086069
222.89999999999162	-0.47071612742806207	-0.6643270709579103
222.99999999999162	-0.4801960001234243	-0.6725700226072138
223.0999999999916	-0.4896758728187865	-0.6808129742565172
223.1999999999916	-0.4991557455141487	-0.6890559259058207
223.2999999999916	-0.5086356182095109	-0.6972988775551241
223.3999999999916	-0.5181154909048731	-0.7055418292044275
223.4999999999916	-0.5275953636002353	-0.713784780853731
223.59999999999158	-0.5370752362955975	-0.7220277325030344
223.69999999999158	-0.5465551089909597	-0.7302706841523379
223.79999999999157	-0.5560349816863219	-0.7385136358016413
223.89999999999156	-0.5655148543816841	-0.7467565874509448
223.99999999999156	-0.5749947270770464	-0.7549995391002482
224.09999999999155	-0.5844745997724086	-0.7632424907495516
224.19999999999155	-0.5939544724677708	-0.7714854423988551
224.29999999999154	-0.603434345163133	-0.7797283940481585
224.39999999999154	-0.6129142178584952	-0.787971345697462
224.49999999999153	-0.6223940905538574	-0.7962142973467654
224.59999999999152	-0.6318739632492196	-0.8044572489960689
224.69999999999152	-0.6413538359445818	-0.8127002006453723
224.7999999999915	-0.650833708639944	-0.8209431522946757
224.8999999999915	-0.6603135813353063	-0.8291861039439792
224.9999999999915	-0.6697934540306685	-0.8374290555932826
225.0999999999915	-0.6792733267260307	-0.8456720072425861
225.1999999999915	-0.6887531994213929	-0.8539149588918895
225.29999999999148	-0.6982330721167551	-0.862157910541193
225.39999999999148	-0.7077129448121173	-0.8704008621904964
225.49999999999147	-0.7171928175074795	-0.8786438138397998
225.59999999999147	-0.7266726902028418	-0.8868867654891033
225.69999999999146	-0.736152562898204	-0.8951297171384067
225.79999999999146	-0.7456324355935662	-0.9033726687877102
225.89999999999145	-0.7551123082889284	-0.9116156204370136
225.99999999999145	-0.7645921809842906	-0.919858572086317
226.09999999999144	-0.7740720536796528	-0.9281015237356205
226.19999999999143	-0.783551926375015	-0.9363444753849239
226.29999999999143	-0.7930317990703772	-0.9445874270342274
226.39999999999142	-0.8025116717657395	-0.9528303786835308
226.49999999999142	-0.8119915444611017	-0.9445874270342274
226.5999999999914	-0.8214714171564639	-0.9363444753849239
226.6999999999914	-0.8309512898518261	-0.9281015237356205
226.7999999999914	-0.8404311625471883	-0.919858572086317
226.8999999999914	-0.8499110352425505	-0.9116156204370136
226.9999999999914	-0.8593909079379127	-0.9033726687877102
227.09999999999138	-0.8688707806332749	-0.8951297171384067
227.19999999999138	-0.8783506533286372	-0.8868867654891033
227.29999999999137	-0.8878305260239994	-0.8786438138397998
227.39999999999137	-0.8973103987193616	-0.8704008621904964
227.49999999999136	-0.9067902714147238	-0.862157910541193
227.59999999999135	-0.916270144110086	-0.8539149588918895
227.69999999999135	-0.9257500168054482	-0.8456720072425861
227.79999999999134	-0.9352298895008104	-0.8374290555932826
227.89999999999134	-0.9447097621961726	-0.8291861039439792
227.99999999999133	-0.9541896348915349	-0.8209431522946757
228.09999999999133	-0.9447097621961726	-0.8127002006453723
228.19999999999132	-0.9352298895008104	-0.8044572489960689
228.29999999999131	-0.9257500168054482	-0.7962142973467654
228.3999999999913	-0.916270144110086	-0.787971345697462
228.4999999999913	-0.9067902714147238	-0.7797283940481585
228.5999999999913	-0.8973103987193616	-0.7714854423988551
228.6999999999913	-0.8878305260239994	-0.7632424907495516
228.7999999999913	-0.8783506533286372	-0.7549995391002482
228.89999999999128	-0.8688707806332749	-0.7467565874509448
228.99999999999127	-0.8593909079379127	-0.7385136358016413
229.09999999999127	-0.8499110352425505	-0.7302706841523379
229.19999999999126	-0.8404311625471883	-0.7220277325030344
229.29999999999126	-0.8309512898518261	-0.713784780853731
229.39999999999125	-0.8214714171564639	-0.7055418292044275
229.49999999999125	-0.8119915444611017	-0.6972988775551241
229.59999999999124	-0.8025116717657395	-0.6890559259058207
229.69999999999123	-0.7930317990703772	-0.6808129742565172
229.79999999999123	-0.783551926375015	-0.6725700226072138
229.89999999999122	-0.7740720536796528	-0.6643270709579103
229.99999999999122	-0.7645921809842906	-0.6560841193086069
230.0999999999912	-0.7551123082889284	-0.6478411676593034
230.1999999999912	-0.7456324355935662	-0.63959821601
230.2999999999912	-0.736152562898204	-0.6313552643606966
230.3999999999912	-0.7266726902028418	-0.6231123127113931
230.4999999999912	-0.7171928175074795	-0.6148693610620897
230.59999999999118	-0.7077129448121173	-0.6066264094127862
230.69999999999118	-0.6982330721167551	-0.5983834577634828
230.79999999999117	-0.6887531994213929	-0.5901405061141793
230.89999999999117	-0.6792733267260307	-0.5818975544648759
230.99999999999116	-0.6697934540306685	-0.5736546028155725
231.09999999999116	-0.6603135813353063	-0.565411651166269
231.19999999999115	-0.650833708639944	-0.5571686995169656
231.29999999999114	-0.6413538359445818	-0.5489257478676621
231.39999999999114	-0.6318739632492196	-0.5406827962183587
231.49999999999113	-0.6223940905538574	-0.5324398445690552
231.59999999999113	-0.6129142178584952	-0.5241968929197518
231.69999999999112	-0.603434345163133	-0.5159539412704484
231.79999999999112	-0.5939544724677708	-0.5077109896211449
231.8999999999911	-0.5844745997724086	-0.4994680379718414
231.9999999999911	-0.5749947270770464	-0.4912250863225379
232.0999999999911	-0.5655148543816841	-0.4829821346732344
232.1999999999911	-0.5560349816863219	-0.4747391830239309
232.2999999999911	-0.5465551089909597	-0.4664962313746274
232.39999999999108	-0.5370752362955975	-0.4582532797253239
232.49999999999108	-0.5275953636002353	-0.4500103280760204
232.59999999999107	-0.5181154909048731	-0.44176737642671693
232.69999999999106	-0.5086356182095109	-0.43352442477741343
232.79999999999106	-0.49915574551414865	-0.42528147312810993
232.89999999999105	-0.48967587281878644	-0.41703852147880643
232.99999999999105	-0.4801960001234242	-0.40879556982950294
233.09999999999104	-0.470716127428062	-0.40055261818019944
233.19999999999104	-0.4612362547326998	-0.39230966653089594
233.29999999999103	-0.4517563820373376	-0.38406671488159244
233.39999999999102	-0.4422765093419754	-0.37582376323228894
233.49999999999102	-0.43279663664661316	-0.36758081158298544
233.599999999991	-0.42331676395125095	-0.35933785993368195
233.699999999991	-0.41383689125588874	-0.35109490828437845
233.799999999991	-0.4043570185605265	-0.34285195663507495
233.899999999991	-0.3948771458651643	-0.33460900498577145
233.999999999991	-0.3853972731698021	-0.32636605333646795
234.09999999999098	-0.3759174004744399	-0.31812310168716446
234.19999999999098	-0.3664375277790777	-0.30988015003786096
234.29999999999097	-0.35695765508371546	-0.30163719838855746
234.39999999999097	-0.34747778238835325	-0.29339424673925396
234.49999999999096	-0.33799790969299104	-0.28515129508995046
234.59999999999096	-0.3285180369976288	-0.27690834344064696
234.69999999999095	-0.3190381643022666	-0.26866539179134347
234.79999999999094	-0.3095582916069044	-0.26042244014203997
234.89999999999094	-0.3000784189115422	-0.25217948849273647
234.99999999999093	-0.29059854621618	-0.243936536843433
235.09999999999093	-0.28111867352081776	-0.23569358519412953
235.19999999999092	-0.27163880082545555	-0.22745063354482606
235.29999999999092	-0.26215892813009334	-0.2192076818955226
235.3999999999909	-0.2526790554347311	-0.21096473024621912
235.4999999999909	-0.2431991827393689	-0.20272177859691565
235.5999999999909	-0.2337193100440067	-0.19447882694761218
235.6999999999909	-0.2242394373486445	-0.1862358752983087
235.7999999999909	-0.21475956465328228	-0.17799292364900524
235.89999999999088	-0.20527969195792006	-0.16974997199970177
235.99999999999088	-0.19579981926255785	-0.1615070203503983
236.09999999999087	-0.18631994656719564	-0.15326406870109482
236.19999999999087	-0.17684007387183343	-0.14502111705179135
236.29999999999086	-0.1673602011764712	-0.13677816540248788
236.39999999999085	-0.157880328481109	-0.1285352137531844
236.49999999999085	-0.1484004557857468	-0.12029226210388093
236.59999999999084	-0.13892058309038458	-0.11204931045457744
236.69999999999084	-0.12944071039502236	-0.10380635880527396
236.79999999999083	-0.11996083769966016	-0.09556340715597048
236.89999999999083	-0.11048096500429797	-0.08732045550666699
236.99999999999082	-0.10100109230893577	-0.07907750385736351
237.0999999999908	-0.09152121961357357	-0.07083455220806002
237.1999999999908	-0.08204134691821137	-0.06259160055875654
237.2999999999908	-0.07256147422284917	-0.05434864890945306
237.3999999999908	-0.06308160152748697	-0.046105697260149583
237.4999999999908	-0.053601728832124766	-0.037862745610846106
237.59999999999079	-0.04412185613676256	-0.02961979396154263
237.69999999999078	-0.034641983441400355	-0.02137684231223915
237.79999999999077	-0.02516211074603815	-0.013133890662935672
237.89999999999077	-0.015682238050675944	-0.004890939013632193
237.99999999999076	-0.00620236535531374	0.003352012635671286
238.09999999999076	0.003277507340048464	0.011594964284974765
238.19999999999075	0.012757380035410668	0.019837915934278243
238.29999999999075	0.022237252730772872	0.02808086758358172
238.39999999999074	0.03171712542613508	0.0363238192328852
238.49999999999073	0.04119699812149728	0.044566770882188675
238.59999999999073	0.05067687081685949	0.05280972253149215
238.69999999999072	0.060156743512221694	0.06105267418079563
238.79999999999072	0.06963661620758389	0.06929562583009911
238.8999999999907	0.07911648890294609	0.0775385774794026
238.9999999999907	0.08859636159830829	0.08578152912870608
239.0999999999907	0.09807623429367049	0.09402448077800957
239.1999999999907	0.10755610698903269	0.10226743242731305
239.2999999999907	0.11703597968439489	0.11051038407661654
239.39999999999068	0.1265158523797571	0.11875333572592002
239.49999999999068	0.1359957250751193	0.1269962873752235
239.59999999999067	0.14547559777048152	0.13523923902452697
239.69999999999067	0.15495547046584374	0.14348219067383045
239.79999999999066	0.16443534316120595	0.15172514232313392
239.89999999999065	0.17391521585656816	0.1599680939724374
239.99999999999065	0.18339508855193037	0.16821104562174086
240.09999999999064	0.1928749612472926	0.17645399727104433
240.19999999999064	0.2023548339426548	0.1846969489203478
240.29999999999063	0.211834706638017	0.19293990056965127
240.39999999999063	0.22131457933337922	0.20118285221895474
240.49999999999062	0.23079445202874144	0.2094258038682582
240.59999999999062	0.24027432472410365	0.21766875551756168
240.6999999999906	0.24975419741946586	0.22591170716686515
240.7999999999906	0.2592340701148281	0.23415465881616862
240.8999999999906	0.2687139428101903	0.2423976104654721
240.9999999999906	0.2781938155055525	0.2506405621147756
241.0999999999906	0.2876736882009147	0.2588835137640791
241.19999999999058	0.2971535608962769	0.2671264654133826
241.29999999999058	0.30663343359163914	0.2753694170626861
241.39999999999057	0.31611330628700135	0.2836123687119896
241.49999999999056	0.32559317898236356	0.2918553203612931
241.59999999999056	0.3350730516777258	0.3000982720105966
241.69999999999055	0.344552924373088	0.3083412236599001
241.79999999999055	0.3540327970684502	0.3165841753092036
241.89999999999054	0.3635126697638124	0.3248271269585071
241.99999999999054	0.3729925424591746	0.33307007860781057
242.09999999999053	0.38247241515453684	0.34131303025711407
242.19999999999052	0.39195228784989905	0.34955598190641757
242.29999999999052	0.40143216054526126	0.35779893355572107
242.3999999999905	0.4109120332406235	0.36604188520502456
242.4999999999905	0.4203919059359857	0.37428483685432806
242.5999999999905	0.4298717786313479	0.38252778850363156
242.6999999999905	0.4393516513267101	0.39077074015293506
242.7999999999905	0.4488315240220723	0.39901369180223856
242.89999999999048	0.45831139671743454	0.40725664345154206
242.99999999999048	0.46779126941279675	0.41549959510084555
243.09999999999047	0.47727114210815896	0.42374254675014905
243.19999999999047	0.4867510148035212	0.43198549839945255
243.29999999999046	0.4962308874988834	0.44022845004875605
243.39999999999046	0.5057107601942455	0.44847140169805955
243.49999999999045	0.5151906328896078	0.45671435334736304
243.59999999999044	0.52467050558497	0.46495730499666654
243.69999999999044	0.5341503782803322	0.47320025664597004
243.79999999999043	0.5436302509756944	0.48144320829527354
243.89999999999043	0.5531101236710566	0.48968615994457704
243.99999999999042	0.5625899963664188	0.49792911159388054
244.09999999999042	0.572069869061781	0.506172063243184
244.1999999999904	0.5815497417571432	0.5144150148924874
244.2999999999904	0.5910296144525055	0.5226579665417909
244.3999999999904	0.6005094871478677	0.5309009181910943
244.4999999999904	0.6099893598432299	0.5391438698403977
244.5999999999904	0.6194692325385921	0.5473868214897012
244.69999999999038	0.6289491052339543	0.5556297731390046
244.79999999999038	0.6384289779293165	0.5638727247883081
244.89999999999037	0.6479088506246787	0.5721156764376115
244.99999999999037	0.657388723320041	0.580358628086915
245.09999999999036	0.6668685960154032	0.5886015797362184
245.19999999999035	0.6763484687107654	0.5968445313855218
245.29999999999035	0.6858283414061276	0.6050874830348253
245.39999999999034	0.6953082141014898	0.6133304346841287
245.49999999999034	0.704788086796852	0.6215733863334322
245.59999999999033	0.7142679594922142	0.6298163379827356
245.69999999999033	0.7237478321875764	0.6380592896320391
245.79999999999032	0.7332277048829386	0.6463022412813425
245.8999999999903	0.7427075775783009	0.654545192930646
245.9999999999903	0.7521874502736631	0.6627881445799494
246.0999999999903	0.7616673229690253	0.6710310962292528
246.1999999999903	0.7711471956643875	0.6792740478785563
246.2999999999903	0.7806270683597497	0.6875169995278597
246.39999999999029	0.7901069410551119	0.6957599511771632
246.49999999999028	0.7995868137504741	0.7040029028264666
246.59999999999027	0.8090666864458363	0.71224585447577
246.69999999999027	0.8185465591411986	0.7204888061250735
246.79999999999026	0.8280264318365608	0.7287317577743769
246.89999999999026	0.837506304531923	0.7369747094236804
246.99999999999025	0.8469861772272852	0.7452176610729838
247.09999999999025	0.8564660499226474	0.7534606127222873
247.19999999999024	0.8659459226180096	0.7617035643715907
247.29999999999023	0.8754257953133718	0.7699465160208941
247.39999999999023	0.884905668008734	0.7781894676701976
247.49999999999022	0.8943855407040963	0.786432419319501
247.59999999999022	0.9038654133994585	0.7946753709688045
247.6999999999902	0.9133452860948207	0.8029183226181079
247.7999999999902	0.9228251587901829	0.8111612742674114
247.8999999999902	0.9323050314855451	0.8194042259167148
247.9999999999902	0.9417849041809073	0.8276471775660182
248.0999999999902	0.9512647768762695	0.8358901292153217
248.19999999999018	0.9417849041809073	0.8441330808646251
248.29999999999018	0.9323050314855451	0.8523760325139286
248.39999999999017	0.9228251587901829	0.860618984163232
248.49999999999017	0.9133452860948207	0.8688619358125355
248.59999999999016	0.9038654133994585	0.8771048874618389
248.69999999999015	0.8943855407040963	0.8853478391111423
248.79999999999015	0.884905668008734	0.8935907907604458
248.89999999999014	0.8754257953133718	0.9018337424097492
248.99999999999014	0.8659459226180096	0.9100766940590527
249.09999999999013	0.8564660499226474	0.9183196457083561
249.19999999999013	0.8469861772272852	0.9265625973576596
249.29999999999012	0.837506304531923	0.934805549006963
249.39999999999011	0.8280264318365608	0.9430485006562664
249.4999999999901	0.8185465591411986	0.9512914523055699
249.5999999999901	0.8090666864458363	0.9430485006562664
249.6999999999901	0.7995868137504741	0.934805549006963
249.7999999999901	0.7901069410551119	0.9265625973576596
249.8999999999901	0.7806270683597497	0.9183196457083561
249.99999999999008	0.7711471956643875	0.9100766940590527
250.09999999999008	0.7616673229690253	0.9018337424097492
250.19999999999007	0.7521874502736631	0.8935907907604458
250.29999999999006	0.7427075775783009	0.8853478391111423
250.39999999999006	0.7332277048829386	0.8771048874618389
250.49999999999005	0.7237478321875764	0.8688619358125355
250.59999999999005	0.7142679594922142	0.860618984163232
250.69999999999004	0.704788086796852	0.8523760325139286
250.79999999999004	0.6953082141014898	0.8441330808646251
250.89999999999003	0.6858283414061276	0.8358901292153217
250.99999999999002	0.6763484687107654	0.8276471775660182
251.09999999999002	0.6668685960154032	0.8194042259167148
251.19999999999	0.657388723320041	0.8111612742674114
251.29999999999	0.6479088506246787	0.8029183226181079
251.39999999999	0.6384289779293165	0.7946753709688045
251.49999999999	0.6289491052339543	0.786432419319501
251.59999999999	0.6194692325385921	0.7781894676701976
251.69999999998998	0.6099893598432299	0.7699465160208941
251.79999999998998	0.6005094871478677	0.7617035643715907
251.89999999998997	0.5910296144525055	0.7534606127222873
251.99999999998997	0.5815497417571432	0.7452176610729838
252.09999999998996	0.572069869061781	0.7369747094236804
252.19999999998996	0.5625899963664188	0.7287317577743769
252.29999999998995	0.5531101236710566	0.7204888061250735
252.39999999998994	0.5436302509756944	0.71224585447577
252.49999999998994	0.5341503782803322	0.7040029028264666
252.59999999998993	0.52467050558497	0.6957599511771632
252.69999999998993	0.5151906328896078	0.6875169995278597
252.79999999998992	0.5057107601942455	0.6792740478785563
252.89999999998992	0.49623088749888333	0.6710310962292528
252.9999999999899	0.4867510148035211	0.6627881445799494
253.0999999999899	0.4772711421081589	0.654545192930646
253.1999999999899	0.4677912694127967	0.6463022412813425
253.2999999999899	0.4583113967174345	0.6380592896320391
253.3999999999899	0.44883152402207227	0.6298163379827356
253.49999999998988	0.43935165132671006	0.6215733863334322
253.59999999998988	0.42987177863134785	0.6133304346841287
253.69999999998987	0.42039190593598563	0.6050874830348253
253.79999999998986	0.4109120332406234	0.5968445313855218
253.89999999998986	0.4014321605452612	0.5886015797362184
253.99999999998985	0.391952287849899	0.580358628086915
254.09999999998985	0.3824724151545368	0.5721156764376115
254.19999999998984	0.37299254245917457	0.5638727247883081
254.29999999998984	0.36351266976381236	0.5556297731390046
254.39999999998983	0.35403279706845014	0.5473868214897012
254.49999999998983	0.34455292437308793	0.5391438698403977
254.59999999998982	0.3350730516777257	0.5309009181910943
254.6999999999898	0.3255931789823635	0.5226579665417909
254.7999999999898	0.3161133062870013	0.5144150148924874
254.8999999999898	0.3066334335916391	0.506172063243184
254.9999999999898	0.29715356089627687	0.4979291115938805
255.0999999999898	0.28767368820091466	0.489686159944577
255.19999999998979	0.27819381550555244	0.4814432082952735
255.29999999998978	0.26871394281019023	0.47320025664597
255.39999999998977	0.259234070114828	0.4649573049966665
255.49999999998977	0.2497541974194658	0.456714353347363
255.59999999998976	0.2402743247241036	0.4484714016980595
255.69999999998976	0.23079445202874138	0.440228450048756
255.79999999998975	0.22131457933337917	0.4319854983994525
255.89999999998975	0.21183470663801696	0.423742546750149
255.99999999998974	0.20235483394265474	0.4154995951008455
256.09999999998973	0.19287496124729253	0.407256643451542
256.19999999998976	0.18339508855192763	0.39901369180223617
256.2999999999898	0.17391521585656272	0.39077074015293034
256.3999999999898	0.16443534316119782	0.3825277885036245
256.4999999999898	0.1549554704658329	0.3742848368543187
256.59999999998985	0.145475597770468	0.36604188520501285
256.69999999998987	0.1359957250751031	0.357798933555707
256.7999999999899	0.1265158523797382	0.3495559819064012
256.8999999999899	0.11703597968437329	0.34131303025709536
256.99999999998994	0.10755610698900839	0.33307007860778953
257.09999999998996	0.09807623429364348	0.3248271269584837
257.19999999999	0.08859636159827858	0.3165841753091779
257.29999999999	0.07911648890291367	0.30834122365987204
257.39999999999003	0.06963661620754877	0.3000982720105662
257.49999999999005	0.06015674351218387	0.2918553203612604
257.5999999999901	0.05067687081681897	0.28361236871195455
257.6999999999901	0.041196998121454075	0.2753694170626487
257.7999999999901	0.03171712542608918	0.2671264654133429
257.89999999999014	0.02223725273072428	0.25888351376403707
257.99999999999017	0.01275738003535938	0.25064056211473124
258.0999999999902	0.003277507339994483	0.2423976104654254
258.1999999999902	-0.006202365355370415	0.23415465881611958
258.29999999999023	-0.015682238050735313	0.22591170716681375
258.39999999999026	-0.02516211074610021	0.21766875551750792
258.4999999999903	-0.03464198344146511	0.2094258038682021
258.5999999999903	-0.04412185613683001	0.20118285221889626
258.6999999999903	-0.053601728832194905	0.19293990056959043
258.79999999999035	-0.0630816015275598	0.1846969489202846
258.89999999999037	-0.0725614742229247	0.17645399727097877
258.9999999999904	-0.0820413469182896	0.16821104562167294
259.0999999999904	-0.0915212196136545	0.1599680939723671
259.19999999999044	-0.10100109230901941	0.15172514232306128
259.29999999999046	-0.11048096500438431	0.14348219067375545
259.3999999999905	-0.11996083769974922	0.13523923902444962
259.4999999999905	-0.12944071039511412	0.1269962873751438
259.59999999999053	-0.13892058309047903	0.11875333572583796
259.69999999999055	-0.14840045578584393	0.11051038407653213
259.7999999999906	-0.15788032848120884	0.1022674324272263
259.8999999999906	-0.16736020117657374	0.09402448077792047
259.9999999999906	-0.17684007387193865	0.08578152912861464
260.09999999999064	-0.18631994656730355	0.07753857747930881
260.19999999999067	-0.19579981926266846	0.06929562583000298
260.2999999999907	-0.20527969195803336	0.06105267418069716
260.3999999999907	-0.21475956465339827	0.05280972253139134
260.49999999999073	-0.22423943734876317	0.044566770882085514
260.59999999999076	-0.23371931004412808	0.03632381923277969
260.6999999999908	-0.24319918273949298	0.02808086758347387
260.7999999999908	-0.25267905543485786	0.019837915934168046
260.8999999999908	-0.26215892813022273	0.011594964284862223
260.99999999999085	-0.2716388008255876	0.0033520126355564006
261.09999999999087	-0.2811186735209525	-0.004890939013749422
261.1999999999909	-0.29059854621631737	-0.013133890663055245
261.2999999999909	-0.30007841891168224	-0.021376842312361068
261.39999999999094	-0.3095582916070471	-0.02961979396166689
261.49999999999096	-0.319038164302412	-0.03786274561097271
261.599999999991	-0.3285180369977769	-0.046105697260278536
261.699999999991	-0.33799790969314175	-0.05434864890958436
261.79999999999103	-0.34747778238850663	-0.06259160055889018
261.89999999999105	-0.3569576550838715	-0.07083455220819601
261.9999999999911	-0.3664375277792364	-0.07907750385750184
262.0999999999911	-0.37591740047460126	-0.08732045550680767
262.1999999999911	-0.38539727316996614	-0.0955634071561135
262.29999999999114	-0.394877145865331	-0.10380635880541933
262.39999999999117	-0.4043570185606959	-0.11204931045472516
262.4999999999912	-0.41383689125606077	-0.12029226210403099
262.5999999999912	-0.42331676395142565	-0.12853521375333682
262.69999999999123	-0.4327966366467905	-0.13677816540264265
262.79999999999126	-0.4422765093421554	-0.14502111705194848
262.8999999999913	-0.4517563820375203	-0.1532640687012543
262.9999999999913	-0.46123625473288515	-0.16150702035056014
263.0999999999913	-0.47071612742825003	-0.16974997199986597
263.19999999999135	-0.4801960001236149	-0.1779929236491718
263.29999999999137	-0.4896758728189798	-0.18623587529847763
263.3999999999914	-0.49915574551434466	-0.19447882694778346
263.4999999999914	-0.5086356182097096	-0.20272177859708929
263.59999999999144	-0.5181154909050745	-0.21096473024639512
263.69999999999146	-0.5275953636004393	-0.21920768189570095
263.7999999999915	-0.5370752362958042	-0.22745063354500678
263.8999999999915	-0.5465551089911691	-0.2356935851943126
263.99999999999153	-0.556034981686534	-0.24393653684361843
264.09999999999155	-0.5655148543818989	-0.25217948849292426
264.1999999999916	-0.5749947270772637	-0.2604224401422301
264.2999999999916	-0.5844745997726286	-0.2686653917915359
264.3999999999916	-0.5939544724679935	-0.27690834344084175
264.49999999999164	-0.6034343451633584	-0.2851512950901476
264.59999999999167	-0.6129142178587232	-0.2933942467394534
264.6999999999917	-0.6223940905540881	-0.30163719838875924
264.7999999999917	-0.631873963249453	-0.30988015003806507
264.89999999999173	-0.6413538359448179	-0.3181231016873709
264.99999999999176	-0.6508337086401828	-0.32636605333667673
265.0999999999918	-0.6603135813355476	-0.33460900498598256
265.1999999999918	-0.6697934540309125	-0.3428519566352884
265.2999999999918	-0.6792733267262774	-0.3510949082845942
265.39999999999185	-0.6887531994216423	-0.35933785993390005
265.49999999999187	-0.6982330721170071	-0.3675808115832059
265.5999999999919	-0.707712944812372	-0.3758237632325117
265.6999999999919	-0.7171928175077369	-0.38406671488181754
265.79999999999194	-0.7266726902031018	-0.39230966653112337
265.89999999999196	-0.7361525628984666	-0.4005526181804292
265.999999999992	-0.7456324355938315	-0.40879556982973503
266.099999999992	-0.7551123082891964	-0.41703852147904086
266.19999999999203	-0.7645921809845613	-0.4252814731283467
266.29999999999205	-0.7740720536799262	-0.4335244247776525
266.3999999999921	-0.783551926375291	-0.44176737642695835
266.4999999999921	-0.7930317990706559	-0.4500103280762642
266.5999999999921	-0.8025116717660208	-0.45825327972557
266.69999999999214	-0.8119915444613857	-0.46649623137487584
266.79999999999217	-0.8214714171567505	-0.47473918302418167
266.8999999999922	-0.8309512898521154	-0.4829821346734875
266.9999999999922	-0.8404311625474803	-0.4912250863227933
267.09999999999224	-0.8499110352428452	-0.49946803797209915
267.19999999999226	-0.85939090793821	-0.5077109896214049
267.2999999999923	-0.8688707806335749	-0.5159539412707107
267.3999999999923	-0.8783506533289398	-0.5241968929200165
267.4999999999923	-0.8878305260243047	-0.5324398445693223
267.59999999999235	-0.8973103987196696	-0.540682796218628
267.6999999999924	-0.9067902714150344	-0.5489257478679338
267.7999999999924	-0.9162701441103993	-0.5571686995172396
267.8999999999924	-0.9257500168057642	-0.5654116511665453
267.99999999999244	-0.9352298895011291	-0.5736546028158511
268.09999999999246	-0.9447097621964939	-0.5818975544651569
268.1999999999925	-0.9541896348918588	-0.5901405061144627
268.2999999999925	-0.9447097621964939	-0.5983834577637684
268.39999999999253	-0.9352298895011291	-0.6066264094130742
268.49999999999255	-0.9257500168057642	-0.61486936106238
268.5999999999926	-0.9162701441103993	-0.6231123127116858
268.6999999999926	-0.9067902714150344	-0.6313552643609915
268.7999999999926	-0.8973103987196696	-0.6395982160102973
268.89999999999264	-0.8878305260243047	-0.6478411676596031
268.99999999999267	-0.8783506533289398	-0.6560841193089089
269.0999999999927	-0.8688707806335749	-0.6643270709582146
269.1999999999927	-0.85939090793821	-0.6725700226075204
269.29999999999274	-0.8499110352428452	-0.6808129742568262
269.39999999999276	-0.8404311625474803	-0.689055925906132
269.4999999999928	-0.8309512898521154	-0.6972988775554377
269.5999999999928	-0.8214714171567505	-0.7055418292047435
269.6999999999928	-0.8119915444613857	-0.7137847808540493
269.79999999999285	-0.8025116717660208	-0.7220277325033551
269.8999999999929	-0.7930317990706559	-0.7302706841526608
269.9999999999929	-0.783551926375291	-0.7385136358019666
270.0999999999929	-0.7740720536799262	-0.7467565874512724
270.19999999999294	-0.7645921809845613	-0.7549995391005782
270.29999999999296	-0.7551123082891964	-0.7632424907498839
270.399999999993	-0.7456324355938315	-0.7714854423991897
270.499999999993	-0.7361525628984666	-0.7797283940484955
270.59999999999303	-0.7266726902031018	-0.7879713456978013
270.69999999999305	-0.7171928175077369	-0.796214297347107
270.7999999999931	-0.707712944812372	-0.8044572489964128
270.8999999999931	-0.6982330721170071	-0.8127002006457186
270.9999999999931	-0.6887531994216423	-0.8209431522950243
271.09999999999314	-0.6792733267262774	-0.8291861039443301
271.19999999999317	-0.6697934540309125	-0.8374290555936359
271.2999999999932	-0.6603135813355476	-0.8456720072429417
271.3999999999932	-0.6508337086401828	-0.8539149588922474
271.49999999999324	-0.6413538359448179	-0.8621579105415532
271.59999999999326	-0.631873963249453	-0.870400862190859
271.6999999999933	-0.6223940905540881	-0.8786438138401648
271.7999999999933	-0.6129142178587232	-0.8868867654894705
271.8999999999933	-0.6034343451633584	-0.8951297171387763
271.99999999999335	-0.5939544724679935	-0.9033726687880821
272.0999999999934	-0.5844745997726286	-0.9116156204373879
272.1999999999934	-0.5749947270772637	-0.9198585720866936
272.2999999999934	-0.5655148543818989	-0.9281015237359994
272.39999999999344	-0.556034981686534	-0.9363444753853052
272.49999999999346	-0.5465551089911691	-0.944587427034611
272.5999999999935	-0.5370752362958042	-0.9528303786839167
272.6999999999935	-0.5275953636004393	-0.944587427034611
272.79999999999353	-0.5181154909050745	-0.9363444753853052
272.89999999999355	-0.5086356182097096	-0.9281015237359994
272.9999999999936	-0.4991557455143447	-0.9198585720866936
273.0999999999936	-0.48967587281897984	-0.9116156204373879
273.1999999999936	-0.48019600012361496	-0.9033726687880821
273.29999999999364	-0.4707161274282501	-0.8951297171387763
273.39999999999367	-0.4612362547328852	-0.8868867654894705
273.4999999999937	-0.45175638203752033	-0.8786438138401648
273.5999999999937	-0.44227650934215545	-0.870400862190859
273.69999999999374	-0.4327966366467906	-0.8621579105415532
273.79999999999376	-0.4233167639514257	-0.8539149588922474
273.8999999999938	-0.4138368912560608	-0.8456720072429417
273.9999999999938	-0.40435701856069595	-0.8374290555936359
274.0999999999938	-0.39487714586533107	-0.8291861039443301
274.19999999999385	-0.3853972731699662	-0.8209431522950243
274.2999999999939	-0.3759174004746013	-0.8127002006457186
274.3999999999939	-0.36643752777923644	-0.8044572489964128
274.4999999999939	-0.35695765508387156	-0.796214297347107
274.59999999999394	-0.3474777823885067	-0.7879713456978013
274.69999999999396	-0.3379979096931418	-0.7797283940484955
274.799999999994	-0.32851803699777693	-0.7714854423991897
274.899999999994	-0.31903816430241205	-0.7632424907498839
274.99999999999403	-0.3095582916070472	-0.7549995391005782
275.09999999999405	-0.3000784189116823	-0.7467565874512724
275.1999999999941	-0.2905985462163174	-0.7385136358019666
275.2999999999941	-0.28111867352095254	-0.7302706841526608
275.3999999999941	-0.27163880082558767	-0.7220277325033551
275.49999999999415	-0.2621589281302228	-0.7137847808540493
275.59999999999417	-0.2526790554348579	-0.7055418292047435
275.6999999999942	-0.243199182739493	-0.6972988775554377
275.7999999999942	-0.2337193100441281	-0.689055925906132
275.89999999999424	-0.2242394373487632	-0.6808129742568262
275.99999999999426	-0.2147595646533983	-0.6725700226075204
276.0999999999943	-0.2052796919580334	-0.6643270709582146
276.1999999999943	-0.19579981926266848	-0.6560841193089089
276.2999999999943	-0.18631994656730358	-0.6478411676596031
276.39999999999435	-0.17684007387193867	-0.6395982160102973
276.4999999999944	-0.16736020117657377	-0.6313552643609915
276.5999999999944	-0.15788032848120886	-0.6231123127116858
276.6999999999944	-0.14840045578584396	-0.61486936106238
276.79999999999444	-0.13892058309047906	-0.6066264094130742
276.89999999999446	-0.12944071039511415	-0.5983834577637684
276.9999999999945	-0.11996083769974925	-0.5901405061144627
277.0999999999945	-0.11048096500438434	-0.5818975544651569
277.19999999999453	-0.10100109230901944	-0.5736546028158511
277.29999999999455	-0.09152121961365453	-0.5654116511665453
277.3999999999946	-0.08204134691828963	-0.5571686995172396
277.4999999999946	-0.07256147422292472	-0.5489257478679338
277.5999999999946	-0.06308160152755982	-0.540682796218628
277.69999999999465	-0.05360172883219492	-0.5324398445693223
277.79999999999467	-0.04412185613683002	-0.5241968929200165
277.8999999999947	-0.03464198344146512	-0.5159539412707107
277.9999999999947	-0.025162110746100225	-0.5077109896214049
278.09999999999474	-0.015682238050735327	-0.4994680379720991
278.19999999999476	-0.006202365355370429	-0.49122508632279327
278.2999999999948	0.003277507339994469	-0.48298213467348744
278.3999999999948	0.012757380035359367	-0.4747391830241816
278.4999999999948	0.022237252730724265	-0.4664962313748758
278.59999999999485	0.03171712542608916	-0.45825327972556995
278.6999999999949	0.04119699812145406	-0.4500103280762641
278.7999999999949	0.05067687081681896	-0.4417673764269583
278.8999999999949	0.060156743512183856	-0.43352442477765246
278.99999999999494	0.06963661620754875	-0.42528147312834663
279.09999999999496	0.07911648890291365	-0.4170385214790408
279.199999999995	0.08859636159827855	-0.408795569829735
279.299999999995	0.09807623429364346	-0.40055261818042914
279.39999999999503	0.10755610698900836	-0.3923096665311233
279.49999999999505	0.11703597968437326	-0.3840667148818175
279.5999999999951	0.12651585237973817	-0.37582376323251165
279.6999999999951	0.13599572507510307	-0.3675808115832058
279.7999999999951	0.14547559777046798	-0.3593378599339
279.89999999999515	0.15495547046583288	-0.35109490828459416
279.99999999999517	0.1644353431611978	-0.34285195663528834
280.0999999999952	0.1739152158565627	-0.3346090049859825
280.1999999999952	0.1833950885519276	-0.3263660533366767
280.29999999999524	0.1928749612472925	-0.31812310168737085
280.39999999999526	0.2023548339426574	-0.309880150038065
280.4999999999953	0.2118347066380223	-0.3016371983887592
280.5999999999953	0.22131457933338722	-0.29339424673945336
280.6999999999953	0.23079445202875212	-0.2851512950901475
280.79999999999535	0.24027432472411703	-0.2769083434408417
280.8999999999954	0.24975419741948193	-0.26866539179153587
280.9999999999954	0.25923407011484684	-0.26042244014223004
281.0999999999954	0.2687139428102117	-0.2521794884929242
281.19999999999544	0.2781938155055766	-0.24393653684361838
281.29999999999546	0.28767368820094147	-0.23569358519431255
281.3999999999955	0.29715356089630635	-0.22745063354500672
281.4999999999955	0.3066334335916712	-0.2192076818957009
281.59999999999553	0.3161133062870361	-0.21096473024639506
281.69999999999555	0.325593178982401	-0.20272177859708923
281.7999999999956	0.33507305167776585	-0.1944788269477834
281.8999999999956	0.34455292437313073	-0.18623587529847757
281.9999999999956	0.3540327970684956	-0.17799292364917174
282.09999999999565	0.3635126697638605	-0.1697499719998659
282.19999999999567	0.37299254245922536	-0.16150702035056008
282.2999999999957	0.38247241515459024	-0.15326406870125425
282.3999999999957	0.3919522878499551	-0.14502111705194842
282.49999999999574	0.40143216054532	-0.1367781654026426
282.59999999999576	0.41091203324068487	-0.12853521375333676
282.6999999999958	0.42039190593604975	-0.12029226210403093
282.7999999999958	0.4298717786314146	-0.1120493104547251
282.8999999999958	0.4393516513267795	-0.10380635880541927
282.99999999999585	0.4488315240221444	-0.09556340715611344
283.0999999999959	0.45831139671750926	-0.08732045550680761
283.1999999999959	0.46779126941287413	-0.07907750385750179
283.2999999999959	0.477271142108239	-0.07083455220819596
283.39999999999594	0.4867510148036039	-0.06259160055889013
283.49999999999596	0.49623088749896876	-0.0543486489095843
283.599999999996	0.5057107601943337	-0.04610569726027848
283.699999999996	0.5151906328896986	-0.03786274561097266
283.79999999999603	0.5246705055850635	-0.029619793961666835
283.89999999999606	0.5341503782804283	-0.021376842312361012
283.9999999999961	0.5436302509757932	-0.01313389066305519
284.0999999999961	0.5531101236711581	-0.004890939013749367
284.1999999999961	0.562589996366523	0.003352012635556456
284.29999999999615	0.5720698690618878	0.011594964284862279
284.39999999999617	0.5815497417572527	0.0198379159341681
284.4999999999962	0.5910296144526176	0.028080867583473924
284.5999999999962	0.6005094871479825	0.03632381923277975
284.69999999999624	0.6099893598433473	0.04456677088208557
284.79999999999626	0.6194692325387122	0.05280972253139139
284.8999999999963	0.6289491052340771	0.061052674180697215
284.9999999999963	0.638428977929442	0.06929562583000304
285.0999999999963	0.6479088506248069	0.07753857747930887
285.19999999999635	0.6573887233201717	0.0857815291286147
285.2999999999964	0.6668685960155366	0.09402448077792053
285.3999999999964	0.6763484687109015	0.10226743242722636
285.4999999999964	0.6858283414062664	0.11051038407653219
285.59999999999644	0.6953082141016312	0.11875333572583802
285.69999999999646	0.7047880867969961	0.12699628737514385
285.7999999999965	0.714267959492361	0.13523923902444968
285.8999999999965	0.7237478321877259	0.1434821906737555
285.99999999999653	0.7332277048830907	0.15172514232306133
286.09999999999656	0.7427075775784556	0.15996809397236716
286.1999999999966	0.7521874502738205	0.168211045621673
286.2999999999966	0.7616673229691854	0.17645399727097882
286.3999999999966	0.7711471956645503	0.18469694892028465
286.49999999999665	0.7806270683599151	0.19293990056959048
286.59999999999667	0.79010694105528	0.2011828522188963
286.6999999999967	0.7995868137506449	0.20942580386820214
286.7999999999967	0.8090666864460098	0.21766875551750797
286.89999999999674	0.8185465591413746	0.2259117071668138
286.99999999999676	0.8280264318367395	0.23415465881611963
287.0999999999968	0.8375063045321044	0.24239761046542546
287.1999999999968	0.8469861772274693	0.2506405621147313
287.2999999999968	0.8564660499228341	0.2588835137640371
287.39999999999685	0.865945922618199	0.26712646541334295
287.4999999999969	0.8754257953135639	0.2753694170626488
287.5999999999969	0.8849056680089288	0.2836123687119546
287.6999999999969	0.8943855407042937	0.29185532036126044
287.79999999999694	0.9038654133996585	0.30009827201056627
287.89999999999696	0.9133452860950234	0.3083412236598721
287.999999999997	0.9228251587903883	0.31658417530917793
288.099999999997	0.9323050314857532	0.32482712695848376
288.19999999999703	0.941784904181118	0.3330700786077896
288.29999999999706	0.9512647768764829	0.3413130302570954
288.3999999999971	0.941784904181118	0.34955598190640125
288.4999999999971	0.9323050314857532	0.3577989335557071
288.5999999999971	0.9228251587903883	0.3660418852050129
288.69999999999715	0.9133452860950234	0.37428483685431874
288.79999999999717	0.9038654133996585	0.38252778850362457
288.8999999999972	0.8943855407042937	0.3907707401529304
288.9999999999972	0.8849056680089288	0.3990136918022362
289.09999999999724	0.8754257953135639	0.40725664345154206
289.19999999999726	0.865945922618199	0.4154995951008479
289.2999999999973	0.8564660499228341	0.4237425467501537
289.3999999999973	0.8469861772274693	0.43198549839945954
289.4999999999973	0.8375063045321044	0.4402284500487654
289.59999999999735	0.8280264318367395	0.4484714016980712
289.6999999999974	0.8185465591413746	0.45671435334737703
289.7999999999974	0.8090666864460098	0.46495730499668286
289.8999999999974	0.7995868137506449	0.4732002566459887
289.99999999999744	0.79010694105528	0.4814432082952945
290.09999999999746	0.7806270683599151	0.48968615994460035
290.1999999999975	0.7711471956645503	0.4979291115939062
290.2999999999975	0.7616673229691854	0.506172063243212
290.39999999999753	0.7521874502738205	0.5144150148925177
290.49999999999756	0.7427075775784556	0.5226579665418235
290.5999999999976	0.7332277048830907	0.5309009181911293
290.6999999999976	0.7237478321877259	0.539143869840435
290.7999999999976	0.714267959492361	0.5473868214897408
290.89999999999765	0.7047880867969961	0.5556297731390466
290.99999999999767	0.6953082141016312	0.5638727247883524
291.0999999999977	0.6858283414062664	0.5721156764376581
291.1999999999977	0.6763484687109015	0.5803586280869639
291.29999999999774	0.6668685960155366	0.5886015797362697
291.39999999999776	0.6573887233201717	0.5968445313855755
291.4999999999978	0.6479088506248069	0.6050874830348812
291.5999999999978	0.638428977929442	0.613330434684187
291.69999999999783	0.6289491052340771	0.6215733863334928
291.79999999999785	0.6194692325387122	0.6298163379827986
291.8999999999979	0.6099893598433473	0.6380592896321043
291.9999999999979	0.6005094871479825	0.6463022412814101
292.0999999999979	0.5910296144526176	0.6545451929307159
292.19999999999794	0.5815497417572527	0.6627881445800217
292.29999999999797	0.5720698690618878	0.6710310962293274
292.399999999998	0.562589996366523	0.6792740478786332
292.499999999998	0.5531101236711581	0.687516999527939
292.59999999999803	0.5436302509757932	0.6957599511772448
292.69999999999806	0.5341503782804283	0.7040029028265505
292.7999999999981	0.5246705055850635	0.7122458544758563
292.8999999999981	0.5151906328896986	0.7204888061251621
292.9999999999981	0.5057107601943337	0.7287317577744679
293.09999999999815	0.4962308874989688	0.7369747094237736
293.19999999999817	0.48675101480360394	0.7452176610730794
293.2999999999982	0.47727114210823907	0.7534606127223852
293.3999999999982	0.4677912694128742	0.761703564371691
293.49999999999824	0.4583113967175093	0.7699465160209967
293.59999999999826	0.44883152402214443	0.7781894676703025
293.6999999999983	0.43935165132677956	0.7864324193196083
293.7999999999983	0.4298717786314147	0.794675370968914
293.89999999999833	0.4203919059360498	0.8029183226182198
293.99999999999835	0.4109120332406849	0.8111612742675256
294.0999999999984	0.40143216054532005	0.8194042259168314
294.1999999999984	0.39195228784995517	0.8276471775661371
294.2999999999984	0.3824724151545903	0.8358901292154429
294.39999999999844	0.3729925424592254	0.8441330808647487
294.49999999999847	0.36351266976386054	0.8523760325140545
294.5999999999985	0.35403279706849566	0.8606189841633602
294.6999999999985	0.3445529243731308	0.868861935812666
294.79999999999853	0.3350730516777659	0.8771048874619718
294.89999999999856	0.32559317898240103	0.8853478391112776
294.9999999999986	0.31611330628703616	0.8935907907605833
295.0999999999986	0.3066334335916713	0.9018337424098891
295.1999999999986	0.2971535608963064	0.9100766940591949
295.29999999999865	0.2876736882009415	0.9183196457085007
295.39999999999867	0.27819381550557665	0.9265625973578064
295.4999999999987	0.26871394281021177	0.9348055490071122
295.5999999999987	0.2592340701148469	0.943048500656418
295.69999999999874	0.249754197419482	0.9512914523057238
295.79999999999876	0.24027432472411708	0.943048500656418
295.8999999999988	0.23079445202875218	0.9348055490071122
295.9999999999988	0.22131457933338727	0.9265625973578064
296.09999999999883	0.21183470663802237	0.9183196457085007
296.19999999999885	0.20235483394265746	0.9100766940591949
296.2999999999989	0.19287496124729256	0.9018337424098891
296.3999999999989	0.18339508855192765	0.8935907907605833
296.4999999999989	0.17391521585656275	0.8853478391112776
296.59999999999894	0.16443534316119784	0.8771048874619718
296.69999999999897	0.15495547046583294	0.868861935812666
296.799999999999	0.14547559777046803	0.8606189841633602
296.899999999999	0.13599572507510313	0.8523760325140545
296.99999999999903	0.12651585237973823	0.8441330808647487
297.09999999999906	0.11703597968437332	0.8358901292154429
297.1999999999991	0.10755610698900842	0.8276471775661371
297.2999999999991	0.09807623429364351	0.8194042259168314
297.3999999999991	0.0885963615982786	0.8111612742675256
297.49999999999915	0.0791164889029137	0.8029183226182198
297.59999999999917	0.0696366162075488	0.794675370968914
297.6999999999992	0.0601567435121839	0.7864324193196083
297.7999999999992	0.050676870816819	0.7781894676703025
297.89999999999924	0.0411969981214541	0.7699465160209967
297.99999999999926	0.031717125426089204	0.761703564371691
298.0999999999993	0.022237252730724306	0.7534606127223852
298.1999999999993	0.012757380035359409	0.7452176610730794
298.29999999999933	0.0032775073399945107	0.7369747094237736
298.39999999999935	-0.006202365355370387	0.7287317577744679
298.4999999999994	-0.015682238050735285	0.7204888061251621
298.5999999999994	-0.025162110746100183	0.7122458544758563
298.6999999999994	-0.03464198344146508	0.7040029028265505
298.79999999999944	-0.04412185613682998	0.6957599511772448
298.89999999999947	-0.05360172883219488	0.687516999527939
298.9999999999995	-0.06308160152755977	0.6792740478786332
299.0999999999995	-0.07256147422292467	0.6710310962293274
299.19999999999953	-0.08204134691828957	0.6627881445800217
299.29999999999956	-0.09152121961365448	0.6545451929307159
299.3999999999996	-0.10100109230901938	0.6463022412814101
299.4999999999996	-0.11048096500438429	0.6380592896321043
299.5999999999996	-0.11996083769974919	0.6298163379827986
299.69999999999965	-0.1294407103951141	0.6215733863334928
299.79999999999967	-0.138920583090479	0.613330434684187
299.8999999999997	-0.1484004557858439	0.6050874830348812
299.9999999999997	-0.1578803284812088	0.5968445313855755
300.09999999999974	-0.16736020117657371	0.5886015797362697
300.19999999999976	-0.17684007387193862	0.5803586280869639
300.2999999999998	-0.18631994656730352	0.5721156764376581
300.3999999999998	-0.19579981926266843	0.5638727247883524
300.49999999999983	-0.20527969195803333	0.5556297731390466
300.59999999999985	-0.21475956465339824	0.5473868214897408
300.6999999999999	-0.22423943734876314	0.539143869840435
300.7999999999999	-0.23371931004412805	0.5309009181911293
300.8999999999999	-0.24319918273949295	0.5226579665418235
300.99999999999994	-0.25267905543485786	0.5144150148925177
301.09999999999997	-0.26215892813022273	0.506172063243212
301.2	-0.2716388008255876	0.4979291115939061
301.3	-0.2811186735209525	0.4896861599446003
301.40000000000003	-0.29059854621631737	0.48144320829529447
301.50000000000006	-0.30007841891168224	0.47320025664598864
301.6000000000001	-0.3095582916070471	0.4649573049966828
301.7000000000001	-0.319038164302412	0.456714353347377
301.8000000000001	-0.3285180369977769	0.44847140169807115
301.90000000000015	-0.33799790969314175	0.4402284500487653
302.00000000000017	-0.34747778238850663	0.4319854983994595
302.1000000000002	-0.3569576550838715	0.42374254675015366
302.2000000000002	-0.3664375277792364	0.41549959510084783
302.30000000000024	-0.37591740047460126	0.407256643451542
302.40000000000026	-0.38539727316996614	0.39901369180223617
302.5000000000003	-0.394877145865331	0.39077074015293034
302.6000000000003	-0.4043570185606959	0.3825277885036245
302.70000000000033	-0.41383689125606077	0.3742848368543187
302.80000000000035	-0.42331676395142565	0.36604188520501285
302.9000000000004	-0.4327966366467905	0.357798933555707
303.0000000000004	-0.4422765093421554	0.3495559819064012
303.1000000000004	-0.4517563820375203	0.34131303025709536
303.20000000000044	-0.46123625473288515	0.33307007860778953
303.30000000000047	-0.47071612742825003	0.3248271269584837
303.4000000000005	-0.4801960001236149	0.3165841753091779
303.5000000000005	-0.4896758728189798	0.30834122365987204
303.60000000000053	-0.49915574551434466	0.3000982720105662
303.70000000000056	-0.5086356182097096	0.2918553203612604
303.8000000000006	-0.5181154909050745	0.28361236871195455
303.9000000000006	-0.5275953636004393	0.2753694170626487
304.0000000000006	-0.5370752362958042	0.2671264654133429
304.10000000000065	-0.5465551089911691	0.25888351376403707
304.20000000000067	-0.556034981686534	0.25064056211473124
304.3000000000007	-0.5655148543818989	0.2423976104654254
304.4000000000007	-0.5749947270772637	0.23415465881611958
304.50000000000074	-0.5844745997726286	0.22591170716681375
304.60000000000076	-0.5939544724679935	0.21766875551750792
304.7000000000008	-0.6034343451633584	0.2094258038682021
304.8000000000008	-0.6129142178587232	0.20118285221889626
304.90000000000083	-0.6223940905540881	0.19293990056959043
305.00000000000085	-0.631873963249453	0.1846969489202846
305.1000000000009	-0.6413538359448179	0.17645399727097877
305.2000000000009	-0.6508337086401828	0.16821104562167294
305.3000000000009	-0.6603135813355476	0.1599680939723671
305.40000000000094	-0.6697934540309125	0.15172514232306128
305.50000000000097	-0.6792733267262774	0.14348219067375545
305.600000000001	-0.6887531994216423	0.13523923902444962
305.700000000001	-0.6982330721170071	0.1269962873751438
305.80000000000103	-0.707712944812372	0.11875333572583796
305.90000000000106	-0.7171928175077369	0.11051038407653213
306.0000000000011	-0.7266726902031018	0.1022674324272263
306.1000000000011	-0.7361525628984666	0.09402448077792047
306.2000000000011	-0.7456324355938315	0.08578152912861464
306.30000000000115	-0.7551123082891964	0.07753857747930881
306.40000000000117	-0.7645921809845613	0.06929562583000298
306.5000000000012	-0.7740720536799262	0.06105267418069716
306.6000000000012	-0.783551926375291	0.05280972253139134
306.70000000000124	-0.7930317990706559	0.044566770882085514
306.80000000000126	-0.8025116717660208	0.03632381923277969
306.9000000000013	-0.8119915444613857	0.02808086758347387
307.0000000000013	-0.8214714171567505	0.019837915934168046
307.10000000000133	-0.8309512898521154	0.011594964284862223
307.20000000000135	-0.8404311625474803	0.0033520126355564006
307.3000000000014	-0.8499110352428452	-0.004890939013749422
307.4000000000014	-0.85939090793821	-0.013133890663055245
307.5000000000014	-0.8688707806335749	-0.021376842312361068
307.60000000000144	-0.8783506533289398	-0.02961979396166689
307.70000000000147	-0.8878305260243047	-0.03786274561097271
307.8000000000015	-0.8973103987196696	-0.046105697260278536
307.9000000000015	-0.9067902714150344	-0.05434864890958436
308.00000000000153	-0.9162701441103993	-0.06259160055889018
308.10000000000156	-0.9257500168057642	-0.07083455220819601
308.2000000000016	-0.9352298895011291	-0.07907750385750184
308.3000000000016	-0.9447097621964939	-0.08732045550680767
308.4000000000016	-0.9541896348918588	-0.0955634071561135
308.50000000000165	-0.9447097621964939	-0.10380635880541933
308.60000000000167	-0.9352298895011291	-0.11204931045472516
308.7000000000017	-0.9257500168057642	-0.12029226210403099
308.8000000000017	-0.9162701441103993	-0.12853521375333682
308.90000000000174	-0.9067902714150344	-0.13677816540264265
309.00000000000176	-0.8973103987196696	-0.14502111705194848
309.1000000000018	-0.8878305260243047	-0.1532640687012543
309.2000000000018	-0.8783506533289398	-0.16150702035056014
309.30000000000183	-0.8688707806335749	-0.16974997199986597
309.40000000000185	-0.85939090793821	-0.1779929236491718
309.5000000000019	-0.8499110352428452	-0.18623587529847763
309.6000000000019	-0.8404311625474803	-0.19447882694778346
309.7000000000019	-0.8309512898521154	-0.20272177859708929
309.80000000000194	-0.8214714171567505	-0.21096473024639512
309.90000000000197	-0.8119915444613857	-0.21920768189570095
310.000000000002	-0.8025116717660208	-0.22745063354500678
310.100000000002	-0.7930317990706559	-0.2356935851943126
310.20000000000203	-0.783551926375291	-0.24393653684361843
310.30000000000206	-0.7740720536799262	-0.25217948849292426
310.4000000000021	-0.7645921809845613	-0.2604224401422301
310.5000000000021	-0.7551123082891964	-0.2686653917915359
310.6000000000021	-0.7456324355938315	-0.27690834344084175
310.70000000000215	-0.7361525628984666	-0.2851512950901476
310.80000000000217	-0.7266726902031018	-0.2933942467394534
310.9000000000022	-0.7171928175077369	-0.30163719838875924
311.0000000000022	-0.707712944812372	-0.30988015003806507
311.10000000000224	-0.6982330721170071	-0.3181231016873709
311.20000000000226	-0.6887531994216423	-0.32636605333667673
311.3000000000023	-0.6792733267262774	-0.33460900498598256
311.4000000000023	-0.6697934540309125	-0.3428519566352884
311.50000000000233	-0.6603135813355476	-0.3510949082845942
311.60000000000235	-0.6508337086401828	-0.35933785993390005
311.7000000000024	-0.6413538359448179	-0.3675808115832059
311.8000000000024	-0.631873963249453	-0.3758237632325117
311.9000000000024	-0.6223940905540881	-0.38406671488181754
312.00000000000244	-0.6129142178587232	-0.39230966653112337
312.10000000000247	-0.6034343451633584	-0.4005526181804292
312.2000000000025	-0.5939544724679935	-0.40879556982973503
312.3000000000025	-0.5844745997726286	-0.41703852147904086
312.40000000000254	-0.5749947270772637	-0.4252814731283467
312.50000000000256	-0.5655148543818989	-0.4335244247776525
312.6000000000026	-0.556034981686534	-0.44176737642695835
312.7000000000026	-0.5465551089911691	-0.4500103280762642
312.8000000000026	-0.5370752362958042	-0.45825327972557
312.90000000000265	-0.5275953636004393	-0.46649623137487584
313.0000000000027	-0.5181154909050745	-0.47473918302418167
313.1000000000027	-0.5086356182097096	-0.4829821346734875
313.2000000000027	-0.4991557455143447	-0.4912250863227933
313.30000000000274	-0.48967587281897984	-0.49946803797209915
313.40000000000276	-0.48019600012361496	-0.5077109896214049
313.5000000000028	-0.4707161274282501	-0.5159539412707107
313.6000000000028	-0.4612362547328852	-0.5241968929200165
313.70000000000283	-0.45175638203752033	-0.5324398445693223
313.80000000000285	-0.44227650934215545	-0.540682796218628
313.9000000000029	-0.4327966366467906	-0.5489257478679338
314.0000000000029	-0.4233167639514257	-0.5571686995172396
314.1000000000029	-0.4138368912560608	-0.5654116511665453
314.20000000000294	-0.40435701856069595	-0.5736546028158511
314.30000000000297	-0.39487714586533107	-0.5818975544651569
314.400000000003	-0.3853972731699662	-0.5901405061144627
314.500000000003	-0.3759174004746013	-0.5983834577637684
314.60000000000304	-0.36643752777923644	-0.6066264094130742
314.70000000000306	-0.35695765508387156	-0.61486936106238
314.8000000000031	-0.3474777823885067	-0.6231123127116858
314.9000000000031	-0.3379979096931418	-0.6313552643609915
315.0000000000031	-0.32851803699777693	-0.6395982160102973
315.10000000000315	-0.31903816430241205	-0.6478411676596031
315.2000000000032	-0.3095582916070472	-0.6560841193089089
315.3000000000032	-0.3000784189116823	-0.6643270709582146
315.4000000000032	-0.2905985462163174	-0.6725700226075204
315.50000000000324	-0.28111867352095254	-0.6808129742568262
315.60000000000326	-0.27163880082558767	-0.689055925906132
315.7000000000033	-0.2621589281302228	-0.6972988775554377
315.8000000000033	-0.2526790554348579	-0.7055418292047435
315.90000000000333	-0.243199182739493	-0.7137847808540493
316.00000000000335	-0.2337193100441281	-0.7220277325033551
316.1000000000034	-0.2242394373487632	-0.7302706841526608
316.2000000000034	-0.2147595646533983	-0.7385136358019666
316.3000000000034	-0.2052796919580334	-0.7467565874512724
316.40000000000344	-0.19579981926266848	-0.7549995391005782
316.50000000000347	-0.18631994656730358	-0.7632424907498839
316.6000000000035	-0.17684007387193867	-0.7714854423991897
316.7000000000035	-0.16736020117657377	-0.7797283940484955
316.80000000000354	-0.15788032848120886	-0.7879713456978013
316.90000000000356	-0.14840045578584396	-0.796214297347107
317.0000000000036	-0.13892058309047906	-0.8044572489964128
317.1000000000036	-0.12944071039511415	-0.8127002006457186
317.2000000000036	-0.11996083769974925	-0.8209431522950243
317.30000000000365	-0.11048096500438434	-0.8291861039443301
317.4000000000037	-0.10100109230901944	-0.8374290555936359
317.5000000000037	-0.09152121961365453	-0.8456720072429417
317.6000000000037	-0.08204134691828963	-0.8539149588922474
317.70000000000374	-0.07256147422292472	-0.8621579105415532
317.80000000000376	-0.06308160152755982	-0.870400862190859
317.9000000000038	-0.05360172883219492	-0.8786438138401648
318.0000000000038	-0.04412185613683002	-0.8868867654894705
318.10000000000383	-0.03464198344146512	-0.8951297171387763
318.20000000000385	-0.025162110746100225	-0.9033726687880821
318.3000000000039	-0.015682238050735327	-0.9116156204373879
318.4000000000039	-0.006202365355370429	-0.9198585720866936
318.5000000000039	0.003277507339994469	-0.9281015237359994
318.60000000000394	0.012757380035359367	-0.9363444753853052
318.70000000000397	0.022237252730724265	-0.944587427034611
318.800000000004	0.03171712542608916	-0.9528303786839167
318.900000000004	0.04119699812145406	-0.944587427034611
319.00000000000404	0.05067687081681896	-0.9363444753853052
319.10000000000406	0.060156743512183856	-0.9281015237359994
319.2000000000041	0.06963661620754875	-0.9198585720866936
319.3000000000041	0.07911648890291365	-0.9116156204373879
319.4000000000041	0.08859636159827855	-0.9033726687880821
319.50000000000415	0.09807623429364346	-0.8951297171387763
319.6000000000042	0.10755610698900836	-0.8868867654894705
319.7000000000042	0.11703597968437326	-0.8786438138401648
319.8000000000042	0.12651585237973817	-0.870400862190859
319.90000000000424	0.13599572507510307	-0.8621579105415532
320.00000000000426	0.14547559777046798	-0.8539149588922474
320.1000000000043	0.15495547046583288	-0.8456720072429417
320.2000000000043	0.1644353431611978	-0.8374290555936359
320.30000000000433	0.1739152158565627	-0.8291861039443301
320.40000000000435	0.1833950885519276	-0.8209431522950243
320.5000000000044	0.1928749612472925	-0.8127002006457186
320.6000000000044	0.2023548339426574	-0.8044572489964128
320.7000000000044	0.2118347066380223	-0.796214297347107
320.80000000000445	0.22131457933338722	-0.7879713456978013
320.90000000000447	0.23079445202875212	-0.7797283940484955
321.0000000000045	0.24027432472411703	-0.7714854423991897
321.1000000000045	0.24975419741948193	-0.7632424907498839
321.20000000000454	0.25923407011484684	-0.7549995391005782
321.30000000000456	0.2687139428102117	-0.7467565874512724
321.4000000000046	0.2781938155055766	-0.7385136358019666
321.5000000000046	0.28767368820094147	-0.7302706841526608
321.6000000000046	0.29715356089630635	-0.7220277325033551
321.70000000000465	0.3066334335916712	-0.7137847808540493
321.8000000000047	0.3161133062870361	-0.7055418292047435
321.9000000000047	0.325593178982401	-0.6972988775554377
322.0000000000047	0.33507305167776585	-0.689055925906132
322.10000000000474	0.34455292437313073	-0.6808129742568262
322.20000000000476	0.3540327970684956	-0.6725700226075204
322.3000000000048	0.3635126697638605	-0.6643270709582146
322.4000000000048	0.37299254245922536	-0.6560841193089089
322.50000000000483	0.38247241515459024	-0.6478411676596031
322.60000000000485	0.3919522878499551	-0.6395982160102973
322.7000000000049	0.40143216054532	-0.6313552643609915
322.8000000000049	0.41091203324068487	-0.6231123127116858
322.9000000000049	0.42039190593604975	-0.61486936106238
323.00000000000495	0.4298717786314146	-0.6066264094130742
323.10000000000497	0.4393516513267795	-0.5983834577637684
323.200000000005	0.4488315240221444	-0.5901405061144627
323.300000000005	0.45831139671750926	-0.5818975544651569
323.40000000000504	0.46779126941287413	-0.5736546028158511
323.50000000000506	0.477271142108239	-0.5654116511665453
323.6000000000051	0.4867510148036039	-0.5571686995172396
323.7000000000051	0.49623088749896876	-0.5489257478679338
323.8000000000051	0.5057107601943337	-0.540682796218628
323.90000000000515	0.5151906328896986	-0.5324398445693223
324.0000000000052	0.5246705055850635	-0.5241968929200165
324.1000000000052	0.5341503782804283	-0.5159539412707107
324.2000000000052	0.5436302509757932	-0.5077109896214049
324.30000000000524	0.5531101236711581	-0.4994680379720991
324.40000000000526	0.562589996366523	-0.49122508632279327
324.5000000000053	0.5720698690618878	-0.48298213467348744
324.6000000000053	0.5815497417572527	-0.4747391830241816
324.70000000000533	0.5910296144526176	-0.4664962313748758
324.80000000000535	0.6005094871479825	-0.45825327972556995
324.9000000000054	0.6099893598433473	-0.4500103280762641
325.0000000000054	0.6194692325387122	-0.4417673764269583
325.1000000000054	0.6289491052340771	-0.43352442477765246
325.20000000000545	0.638428977929442	-0.42528147312834663
325.30000000000547	0.6479088506248069	-0.4170385214790408
325.4000000000055	0.6573887233201717	-0.408795569829735
325.5000000000055	0.6668685960155366	-0.40055261818042914
325.60000000000554	0.6763484687109015	-0.3923096665311233
325.70000000000556	0.6858283414062664	-0.3840667148818175
325.8000000000056	0.6953082141016312	-0.37582376323251165
325.9000000000056	0.7047880867969961	-0.3675808115832058
326.0000000000056	0.714267959492361	-0.3593378599339
326.10000000000565	0.7237478321877259	-0.35109490828459416
326.2000000000057	0.7332277048830907	-0.34285195663528834
326.3000000000057	0.7427075775784556	-0.3346090049859825
326.4000000000057	0.7521874502738205	-0.3263660533366767
326.50000000000574	0.7616673229691854	-0.31812310168737085
326.60000000000576	0.7711471956645503	-0.309880150038065
326.7000000000058	0.7806270683599151	-0.3016371983887592
326.8000000000058	0.79010694105528	-0.29339424673945336
326.90000000000583	0.7995868137506449	-0.2851512950901475
327.00000000000585	0.8090666864460098	-0.2769083434408417
327.1000000000059	0.8185465591413746	-0.26866539179153587
327.2000000000059	0.8280264318367395	-0.26042244014223004
327.3000000000059	0.8375063045321044	-0.2521794884929242
327.40000000000595	0.8469861772274693	-0.24393653684361838
327.50000000000597	0.8564660499228341	-0.23569358519431255
327.600000000006	0.865945922618199	-0.22745063354500672
327.700000000006	0.8754257953135639	-0.2192076818957009
327.80000000000604	0.8849056680089288	-0.21096473024639506
327.90000000000606	0.8943855407042937	-0.20272177859708923
328.0000000000061	0.9038654133996585	-0.1944788269477834
328.1000000000061	0.9133452860950234	-0.18623587529847757
328.2000000000061	0.9228251587903883	-0.17799292364917174
328.30000000000615	0.9323050314857532	-0.1697499719998659
328.4000000000062	0.941784904181118	-0.16150702035056008
328.5000000000062	0.9512647768764829	-0.15326406870125425
328.6000000000062	0.941784904181118	-0.14502111705194842
328.70000000000624	0.9323050314857532	-0.1367781654026426
328.80000000000626	0.9228251587903883	-0.12853521375333676
328.9000000000063	0.9133452860950234	-0.12029226210403093
329.0000000000063	0.9038654133996585	-0.1120493104547251
329.10000000000633	0.8943855407042937	-0.10380635880541927
329.20000000000636	0.8849056680089288	-0.09556340715611344
329.3000000000064	0.8754257953135639	-0.08732045550680761
329.4000000000064	0.865945922618199	-0.07907750385750179
329.5000000000064	0.8564660499228341	-0.07083455220819596
329.60000000000645	0.8469861772274693	-0.06259160055889013
329.70000000000647	0.8375063045321044	-0.0543486489095843
329.8000000000065	0.8280264318367395	-0.04610569726027848
329.9000000000065	0.8185465591413746	-0.03786274561097266
330.00000000000654	0.8090666864460098	-0.029619793961666835
330.10000000000656	0.7995868137506449	-0.021376842312361012
330.2000000000066	0.79010694105528	-0.01313389066305519
330.3000000000066	0.7806270683599151	-0.004890939013749367
330.4000000000066	0.7711471956645503	0.003352012635556456
330.50000000000665	0.7616673229691854	0.011594964284862279
330.6000000000067	0.7521874502738205	0.0198379159341681
330.7000000000067	0.7427075775784556	0.028080867583473924
330.8000000000067	0.7332277048830907	0.03632381923277975
330.90000000000674	0.7237478321877259	0.04456677088208557
331.00000000000676	0.714267959492361	0.05280972253139139
331.1000000000068	0.7047880867969961	0.061052674180697215
331.2000000000068	0.6953082141016312	0.06929562583000304
331.30000000000683	0.6858283414062664	0.07753857747930887
331.40000000000686	0.6763484687109015	0.0857815291286147
331.5000000000069	0.6668685960155366	0.09402448077792053
331.6000000000069	0.6573887233201717	0.10226743242722636
331.7000000000069	0.6479088506248069	0.11051038407653219
331.80000000000695	0.638428977929442	0.11875333572583802
331.90000000000697	0.6289491052340771	0.12699628737514385
332.000000000007	0.6194692325387122	0.13523923902444968
332.100000000007	0.6099893598433473	0.1434821906737555
332.20000000000704	0.6005094871479825	0.15172514232306133
332.30000000000706	0.5910296144526176	0.15996809397236716
332.4000000000071	0.5815497417572527	0.168211045621673
332.5000000000071	0.5720698690618878	0.17645399727097882
332.6000000000071	0.562589996366523	0.18469694892028465
332.70000000000715	0.5531101236711581	0.19293990056959048
332.8000000000072	0.5436302509757932	0.2011828522188963
332.9000000000072	0.5341503782804283	0.20942580386820214
333.0000000000072	0.5246705055850635	0.21766875551750797
333.10000000000724	0.5151906328896986	0.2259117071668138
333.20000000000726	0.5057107601943337	0.23415465881611963
333.3000000000073	0.4962308874989688	0.24239761046542546
333.4000000000073	0.48675101480360394	0.2506405621147313
333.50000000000733	0.47727114210823907	0.2588835137640371
333.60000000000736	0.4677912694128742	0.26712646541334295
333.7000000000074	0.4583113967175093	0.2753694170626488
333.8000000000074	0.44883152402214443	0.2836123687119546
333.9000000000074	0.43935165132677956	0.29185532036126044
334.00000000000745	0.4298717786314147	0.30009827201056627
334.10000000000747	0.4203919059360498	0.3083412236598721
334.2000000000075	0.4109120332406849	0.31658417530917793
334.3000000000075	0.40143216054532005	0.32482712695848376
334.40000000000754	0.39195228784995517	0.3330700786077896
334.50000000000756	0.3824724151545903	0.3413130302570954
334.6000000000076	0.3729925424592254	0.34955598190640125
334.7000000000076	0.36351266976386054	0.3577989335557071
334.8000000000076	0.35403279706849566	0.3660418852050129
334.90000000000765	0.3445529243731308	0.37428483685431874
335.0000000000077	0.3350730516777659	0.38252778850362457
335.1000000000077	0.32559317898240103	0.3907707401529304
335.2000000000077	0.31611330628703616	0.3990136918022362
335.30000000000774	0.3066334335916713	0.40725664345154206
335.40000000000776	0.2971535608963064	0.4154995951008479
335.5000000000078	0.2876736882009415	0.4237425467501537
335.6000000000078	0.27819381550557665	0.43198549839945954
335.70000000000783	0.26871394281021177	0.4402284500487654
335.80000000000786	0.2592340701148469	0.4484714016980712
335.9000000000079	0.249754197419482	0.45671435334737703
336.0000000000079	0.24027432472411708	0.46495730499668286
336.1000000000079	0.23079445202875218	0.4732002566459887
336.20000000000795	0.22131457933338727	0.4814432082952945
336.30000000000797	0.21183470663802237	0.48968615994460035
336.400000000008	0.20235483394265746	0.4979291115939062
336.500000000008	0.19287496124729256	0.506172063243212
336.60000000000804	0.18339508855192765	0.5144150148925177
336.70000000000806	0.17391521585656275	0.5226579665418235
336.8000000000081	0.16443534316119784	0.5309009181911293
336.9000000000081	0.15495547046583294	0.539143869840435
337.00000000000813	0.14547559777046803	0.5473868214897408
337.10000000000815	0.13599572507510313	0.5556297731390466
337.2000000000082	0.12651585237973823	0.5638727247883524
337.3000000000082	0.11703597968437332	0.5721156764376581
337.4000000000082	0.10755610698900842	0.5803586280869639
337.50000000000824	0.09807623429364351	0.5886015797362697
337.60000000000827	0.0885963615982786	0.5968445313855755
337.7000000000083	0.0791164889029137	0.6050874830348812
337.8000000000083	0.0696366162075488	0.613330434684187
337.90000000000833	0.0601567435121839	0.6215733863334928
338.00000000000836	0.050676870816819	0.6298163379827986
338.1000000000084	0.0411969981214541	0.6380592896321043
338.2000000000084	0.031717125426089204	0.6463022412814101
338.3000000000084	0.022237252730724306	0.6545451929307159
338.40000000000845	0.012757380035359409	0.6627881445800217
338.50000000000847	0.0032775073399945107	0.6710310962293274
338.6000000000085	-0.006202365355370387	0.6792740478786332
338.7000000000085	-0.015682238050735285	0.687516999527939
338.80000000000854	-0.025162110746100183	0.6957599511772448
338.90000000000856	-0.03464198344146508	0.7040029028265505
339.0000000000086	-0.04412185613682998	0.7122458544758563
339.1000000000086	-0.05360172883219488	0.7204888061251621
339.20000000000863	-0.06308160152755977	0.7287317577744679
339.30000000000865	-0.07256147422292467	0.7369747094237736
339.4000000000087	-0.08204134691828957	0.7452176610730794
339.5000000000087	-0.09152121961365448	0.7534606127223852
339.6000000000087	-0.10100109230901938	0.761703564371691
339.70000000000874	-0.11048096500438429	0.7699465160209967
339.80000000000877	-0.11996083769974919	0.7781894676703025
339.9000000000088	-0.1294407103951141	0.7864324193196083
340.0000000000088	-0.138920583090479	0.794675370968914
340.10000000000883	-0.1484004557858439	0.8029183226182198
340.20000000000886	-0.1578803284812088	0.8111612742675256
340.3000000000089	-0.16736020117657371	0.8194042259168314
340.4000000000089	-0.17684007387193862	0.8276471775661371
340.5000000000089	-0.18631994656730352	0.8358901292154429
340.60000000000895	-0.19579981926266843	0.8441330808647487
340.70000000000897	-0.20527969195803333	0.8523760325140545
340.800000000009	-0.21475956465339824	0.8606189841633602
340.900000000009	-0.22423943734876314	0.868861935812666
341.00000000000904	-0.23371931004412805	0.8771048874619718
341.10000000000906	-0.24319918273949295	0.8853478391112776
341.2000000000091	-0.25267905543485786	0.8935907907605833
341.3000000000091	-0.26215892813022273	0.9018337424098891
341.40000000000913	-0.2716388008255876	0.9100766940591949
341.50000000000915	-0.2811186735209525	0.9183196457085007
341.6000000000092	-0.29059854621631737	0.9265625973578064
341.7000000000092	-0.30007841891168224	0.9348055490071122
341.8000000000092	-0.3095582916070471	0.943048500656418
341.90000000000924	-0.319038164302412	0.9512914523057238
342.00000000000927	-0.3285180369977769	0.943048500656418
342.1000000000093	-0.33799790969314175	0.9348055490071122
342.2000000000093	-0.34747778238850663	0.9265625973578064
342.30000000000933	-0.3569576550838715	0.9183196457085007
342.40000000000936	-0.3664375277792364	0.9100766940591949
342.5000000000094	-0.37591740047460126	0.9018337424098891
342.6000000000094	-0.38539727316996614	0.8935907907605833
342.7000000000094	-0.394877145865331	0.8853478391112776
342.80000000000945	-0.4043570185606959	0.8771048874619718
342.90000000000947	-0.41383689125606077	0.868861935812666
343.0000000000095	-0.42331676395142565	0.8606189841633602
343.1000000000095	-0.4327966366467905	0.8523760325140545
343.20000000000954	-0.4422765093421554	0.8441330808647487
343.30000000000956	-0.4517563820375203	0.8358901292154429
343.4000000000096	-0.46123625473288515	0.8276471775661371
343.5000000000096	-0.47071612742825003	0.8194042259168314
343.60000000000963	-0.4801960001236149	0.8111612742675256
343.70000000000965	-0.4896758728189798	0.8029183226182198
343.8000000000097	-0.49915574551434466	0.794675370968914
343.9000000000097	-0.5086356182097096	0.7864324193196083
344.0000000000097	-0.5181154909050745	0.7781894676703025
344.10000000000974	-0.5275953636004393	0.7699465160209967
344.20000000000977	-0.5370752362958042	0.761703564371691
344.3000000000098	-0.5465551089911691	0.7534606127223852
344.4000000000098	-0.556034981686534	0.7452176610730794
344.50000000000983	-0.5655148543818989	0.7369747094237736
344.60000000000986	-0.5749947270772637	0.7287317577744679
344.7000000000099	-0.5844745997726286	0.7204888061251621
344.8000000000099	-0.5939544724679935	0.7122458544758563
344.9000000000099	-0.6034343451633584	0.7040029028265505
345.00000000000995	-0.6129142178587232	0.6957599511772448
345.10000000000997	-0.6223940905540881	0.687516999527939
345.20000000001	-0.631873963249453	0.6792740478786332
345.30000000001	-0.6413538359448179	0.6710310962293274
345.40000000001004	-0.6508337086401828	0.6627881445800217
345.50000000001006	-0.6603135813355476	0.6545451929307159
345.6000000000101	-0.6697934540309125	0.6463022412814101
345.7000000000101	-0.6792733267262774	0.6380592896321043
345.80000000001013	-0.6887531994216423	0.6298163379827986
345.90000000001015	-0.6982330721170071	0.6215733863334928
346.0000000000102	-0.707712944812372	0.613330434684187
346.1000000000102	-0.7171928175077369	0.6050874830348812
346.2000000000102	-0.7266726902031018	0.5968445313855755
346.30000000001024	-0.7361525628984666	0.5886015797362697
346.40000000001027	-0.7456324355938315	0.5803586280869639
346.5000000000103	-0.7551123082891964	0.5721156764376581
346.6000000000103	-0.7645921809845613	0.5638727247883524
346.70000000001033	-0.7740720536799262	0.5556297731390466
346.80000000001036	-0.783551926375291	0.5473868214897408
346.9000000000104	-0.7930317990706559	0.539143869840435
347.0000000000104	-0.8025116717660208	0.5309009181911293
347.1000000000104	-0.8119915444613857	0.5226579665418235
347.20000000001045	-0.8214714171567505	0.5144150148925177
347.30000000001047	-0.8309512898521154	0.506172063243212
347.4000000000105	-0.8404311625474803	0.4979291115939061
347.5000000000105	-0.8499110352428452	0.4896861599446003
347.60000000001054	-0.85939090793821	0.48144320829529447
347.70000000001056	-0.8688707806335749	0.47320025664598864
347.8000000000106	-0.8783506533289398	0.4649573049966828
347.9000000000106	-0.8878305260243047	0.456714353347377
348.00000000001063	-0.8973103987196696	0.44847140169807115
348.10000000001065	-0.9067902714150344	0.4402284500487653
348.2000000000107	-0.9162701441103993	0.4319854983994595
348.3000000000107	-0.9257500168057642	0.42374254675015366
348.4000000000107	-0.9352298895011291	0.41549959510084783
348.50000000001074	-0.9447097621964939	0.407256643451542
348.60000000001077	-0.9541896348918588	0.39901369180223617
348.7000000000108	-0.9447097621964939	0.39077074015293034
348.8000000000108	-0.9352298895011291	0.3825277885036245
348.90000000001083	-0.9257500168057642	0.3742848368543187
349.00000000001086	-0.9162701441103993	0.36604188520501285
349.1000000000109	-0.9067902714150344	0.357798933555707
349.2000000000109	-0.8973103987196696	0.3495559819064012
349.3000000000109	-0.8878305260243047	0.34131303025709536
349.40000000001095	-0.8783506533289398	0.33307007860778953
349.50000000001097	-0.8688707806335749	0.3248271269584837
349.600000000011	-0.85939090793821	0.3165841753091779
349.700000000011	-0.8499110352428452	0.30834122365987204
349.80000000001104	-0.8404311625474803	0.3000982720105662
349.90000000001106	-0.8309512898521154	0.2918553203612604
350.0000000000111	-0.8214714171567505	0.28361236871195455
350.1000000000111	-0.8119915444613857	0.2753694170626487
350.20000000001113	-0.8025116717660208	0.2671264654133429
350.30000000001115	-0.7930317990706559	0.25888351376403707
350.4000000000112	-0.783551926375291	0.25064056211473124
350.5000000000112	-0.7740720536799262	0.2423976104654254
350.6000000000112	-0.7645921809845613	0.23415465881611958
350.70000000001124	-0.7551123082891964	0.22591170716681375
350.80000000001127	-0.7456324355938315	0.21766875551750792
350.9000000000113	-0.7361525628984666	0.2094258038682021
351.0000000000113	-0.7266726902031018	0.20118285221889626
351.10000000001133	-0.7171928175077369	0.19293990056959043
351.20000000001136	-0.707712944812372	0.1846969489202846
351.3000000000114	-0.6982330721170071	0.17645399727097877
351.4000000000114	-0.6887531994216423	0.16821104562167294
351.5000000000114	-0.6792733267262774	0.1599680939723671
351.60000000001145	-0.6697934540309125	0.15172514232306128
351.70000000001147	-0.6603135813355476	0.14348219067375545
351.8000000000115	-0.6508337086401828	0.13523923902444962
351.9000000000115	-0.6413538359448179	0.1269962873751438
352.00000000001154	-0.631873963249453	0.11875333572583796
352.10000000001156	-0.6223940905540881	0.11051038407653213
352.2000000000116	-0.6129142178587232	0.1022674324272263
352.3000000000116	-0.6034343451633584	0.09402448077792047
352.40000000001163	-0.5939544724679935	0.08578152912861464
352.50000000001165	-0.5844745997726286	0.07753857747930881
352.6000000000117	-0.5749947270772637	0.06929562583000298
352.7000000000117	-0.5655148543818989	0.06105267418069716
352.8000000000117	-0.556034981686534	0.05280972253139134
352.90000000001174	-0.5465551089911691	0.044566770882085514
353.00000000001177	-0.5370752362958042	0.03632381923277969
353.1000000000118	-0.5275953636004393	0.02808086758347387
353.2000000000118	-0.5181154909050745	0.019837915934168046
353.30000000001183	-0.5086356182097096	0.011594964284862223
353.40000000001186	-0.4991557455143447	0.0033520126355564006
353.5000000000119	-0.48967587281897984	-0.004890939013749422
353.6000000000119	-0.48019600012361496	-0.013133890663055245
353.7000000000119	-0.4707161274282501	-0.021376842312361068
353.80000000001195	-0.4612362547328852	-0.02961979396166689
353.90000000001197	-0.45175638203752033	-0.03786274561097271
354.000000000012	-0.44227650934215545	-0.046105697260278536
354.100000000012	-0.4327966366467906	-0.05434864890958436
354.20000000001204	-0.4233167639514257	-0.06259160055889018
354.30000000001206	-0.4138368912560608	-0.07083455220819601
354.4000000000121	-0.40435701856069595	-0.07907750385750184
354.5000000000121	-0.39487714586533107	-0.08732045550680767
354.60000000001213	-0.3853972731699662	-0.0955634071561135
354.70000000001215	-0.3759174004746013	-0.10380635880541933
354.8000000000122	-0.36643752777923644	-0.11204931045472516
354.9000000000122	-0.35695765508387156	-0.12029226210403099
355.0000000000122	-0.3474777823885067	-0.12853521375333682
355.10000000001224	-0.3379979096931418	-0.13677816540264265
355.20000000001227	-0.32851803699777693	-0.14502111705194848
355.3000000000123	-0.31903816430241205	-0.1532640687012543
355.4000000000123	-0.3095582916070472	-0.16150702035056014
355.50000000001234	-0.3000784189116823	-0.16974997199986597
355.60000000001236	-0.2905985462163174	-0.1779929236491718
355.7000000000124	-0.28111867352095254	-0.18623587529847763
355.8000000000124	-0.27163880082558767	-0.19447882694778346
355.9000000000124	-0.2621589281302228	-0.20272177859708929
356.00000000001245	-0.2526790554348579	-0.21096473024639512
356.10000000001247	-0.243199182739493	-0.21920768189570095
356.2000000000125	-0.2337193100441281	-0.22745063354500678
356.3000000000125	-0.2242394373487632	-0.2356935851943126
356.40000000001254	-0.2147595646533983	-0.24393653684361843
356.50000000001256	-0.2052796919580334	-0.25217948849292426
356.6000000000126	-0.19579981926266848	-0.2604224401422301
356.7000000000126	-0.18631994656730358	-0.2686653917915359
356.80000000001263	-0.17684007387193867	-0.27690834344084175
356.90000000001265	-0.16736020117657377	-0.2851512950901476
357.0000000000127	-0.15788032848120886	-0.2933942467394534
357.1000000000127	-0.14840045578584396	-0.30163719838875924
357.2000000000127	-0.13892058309047906	-0.30988015003806507
357.30000000001274	-0.12944071039511415	-0.3181231016873709
357.40000000001277	-0.11996083769974925	-0.32636605333667673
357.5000000000128	-0.11048096500438434	-0.33460900498598256
357.6000000000128	-0.10100109230901944	-0.3428519566352884
357.70000000001284	-0.09152121961365453	-0.3510949082845942
357.80000000001286	-0.08204134691828963	-0.35933785993390005
357.9000000000129	-0.07256147422292472	-0.3675808115832059
358.0000000000129	-0.06308160152755982	-0.3758237632325117
358.1000000000129	-0.05360172883219492	-0.38406671488181754
358.20000000001295	-0.04412185613683002	-0.39230966653112337
358.300000000013	-0.03464198344146512	-0.4005526181804292
358.400000000013	-0.025162110746100225	-0.40879556982973503
358.500000000013	-0.015682238050735327	-0.41703852147904086
358.60000000001304	-0.006202365355370429	-0.4252814731283467
358.70000000001306	0.003277507339994469	-0.4335244247776525
358.8000000000131	0.012757380035359367	-0.44176737642695835
358.9000000000131	0.022237252730724265	-0.4500103280762642
359.00000000001313	0.03171712542608916	-0.45825327972557
359.10000000001315	0.04119699812145406	-0.46649623137487584
359.2000000000132	0.05067687081681896	-0.47473918302418167
359.3000000000132	0.060156743512183856	-0.4829821346734875
359.4000000000132	0.06963661620754875	-0.4912250863227933
359.50000000001324	0.07911648890291365	-0.49946803797209915
359.60000000001327	0.08859636159827855	-0.5077109896214049
359.7000000000133	0.09807623429364346	-0.5159539412707107
359.8000000000133	0.10755610698900836	-0.5241968929200165
359.90000000001334	0.11703597968437326	-0.5324398445693223
360.00000000001336	0.12651585237973817	-0.540682796218628
360.1000000000134	0.13599572507510307	-0.5489257478679338
360.2000000000134	0.14547559777046798	-0.5571686995172396
360.3000000000134	0.15495547046583288	-0.5654116511665453
360.40000000001345	0.1644353431611978	-0.5736546028158511
360.5000000000135	0.1739152158565627	-0.5818975544651569
360.6000000000135	0.1833950885519276	-0.5901405061144627
360.7000000000135	0.1928749612472925	-0.5983834577637684
360.80000000001354	0.2023548339426574	-0.6066264094130742
360.90000000001356	0.2118347066380223	-0.61486936106238
361.0000000000136	0.22131457933338722	-0.6231123127116858
361.1000000000136	0.23079445202875212	-0.6313552643609915
361.20000000001363	0.24027432472411703	-0.6395982160102973
361.30000000001365	0.24975419741948193	-0.6478411676596031
361.4000000000137	0.25923407011484684	-0.6560841193089089
361.5000000000137	0.2687139428102117	-0.6643270709582146
361.6000000000137	0.2781938155055766	-0.6725700226075204
361.70000000001374	0.28767368820094147	-0.6808129742568262
361.80000000001377	0.29715356089630635	-0.689055925906132
361.9000000000138	0.3066334335916712	-0.6972988775554377
362.0000000000138	0.3161133062870361	-0.7055418292047435
362.10000000001384	0.325593178982401	-0.7137847808540493
362.20000000001386	0.33507305167776585	-0.7220277325033551
362.3000000000139	0.34455292437313073	-0.7302706841526608
362.4000000000139	0.3540327970684956	-0.7385136358019666
362.5000000000139	0.3635126697638605	-0.7467565874512724
362.60000000001395	0.37299254245922536	-0.7549995391005782
362.700000000014	0.38247241515459024	-0.7632424907498839
362.800000000014	0.3919522878499551	-0.7714854423991897
362.900000000014	0.40143216054532	-0.7797283940484955
363.00000000001404	0.41091203324068487	-0.7879713456978013
363.10000000001406	0.42039190593604975	-0.796214297347107
363.2000000000141	0.4298717786314146	-0.8044572489964128
363.3000000000141	0.4393516513267795	-0.8127002006457186
363.40000000001413	0.4488315240221444	-0.8209431522950243
363.50000000001415	0.45831139671750926	-0.8291861039443301
363.6000000000142	0.46779126941287413	-0.8374290555936359
363.7000000000142	0.477271142108239	-0.8456720072429417
363.8000000000142	0.4867510148036039	-0.8539149588922474
363.90000000001424	0.49623088749896876	-0.8621579105415532
364.00000000001427	0.5057107601943337	-0.870400862190859
364.1000000000143	0.5151906328896986	-0.8786438138401648
364.2000000000143	0.5246705055850635	-0.8868867654894705
364.30000000001434	0.5341503782804283	-0.8951297171387763
364.40000000001436	0.5436302509757932	-0.9033726687880821
364.5000000000144	0.5531101236711581	-0.9116156204373879
364.6000000000144	0.562589996366523	-0.9198585720866936
364.7000000000144	0.5720698690618878	-0.9281015237359994
364.80000000001445	0.5815497417572527	-0.9363444753853052
364.9000000000145	0.5910296144526176	-0.944587427034611
365.0000000000145	0.6005094871479825	-0.9528303786839167
365.1000000000145	0.6099893598433473	-0.944587427034611
365.20000000001454	0.6194692325387122	-0.9363444753853052
365.30000000001456	0.6289491052340771	-0.9281015237359994
365.4000000000146	0.638428977929442	-0.9198585720866936
365.5000000000146	0.6479088506248069	-0.9116156204373879
365.60000000001463	0.6573887233201717	-0.9033726687880821
365.70000000001465	0.6668685960155366	-0.8951297171387763
365.8000000000147	0.6763484687109015	-0.8868867654894705
365.9000000000147	0.6858283414062664	-0.8786438138401648
366.0000000000147	0.6953082141016312	-0.870400862190859
366.10000000001475	0.7047880867969961	-0.8621579105415532
366.20000000001477	0.714267959492361	-0.8539149588922474
366.3000000000148	0.7237478321877259	-0.8456720072429417
366.4000000000148	0.7332277048830907	-0.8374290555936359
366.50000000001484	0.7427075775784556	-0.8291861039443301
366.60000000001486	0.7521874502738205	-0.8209431522950243
366.7000000000149	0.7616673229691854	-0.8127002006457186
366.8000000000149	0.7711471956645503	-0.8044572489964128
366.9000000000149	0.7806270683599151	-0.796214297347107
367.00000000001495	0.79010694105528	-0.7879713456978013
367.100000000015	0.7995868137506449	-0.7797283940484955
367.200000000015	0.8090666864460098	-0.7714854423991897
367.300000000015	0.8185465591413746	-0.7632424907498839
367.40000000001504	0.8280264318367395	-0.7549995391005782
367.50000000001506	0.8375063045321044	-0.7467565874512724
367.6000000000151	0.8469861772274693	-0.7385136358019666
367.7000000000151	0.8564660499228341	-0.7302706841526608
367.80000000001513	0.865945922618199	-0.7220277325033551
367.90000000001515	0.8754257953135639	-0.7137847808540493
368.0000000000152	0.8849056680089288	-0.7055418292047435
368.1000000000152	0.8943855407042937	-0.6972988775554377
368.2000000000152	0.9038654133996585	-0.689055925906132
368.30000000001525	0.9133452860950234	-0.6808129742568262
368.40000000001527	0.9228251587903883	-0.6725700226075204
368.5000000000153	0.9323050314857532	-0.6643270709582146
368.6000000000153	0.941784904181118	-0.6560841193089089
368.70000000001534	0.9512647768764829	-0.6478411676596031
368.80000000001536	0.941784904181118	-0.6395982160102973
368.9000000000154	0.9323050314857532	-0.6313552643609915
369.0000000000154	0.9228251587903883	-0.6231123127116858
369.1000000000154	0.9133452860950234	-0.61486936106238
369.20000000001545	0.9038654133996585	-0.6066264094130742
369.3000000000155	0.8943855407042937	-0.5983834577637684
369.4000000000155	0.8849056680089288	-0.5901405061144627
369.5000000000155	0.8754257953135639	-0.5818975544651569
369.60000000001554	0.865945922618199	-0.5736546028158511
369.70000000001556	0.8564660499228341	-0.5654116511665453
369.8000000000156	0.8469861772274693	-0.5571686995172396
369.9000000000156	0.8375063045321044	-0.5489257478679338
370.00000000001563	0.8280264318367395	-0.540682796218628
370.10000000001565	0.8185465591413746	-0.5324398445693223
370.2000000000157	0.8090666864460098	-0.5241968929200165
370.3000000000157	0.7995868137506449	-0.5159539412707107
370.4000000000157	0.79010694105528	-0.5077109896214049
370.50000000001575	0.7806270683599151	-0.4994680379720991
370.60000000001577	0.7711471956645503	-0.49122508632279327
370.7000000000158	0.7616673229691854	-0.48298213467348744
370.8000000000158	0.7521874502738205	-0.4747391830241816
370.90000000001584	0.7427075775784556	-0.4664962313748758
371.00000000001586	0.7332277048830907	-0.45825327972556995
371.1000000000159	0.7237478321877259	-0.4500103280762641
371.2000000000159	0.714267959492361	-0.4417673764269583
371.3000000000159	0.7047880867969961	-0.43352442477765246
371.40000000001595	0.6953082141016312	-0.42528147312834663
371.500000000016	0.6858283414062664	-0.4170385214790408
371.600000000016	0.6763484687109015	-0.408795569829735
371.700000000016	0.6668685960155366	-0.40055261818042914
371.80000000001604	0.6573887233201717	-0.3923096665311233
371.90000000001606	0.6479088506248069	-0.3840667148818175
372.0000000000161	0.638428977929442	-0.37582376323251165
372.1000000000161	0.6289491052340771	-0.3675808115832058
372.20000000001613	0.6194692325387122	-0.3593378599339
372.30000000001615	0.6099893598433473	-0.35109490828459416
372.4000000000162	0.6005094871479825	-0.34285195663528834
372.5000000000162	0.5910296144526176	-0.3346090049859825
372.6000000000162	0.5815497417572527	-0.3263660533366767
372.70000000001625	0.5720698690618878	-0.31812310168737085
372.80000000001627	0.562589996366523	-0.309880150038065
372.9000000000163	0.5531101236711581	-0.3016371983887592
373.0000000000163	0.5436302509757932	-0.29339424673945336
373.10000000001634	0.5341503782804283	-0.2851512950901475
373.20000000001636	0.5246705055850635	-0.2769083434408417
373.3000000000164	0.5151906328896986	-0.26866539179153587
373.4000000000164	0.5057107601943337	-0.26042244014223004
373.5000000000164	0.4962308874989688	-0.2521794884929242
373.60000000001645	0.48675101480360394	-0.24393653684361838
373.7000000000165	0.47727114210823907	-0.23569358519431255
373.8000000000165	0.4677912694128742	-0.22745063354500672
373.9000000000165	0.4583113967175093	-0.2192076818957009
374.00000000001654	0.44883152402214443	-0.21096473024639506
374.10000000001656	0.43935165132677956	-0.20272177859708923
374.2000000000166	0.4298717786314147	-0.1944788269477834
374.3000000000166	0.4203919059360498	-0.18623587529847757
374.40000000001663	0.4109120332406849	-0.17799292364917174
374.50000000001666	0.40143216054532005	-0.1697499719998659
374.6000000000167	0.39195228784995517	-0.16150702035056008
374.7000000000167	0.3824724151545903	-0.15326406870125425
374.8000000000167	0.3729925424592254	-0.14502111705194842
374.90000000001675	0.36351266976386054	-0.1367781654026426
375.00000000001677	0.35403279706849566	-0.12853521375333676
375.1000000000168	0.3445529243731308	-0.12029226210403093
375.2000000000168	0.3350730516777659	-0.1120493104547251
375.30000000001684	0.32559317898240103	-0.10380635880541927
375.40000000001686	0.31611330628703616	-0.09556340715611344
375.5000000000169	0.3066334335916713	-0.08732045550680761
375.6000000000169	0.2971535608963064	-0.07907750385750179
375.7000000000169	0.2876736882009415	-0.07083455220819596
375.80000000001695	0.27819381550557665	-0.06259160055889013
375.900000000017	0.26871394281021177	-0.0543486489095843
376.000000000017	0.2592340701148469	-0.04610569726027848
376.100000000017	0.249754197419482	-0.03786274561097266
376.20000000001704	0.24027432472411708	-0.029619793961666835
376.30000000001706	0.23079445202875218	-0.021376842312361012
376.4000000000171	0.22131457933338727	-0.01313389066305519
376.5000000000171	0.21183470663802237	-0.004890939013749367
376.60000000001713	0.20235483394265746	0.003352012635556456
376.70000000001716	0.19287496124729256	0.011594964284862279
376.8000000000172	0.18339508855192765	0.0198379159341681
376.9000000000172	0.17391521585656275	0.028080867583473924
377.0000000000172	0.16443534316119784	0.03632381923277975
377.10000000001725	0.15495547046583294	0.04456677088208557
377.20000000001727	0.14547559777046803	0.05280972253139139
377.3000000000173	0.13599572507510313	0.061052674180697215
377.4000000000173	0.12651585237973823	0.06929562583000304
377.50000000001734	0.11703597968437332	0.07753857747930887
377.60000000001736	0.10755610698900842	0.0857815291286147
377.7000000000174	0.09807623429364351	0.09402448077792053
377.8000000000174	0.0885963615982786	0.10226743242722636
377.9000000000174	0.0791164889029137	0.11051038407653219
378.00000000001745	0.0696366162075488	0.11875333572583802
378.1000000000175	0.0601567435121839	0.12699628737514385
378.2000000000175	0.050676870816819	0.13523923902444968
378.3000000000175	0.0411969981214541	0.1434821906737555
378.40000000001754	0.031717125426089204	0.15172514232306133
378.50000000001756	0.022237252730724306	0.15996809397236716
378.6000000000176	0.012757380035359409	0.168211045621673
378.7000000000176	0.0032775073399945107	0.17645399727097882
378.80000000001763	-0.006202365355370387	0.18469694892028465
378.90000000001766	-0.015682238050735285	0.19293990056959048
379.0000000000177	-0.025162110746100183	0.2011828522188963
379.1000000000177	-0.03464198344146508	0.20942580386820214
379.2000000000177	-0.04412185613682998	0.21766875551750797
379.30000000001775	-0.05360172883219488	0.2259117071668138
379.40000000001777	-0.06308160152755977	0.23415465881611963
379.5000000000178	-0.07256147422292467	0.24239761046542546
379.6000000000178	-0.08204134691828957	0.2506405621147313
379.70000000001784	-0.09152121961365448	0.2588835137640371
379.80000000001786	-0.10100109230901938	0.26712646541334295
379.9000000000179	-0.11048096500438429	0.2753694170626488
380.0000000000179	-0.11996083769974919	0.2836123687119546
380.1000000000179	-0.1294407103951141	0.29185532036126044
380.20000000001795	-0.138920583090479	0.30009827201056627
380.300000000018	-0.1484004557858439	0.3083412236598721
380.400000000018	-0.1578803284812088	0.31658417530917793
380.500000000018	-0.16736020117657371	0.32482712695848376
380.60000000001804	-0.17684007387193862	0.3330700786077896
380.70000000001806	-0.18631994656730352	0.3413130302570954
380.8000000000181	-0.19579981926266843	0.34955598190640125
380.9000000000181	-0.20527969195803333	0.3577989335557071
381.00000000001813	-0.21475956465339824	0.3660418852050129
381.10000000001816	-0.22423943734876314	0.37428483685431874
381.2000000000182	-0.23371931004412805	0.38252778850362457
381.3000000000182	-0.24319918273949295	0.3907707401529304
381.4000000000182	-0.25267905543485786	0.3990136918022362
381.50000000001825	-0.26215892813022273	0.40725664345154206
381.60000000001827	-0.2716388008255876	0.4154995951008479
381.7000000000183	-0.2811186735209525	0.4237425467501537
381.8000000000183	-0.29059854621631737	0.43198549839945954
381.90000000001834	-0.30007841891168224	0.4402284500487654
382.00000000001836	-0.3095582916070471	0.4484714016980712
382.1000000000184	-0.319038164302412	0.45671435334737703
382.2000000000184	-0.3285180369977769	0.46495730499668286
382.30000000001843	-0.33799790969314175	0.4732002566459887
382.40000000001845	-0.34747778238850663	0.4814432082952945
382.5000000000185	-0.3569576550838715	0.48968615994460035
382.6000000000185	-0.3664375277792364	0.4979291115939062
382.7000000000185	-0.37591740047460126	0.506172063243212
382.80000000001854	-0.38539727316996614	0.5144150148925177
382.90000000001857	-0.394877145865331	0.5226579665418235
383.0000000000186	-0.4043570185606959	0.5309009181911293
383.1000000000186	-0.41383689125606077	0.539143869840435
383.20000000001863	-0.42331676395142565	0.5473868214897408
383.30000000001866	-0.4327966366467905	0.5556297731390466
383.4000000000187	-0.4422765093421554	0.5638727247883524
383.5000000000187	-0.4517563820375203	0.5721156764376581
383.6000000000187	-0.46123625473288515	0.5803586280869639
383.70000000001875	-0.47071612742825003	0.5886015797362697
383.80000000001877	-0.4801960001236149	0.5968445313855755
383.9000000000188	-0.4896758728189798	0.6050874830348812
384.0000000000188	-0.49915574551434466	0.613330434684187
384.10000000001884	-0.5086356182097096	0.6215733863334928
384.20000000001886	-0.5181154909050745	0.6298163379827986
384.3000000000189	-0.5275953636004393	0.6380592896321043
384.4000000000189	-0.5370752362958042	0.6463022412814101
384.50000000001893	-0.5465551089911691	0.6545451929307159
384.60000000001895	-0.556034981686534	0.6627881445800217
384.700000000019	-0.5655148543818989	0.6710310962293274
384.800000000019	-0.5749947270772637	0.6792740478786332
384.900000000019	-0.5844745997726286	0.687516999527939
385.00000000001904	-0.5939544724679935	0.6957599511772448
385.10000000001907	-0.6034343451633584	0.7040029028265505
385.2000000000191	-0.6129142178587232	0.7122458544758563
385.3000000000191	-0.6223940905540881	0.7204888061251621
385.40000000001913	-0.631873963249453	0.7287317577744679
385.50000000001916	-0.6413538359448179	0.7369747094237736
385.6000000000192	-0.6508337086401828	0.7452176610730794
385.7000000000192	-0.6603135813355476	0.7534606127223852
385.8000000000192	-0.6697934540309125	0.761703564371691
385.90000000001925	-0.6792733267262774	0.7699465160209967
386.00000000001927	-0.6887531994216423	0.7781894676703025
386.1000000000193	-0.6982330721170071	0.7864324193196083
386.2000000000193	-0.707712944812372	0.794675370968914
386.30000000001934	-0.7171928175077369	0.8029183226182198
386.40000000001936	-0.7266726902031018	0.8111612742675256
386.5000000000194	-0.7361525628984666	0.8194042259168314
386.6000000000194	-0.7456324355938315	0.8276471775661371
386.70000000001943	-0.7551123082891964	0.8358901292154429
386.80000000001945	-0.7645921809845613	0.8441330808647487
386.9000000000195	-0.7740720536799262	0.8523760325140545
387.0000000000195	-0.783551926375291	0.8606189841633602
387.1000000000195	-0.7930317990706559	0.868861935812666
387.20000000001954	-0.8025116717660208	0.8771048874619718
387.30000000001957	-0.8119915444613857	0.8853478391112776
387.4000000000196	-0.8214714171567505	0.8935907907605833
387.5000000000196	-0.8309512898521154	0.9018337424098891
387.60000000001963	-0.8404311625474803	0.9100766940591949
387.70000000001966	-0.8499110352428452	0.9183196457085007
387.8000000000197	-0.85939090793821	0.9265625973578064
387.9000000000197	-0.8688707806335749	0.9348055490071122
388.0000000000197	-0.8783506533289398	0.943048500656418
388.10000000001975	-0.8878305260243047	0.9512914523057238
388.20000000001977	-0.8973103987196696	0.943048500656418
388.3000000000198	-0.9067902714150344	0.9348055490071122
388.4000000000198	-0.9162701441103993	0.9265625973578064
388.50000000001984	-0.9257500168057642	0.9183196457085007
388.60000000001986	-0.9352298895011291	0.9100766940591949
388.7000000000199	-0.9447097621964939	0.9018337424098891
388.8000000000199	-0.9541896348918588	0.8935907907605833
388.90000000001993	-0.9447097621964939	0.8853478391112776
389.00000000001995	-0.9352298895011291	0.8771048874619718
389.10000000002	-0.9257500168057642	0.868861935812666
389.20000000002	-0.9162701441103993	0.8606189841633602
389.30000000002	-0.9067902714150344	0.8523760325140545
389.40000000002004	-0.8973103987196696	0.8441330808647487
389.50000000002007	-0.8878305260243047	0.8358901292154429
389.6000000000201	-0.8783506533289398	0.8276471775661371
389.7000000000201	-0.8688707806335749	0.8194042259168314
389.80000000002013	-0.85939090793821	0.8111612742675256
389.90000000002016	-0.8499110352428452	0.8029183226182198
390.0000000000202	-0.8404311625474803	0.794675370968914
390.1000000000202	-0.8309512898521154	0.7864324193196083
390.2000000000202	-0.8214714171567505	0.7781894676703025
390.30000000002025	-0.8119915444613857	0.7699465160209967
390.40000000002027	-0.8025116717660208	0.761703564371691
390.5000000000203	-0.7930317990706559	0.7534606127223852
390.6000000000203	-0.783551926375291	0.7452176610730794
390.70000000002034	-0.7740720536799262	0.7369747094237736
390.80000000002036	-0.7645921809845613	0.7287317577744679
390.9000000000204	-0.7551123082891964	0.7204888061251621
391.0000000000204	-0.7456324355938315	0.7122458544758563
391.10000000002043	-0.7361525628984666	0.7040029028265505
391.20000000002045	-0.7266726902031018	0.6957599511772448
391.3000000000205	-0.7171928175077369	0.687516999527939
391.4000000000205	-0.707712944812372	0.6792740478786332
391.5000000000205	-0.6982330721170071	0.6710310962293274
391.60000000002054	-0.6887531994216423	0.6627881445800217
391.70000000002057	-0.6792733267262774	0.6545451929307159
391.8000000000206	-0.6697934540309125	0.6463022412814101
391.9000000000206	-0.6603135813355476	0.6380592896321043
392.00000000002063	-0.6508337086401828	0.6298163379827986
392.10000000002066	-0.6413538359448179	0.6215733863334928
392.2000000000207	-0.631873963249453	0.613330434684187
392.3000000000207	-0.6223940905540881	0.6050874830348812
392.4000000000207	-0.6129142178587232	0.5968445313855755
392.50000000002075	-0.6034343451633584	0.5886015797362697
392.60000000002077	-0.5939544724679935	0.5803586280869639
392.7000000000208	-0.5844745997726286	0.5721156764376581
392.8000000000208	-0.5749947270772637	0.5638727247883524
392.90000000002084	-0.5655148543818989	0.5556297731390466
393.00000000002086	-0.556034981686534	0.5473868214897408
393.1000000000209	-0.5465551089911691	0.539143869840435
393.2000000000209	-0.5370752362958042	0.5309009181911293
393.30000000002093	-0.5275953636004393	0.5226579665418235
393.40000000002095	-0.5181154909050745	0.5144150148925177
393.500000000021	-0.5086356182097096	0.506172063243212
393.600000000021	-0.4991557455143447	0.4979291115939061
393.700000000021	-0.48967587281897984	0.4896861599446003
393.80000000002104	-0.48019600012361496	0.48144320829529447
393.90000000002107	-0.4707161274282501	0.47320025664598864
394.0000000000211	-0.4612362547328852	0.4649573049966828
394.1000000000211	-0.45175638203752033	0.456714353347377
394.20000000002113	-0.44227650934215545	0.44847140169807115
394.30000000002116	-0.4327966366467906	0.4402284500487653
394.4000000000212	-0.4233167639514257	0.4319854983994595
394.5000000000212	-0.4138368912560608	0.42374254675015366
394.6000000000212	-0.40435701856069595	0.41549959510084783
394.70000000002125	-0.39487714586533107	0.407256643451542
394.80000000002127	-0.3853972731699662	0.39901369180223617
394.9000000000213	-0.3759174004746013	0.39077074015293034
395.0000000000213	-0.36643752777923644	0.3825277885036245
395.10000000002134	-0.35695765508387156	0.3742848368543187
395.20000000002136	-0.3474777823885067	0.36604188520501285
395.3000000000214	-0.3379979096931418	0.357798933555707
395.4000000000214	-0.32851803699777693	0.3495559819064012
395.50000000002143	-0.31903816430241205	0.34131303025709536
395.60000000002145	-0.3095582916070472	0.33307007860778953
395.7000000000215	-0.3000784189116823	0.3248271269584837
395.8000000000215	-0.2905985462163174	0.3165841753091779
395.9000000000215	-0.28111867352095254	0.30834122365987204
396.00000000002154	-0.27163880082558767	0.3000982720105662
396.10000000002157	-0.2621589281302228	0.2918553203612604
396.2000000000216	-0.2526790554348579	0.28361236871195455
396.3000000000216	-0.243199182739493	0.2753694170626487
396.40000000002163	-0.2337193100441281	0.2671264654133429
396.50000000002166	-0.2242394373487632	0.25888351376403707
396.6000000000217	-0.2147595646533983	0.25064056211473124
396.7000000000217	-0.2052796919580334	0.2423976104654254
396.8000000000217	-0.19579981926266848	0.23415465881611958
396.90000000002175	-0.18631994656730358	0.22591170716681375
397.00000000002177	-0.17684007387193867	0.21766875551750792
397.1000000000218	-0.16736020117657377	0.2094258038682021
397.2000000000218	-0.15788032848120886	0.20118285221889626
397.30000000002184	-0.14840045578584396	0.19293990056959043
397.40000000002186	-0.13892058309047906	0.1846969489202846
397.5000000000219	-0.12944071039511415	0.17645399727097877
397.6000000000219	-0.11996083769974925	0.16821104562167294
397.70000000002193	-0.11048096500438434	0.1599680939723671
397.80000000002195	-0.10100109230901944	0.15172514232306128
397.900000000022	-0.09152121961365453	0.14348219067375545
398.000000000022	-0.08204134691828963	0.13523923902444962
398.100000000022	-0.07256147422292472	0.1269962873751438
398.20000000002204	-0.06308160152755982	0.11875333572583796
398.30000000002207	-0.05360172883219492	0.11051038407653213
398.4000000000221	-0.04412185613683002	0.1022674324272263
398.5000000000221	-0.03464198344146512	0.09402448077792047
398.60000000002213	-0.025162110746100225	0.08578152912861464
398.70000000002216	-0.015682238050735327	0.07753857747930881
398.8000000000222	-0.006202365355370429	0.06929562583000298
398.9000000000222	0.003277507339994469	0.06105267418069716
399.0000000000222	0.012757380035359367	0.05280972253139134
399.10000000002225	0.022237252730724265	0.044566770882085514
399.20000000002227	0.03171712542608916	0.03632381923277969
399.3000000000223	0.04119699812145406	0.02808086758347387
399.4000000000223	0.05067687081681896	0.019837915934168046
399.50000000002234	0.060156743512183856	0.011594964284862223
399.60000000002236	0.06963661620754875	0.0033520126355564006
399.7000000000224	0.07911648890291365	-0.004890939013749422
399.8000000000224	0.08859636159827855	-0.013133890663055245
399.90000000002243	0.09807623429364346	-0.021376842312361068
400.00000000002245	0.10755610698900836	-0.02961979396166689
400.1000000000225	0.11703597968437326	-0.03786274561097271
400.2000000000225	0.12651585237973817	-0.046105697260278536
400.3000000000225	0.13599572507510307	-0.05434864890958436
400.40000000002254	0.14547559777046798	-0.06259160055889018
400.50000000002257	0.15495547046583288	-0.07083455220819601
400.6000000000226	0.1644353431611978	-0.07907750385750184
400.7000000000226	0.1739152158565627	-0.08732045550680767
400.80000000002264	0.1833950885519276	-0.0955634071561135
400.90000000002266	0.1928749612472925	-0.10380635880541933
401.0000000000227	0.2023548339426574	-0.11204931045472516
401.1000000000227	0.2118347066380223	-0.12029226210403099
401.2000000000227	0.22131457933338722	-0.12853521375333682
401.30000000002275	0.23079445202875212	-0.13677816540264265
401.40000000002277	0.24027432472411703	-0.14502111705194848
401.5000000000228	0.24975419741948193	-0.1532640687012543
401.6000000000228	0.25923407011484684	-0.16150702035056014
401.70000000002284	0.2687139428102117	-0.16974997199986597
401.80000000002286	0.2781938155055766	-0.1779929236491718
401.9000000000229	0.28767368820094147	-0.18623587529847763
402.0000000000229	0.29715356089630635	-0.19447882694778346
402.10000000002293	0.3066334335916712	-0.20272177859708929
402.20000000002295	0.3161133062870361	-0.21096473024639512
402.300000000023	0.325593178982401	-0.21920768189570095
402.400000000023	0.33507305167776585	-0.22745063354500678
402.500000000023	0.34455292437313073	-0.2356935851943126
402.60000000002304	0.3540327970684956	-0.24393653684361843
402.70000000002307	0.3635126697638605	-0.25217948849292426
402.8000000000231	0.37299254245922536	-0.2604224401422301
402.9000000000231	0.38247241515459024	-0.2686653917915359
403.00000000002314	0.3919522878499551	-0.27690834344084175
403.10000000002316	0.40143216054532	-0.2851512950901476
403.2000000000232	0.41091203324068487	-0.2933942467394534
403.3000000000232	0.42039190593604975	-0.30163719838875924
403.4000000000232	0.4298717786314146	-0.30988015003806507
403.50000000002325	0.4393516513267795	-0.3181231016873709
403.6000000000233	0.4488315240221444	-0.32636605333667673
403.7000000000233	0.45831139671750926	-0.33460900498598256
403.8000000000233	0.46779126941287413	-0.3428519566352884
403.90000000002334	0.477271142108239	-0.3510949082845942
404.00000000002336	0.4867510148036039	-0.35933785993390005
404.1000000000234	0.49623088749896876	-0.3675808115832059
404.2000000000234	0.5057107601943337	-0.3758237632325117
404.30000000002343	0.5151906328896986	-0.38406671488181754
404.40000000002345	0.5246705055850635	-0.39230966653112337
404.5000000000235	0.5341503782804283	-0.4005526181804292
404.6000000000235	0.5436302509757932	-0.40879556982973503
404.7000000000235	0.5531101236711581	-0.41703852147904086
404.80000000002354	0.562589996366523	-0.4252814731283467
404.90000000002357	0.5720698690618878	-0.4335244247776525
405.0000000000236	0.5815497417572527	-0.44176737642695835
405.1000000000236	0.5910296144526176	-0.4500103280762642
405.20000000002364	0.6005094871479825	-0.45825327972557
405.30000000002366	0.6099893598433473	-0.46649623137487584
405.4000000000237	0.6194692325387122	-0.47473918302418167
405.5000000000237	0.6289491052340771	-0.4829821346734875
405.6000000000237	0.638428977929442	-0.4912250863227933
405.70000000002375	0.6479088506248069	-0.49946803797209915
405.8000000000238	0.6573887233201717	-0.5077109896214049
405.9000000000238	0.6668685960155366	-0.5159539412707107
406.0000000000238	0.6763484687109015	-0.5241968929200165
406.10000000002384	0.6858283414062664	-0.5324398445693223
406.20000000002386	0.6953082141016312	-0.540682796218628
406.3000000000239	0.7047880867969961	-0.5489257478679338
406.4000000000239	0.714267959492361	-0.5571686995172396
406.50000000002393	0.7237478321877259	-0.5654116511665453
406.60000000002395	0.7332277048830907	-0.5736546028158511
406.700000000024	0.7427075775784556	-0.5818975544651569
406.800000000024	0.7521874502738205	-0.5901405061144627
406.900000000024	0.7616673229691854	-0.5983834577637684
407.00000000002404	0.7711471956645503	-0.6066264094130742
407.10000000002407	0.7806270683599151	-0.61486936106238
407.2000000000241	0.79010694105528	-0.6231123127116858
407.3000000000241	0.7995868137506449	-0.6313552643609915
407.40000000002414	0.8090666864460098	-0.6395982160102973
407.50000000002416	0.8185465591413746	-0.6478411676596031
407.6000000000242	0.8280264318367395	-0.6560841193089089
407.7000000000242	0.8375063045321044	-0.6643270709582146
407.8000000000242	0.8469861772274693	-0.6725700226075204
407.90000000002425	0.8564660499228341	-0.6808129742568262
408.0000000000243	0.865945922618199	-0.689055925906132
408.1000000000243	0.8754257953135639	-0.6972988775554377
408.2000000000243	0.8849056680089288	-0.7055418292047435
408.30000000002434	0.8943855407042937	-0.7137847808540493
408.40000000002436	0.9038654133996585	-0.7220277325033551
408.5000000000244	0.9133452860950234	-0.7302706841526608
408.6000000000244	0.9228251587903883	-0.7385136358019666
408.70000000002443	0.9323050314857532	-0.7467565874512724
408.80000000002445	0.941784904181118	-0.7549995391005782
408.9000000000245	0.9512647768764829	-0.7632424907498839
409.0000000000245	0.941784904181118	-0.7714854423991897
409.1000000000245	0.9323050314857532	-0.7797283940484955
409.20000000002454	0.9228251587903883	-0.7879713456978013
409.30000000002457	0.9133452860950234	-0.796214297347107
409.4000000000246	0.9038654133996585	-0.8044572489964128
409.5000000000246	0.8943855407042937	-0.8127002006457186
409.60000000002464	0.8849056680089288	-0.8209431522950243
409.70000000002466	0.8754257953135639	-0.8291861039443301
409.8000000000247	0.865945922618199	-0.8374290555936359
409.9000000000247	0.8564660499228341	-0.8456720072429417
410.0000000000247	0.8469861772274693	-0.8539149588922474
410.10000000002475	0.8375063045321044	-0.8621579105415532
410.2000000000248	0.8280264318367395	-0.870400862190859
410.3000000000248	0.8185465591413746	-0.8786438138401648
410.4000000000248	0.8090666864460098	-0.8868867654894705
410.50000000002484	0.7995868137506449	-0.8951297171387763
410.60000000002486	0.79010694105528	-0.9033726687880821
410.7000000000249	0.7806270683599151	-0.9116156204373879
410.8000000000249	0.7711471956645503	-0.9198585720866936
410.90000000002493	0.7616673229691854	-0.9281015237359994
411.00000000002495	0.7521874502738205	-0.9363444753853052
411.100000000025	0.7427075775784556	-0.944587427034611
411.200000000025	0.7332277048830907	-0.9528303786839167
411.300000000025	0.7237478321877259	-0.944587427034611
411.40000000002505	0.714267959492361	-0.9363444753853052
411.50000000002507	0.7047880867969961	-0.9281015237359994
411.6000000000251	0.6953082141016312	-0.9198585720866936
411.7000000000251	0.6858283414062664	-0.9116156204373879
411.80000000002514	0.6763484687109015	-0.9033726687880821
411.90000000002516	0.6668685960155366	-0.8951297171387763
412.0000000000252	0.6573887233201717	-0.8868867654894705
412.1000000000252	0.6479088506248069	-0.8786438138401648
412.2000000000252	0.638428977929442	-0.870400862190859
412.30000000002525	0.6289491052340771	-0.8621579105415532
412.4000000000253	0.6194692325387122	-0.8539149588922474
412.5000000000253	0.6099893598433473	-0.8456720072429417
412.6000000000253	0.6005094871479825	-0.8374290555936359
412.70000000002534	0.5910296144526176	-0.8291861039443301
412.80000000002536	0.5815497417572527	-0.8209431522950243
412.9000000000254	0.5720698690618878	-0.8127002006457186
413.0000000000254	0.562589996366523	-0.8044572489964128
413.10000000002543	0.5531101236711581	-0.796214297347107
413.20000000002545	0.5436302509757932	-0.7879713456978013
413.3000000000255	0.5341503782804283	-0.7797283940484955
413.4000000000255	0.5246705055850635	-0.7714854423991897
413.5000000000255	0.5151906328896986	-0.7632424907498839
413.60000000002555	0.5057107601943337	-0.7549995391005782
413.70000000002557	0.4962308874989688	-0.7467565874512724
413.8000000000256	0.48675101480360394	-0.7385136358019666
413.9000000000256	0.47727114210823907	-0.7302706841526608
414.00000000002564	0.4677912694128742	-0.7220277325033551
414.10000000002566	0.4583113967175093	-0.7137847808540493
414.2000000000257	0.44883152402214443	-0.7055418292047435
414.3000000000257	0.43935165132677956	-0.6972988775554377
414.4000000000257	0.4298717786314147	-0.689055925906132
414.50000000002575	0.4203919059360498	-0.6808129742568262
414.6000000000258	0.4109120332406849	-0.6725700226075204
414.7000000000258	0.40143216054532005	-0.6643270709582146
414.8000000000258	0.39195228784995517	-0.6560841193089089
414.90000000002584	0.3824724151545903	-0.6478411676596031
415.00000000002586	0.3729925424592254	-0.6395982160102973
415.1000000000259	0.36351266976386054	-0.6313552643609915
415.2000000000259	0.35403279706849566	-0.6231123127116858
415.30000000002593	0.3445529243731308	-0.61486936106238
415.40000000002595	0.3350730516777659	-0.6066264094130742
415.500000000026	0.32559317898240103	-0.5983834577637684
415.600000000026	0.31611330628703616	-0.5901405061144627
415.700000000026	0.3066334335916713	-0.5818975544651569
415.80000000002605	0.2971535608963064	-0.5736546028158511
415.90000000002607	0.2876736882009415	-0.5654116511665453
416.0000000000261	0.27819381550557665	-0.5571686995172396
416.1000000000261	0.26871394281021177	-0.5489257478679338
416.20000000002614	0.2592340701148469	-0.540682796218628
416.30000000002616	0.249754197419482	-0.5324398445693223
416.4000000000262	0.24027432472411708	-0.5241968929200165
416.5000000000262	0.23079445202875218	-0.5159539412707107
416.6000000000262	0.22131457933338727	-0.5077109896214049
416.70000000002625	0.21183470663802237	-0.4994680379720991
416.8000000000263	0.20235483394265746	-0.49122508632279327
416.9000000000263	0.19287496124729256	-0.48298213467348744
417.0000000000263	0.18339508855192765	-0.4747391830241816
417.10000000002634	0.17391521585656275	-0.4664962313748758
417.20000000002636	0.16443534316119784	-0.45825327972556995
417.3000000000264	0.15495547046583294	-0.4500103280762641
417.4000000000264	0.14547559777046803	-0.4417673764269583
417.50000000002643	0.13599572507510313	-0.43352442477765246
417.60000000002645	0.12651585237973823	-0.42528147312834663
417.7000000000265	0.11703597968437332	-0.4170385214790408
417.8000000000265	0.10755610698900842	-0.408795569829735
417.9000000000265	0.09807623429364351	-0.40055261818042914
418.00000000002655	0.0885963615982786	-0.3923096665311233
418.10000000002657	0.0791164889029137	-0.3840667148818175
418.2000000000266	0.0696366162075488	-0.37582376323251165
418.3000000000266	0.0601567435121839	-0.3675808115832058
418.40000000002664	0.050676870816819	-0.3593378599339
418.50000000002666	0.0411969981214541	-0.35109490828459416
418.6000000000267	0.031717125426089204	-0.34285195663528834
418.7000000000267	0.022237252730724306	-0.3346090049859825
418.8000000000267	0.012757380035359409	-0.3263660533366767
418.90000000002675	0.0032775073399945107	-0.31812310168737085
419.0000000000268	-0.006202365355370387	-0.309880150038065
419.1000000000268	-0.015682238050735285	-0.3016371983887592
419.2000000000268	-0.025162110746100183	-0.29339424673945336
419.30000000002684	-0.03464198344146508	-0.2851512950901475
419.40000000002686	-0.04412185613682998	-0.2769083434408417
419.5000000000269	-0.05360172883219488	-0.26866539179153587
419.6000000000269	-0.06308160152755977	-0.26042244014223004
419.70000000002693	-0.07256147422292467	-0.2521794884929242
419.80000000002696	-0.08204134691828957	-0.24393653684361838
419.900000000027	-0.09152121961365448	-0.23569358519431255
420.000000000027	-0.10100109230901938	-0.22745063354500672
420.100000000027	-0.11048096500438429	-0.2192076818957009
420.20000000002705	-0.11996083769974919	-0.21096473024639506
420.30000000002707	-0.1294407103951141	-0.20272177859708923
420.4000000000271	-0.138920583090479	-0.1944788269477834
420.5000000000271	-0.1484004557858439	-0.18623587529847757
420.60000000002714	-0.1578803284812088	-0.17799292364917174
420.70000000002716	-0.16736020117657371	-0.1697499719998659
420.8000000000272	-0.17684007387193862	-0.16150702035056008
420.9000000000272	-0.18631994656730352	-0.15326406870125425
421.0000000000272	-0.19579981926266843	-0.14502111705194842
421.10000000002725	-0.20527969195803333	-0.1367781654026426
421.2000000000273	-0.21475956465339824	-0.12853521375333676
421.3000000000273	-0.22423943734876314	-0.12029226210403093
421.4000000000273	-0.23371931004412805	-0.1120493104547251
421.50000000002734	-0.24319918273949295	-0.10380635880541927
421.60000000002736	-0.25267905543485786	-0.09556340715611344
421.7000000000274	-0.26215892813022273	-0.08732045550680761
421.8000000000274	-0.2716388008255876	-0.07907750385750179
421.90000000002743	-0.2811186735209525	-0.07083455220819596
422.00000000002746	-0.29059854621631737	-0.06259160055889013
422.1000000000275	-0.30007841891168224	-0.0543486489095843
422.2000000000275	-0.3095582916070471	-0.04610569726027848
422.3000000000275	-0.319038164302412	-0.03786274561097266
422.40000000002755	-0.3285180369977769	-0.029619793961666835
422.50000000002757	-0.33799790969314175	-0.021376842312361012
422.6000000000276	-0.34747778238850663	-0.01313389066305519
422.7000000000276	-0.3569576550838715	-0.004890939013749367
422.80000000002764	-0.3664375277792364	0.003352012635556456
422.90000000002766	-0.37591740047460126	0.011594964284862279
423.0000000000277	-0.38539727316996614	0.0198379159341681
423.1000000000277	-0.394877145865331	0.028080867583473924
423.2000000000277	-0.4043570185606959	0.03632381923277975
423.30000000002775	-0.41383689125606077	0.04456677088208557
423.4000000000278	-0.42331676395142565	0.05280972253139139
423.5000000000278	-0.4327966366467905	0.061052674180697215
423.6000000000278	-0.4422765093421554	0.06929562583000304
423.70000000002784	-0.4517563820375203	0.07753857747930887
423.80000000002786	-0.46123625473288515	0.0857815291286147
423.9000000000279	-0.47071612742825003	0.09402448077792053
424.0000000000279	-0.4801960001236149	0.10226743242722636
424.10000000002793	-0.4896758728189798	0.11051038407653219
424.20000000002796	-0.49915574551434466	0.11875333572583802
424.300000000028	-0.5086356182097096	0.12699628737514385
424.400000000028	-0.5181154909050745	0.13523923902444968
424.500000000028	-0.5275953636004393	0.1434821906737555
424.60000000002805	-0.5370752362958042	0.15172514232306133
424.70000000002807	-0.5465551089911691	0.15996809397236716
424.8000000000281	-0.556034981686534	0.168211045621673
424.9000000000281	-0.5655148543818989	0.17645399727097882
425.00000000002814	-0.5749947270772637	0.18469694892028465
425.10000000002816	-0.5844745997726286	0.19293990056959048
425.2000000000282	-0.5939544724679935	0.2011828522188963
425.3000000000282	-0.6034343451633584	0.20942580386820214
425.40000000002823	-0.6129142178587232	0.21766875551750797
425.50000000002825	-0.6223940905540881	0.2259117071668138
425.6000000000283	-0.631873963249453	0.23415465881611963
425.7000000000283	-0.6413538359448179	0.24239761046542546
425.8000000000283	-0.6508337086401828	0.2506405621147313
425.90000000002834	-0.6603135813355476	0.2588835137640371
426.00000000002836	-0.6697934540309125	0.26712646541334295
426.1000000000284	-0.6792733267262774	0.2753694170626488
426.2000000000284	-0.6887531994216423	0.2836123687119546
426.30000000002843	-0.6982330721170071	0.29185532036126044
426.40000000002846	-0.707712944812372	0.30009827201056627
426.5000000000285	-0.7171928175077369	0.3083412236598721
426.6000000000285	-0.7266726902031018	0.31658417530917793
426.7000000000285	-0.7361525628984666	0.32482712695848376
426.80000000002855	-0.7456324355938315	0.3330700786077896
426.90000000002857	-0.7551123082891964	0.3413130302570954
427.0000000000286	-0.7645921809845613	0.34955598190640125
427.1000000000286	-0.7740720536799262	0.3577989335557071
427.20000000002864	-0.783551926375291	0.3660418852050129
427.30000000002866	-0.7930317990706559	0.37428483685431874
427.4000000000287	-0.8025116717660208	0.38252778850362457
427.5000000000287	-0.8119915444613857	0.3907707401529304
427.60000000002873	-0.8214714171567505	0.3990136918022362
427.70000000002875	-0.8309512898521154	0.40725664345154206
427.8000000000288	-0.8404311625474803	0.4154995951008479
427.9000000000288	-0.8499110352428452	0.4237425467501537
428.0000000000288	-0.85939090793821	0.43198549839945954
428.10000000002884	-0.8688707806335749	0.4402284500487654
428.20000000002887	-0.8783506533289398	0.4484714016980712
428.3000000000289	-0.8878305260243047	0.45671435334737703
428.4000000000289	-0.8973103987196696	0.46495730499668286
428.50000000002893	-0.9067902714150344	0.4732002566459887
428.60000000002896	-0.9162701441103993	0.4814432082952945
428.700000000029	-0.9257500168057642	0.48968615994460035
428.800000000029	-0.9352298895011291	0.4979291115939062
428.900000000029	-0.9447097621964939	0.506172063243212
429.00000000002905	-0.9541896348918588	0.5144150148925177
429.10000000002907	-0.9447097621964939	0.5226579665418235
429.2000000000291	-0.9352298895011291	0.5309009181911293
429.3000000000291	-0.9257500168057642	0.539143869840435
429.40000000002914	-0.9162701441103993	0.5473868214897408
429.50000000002916	-0.9067902714150344	0.5556297731390466
429.6000000000292	-0.8973103987196696	0.5638727247883524
429.7000000000292	-0.8878305260243047	0.5721156764376581
429.80000000002923	-0.8783506533289398	0.5803586280869639
429.90000000002925	-0.8688707806335749	0.5886015797362697
430.0000000000293	-0.85939090793821	0.5968445313855755
430.1000000000293	-0.8499110352428452	0.6050874830348812
430.2000000000293	-0.8404311625474803	0.613330434684187
430.30000000002934	-0.8309512898521154	0.6215733863334928
430.40000000002937	-0.8214714171567505	0.6298163379827986
430.5000000000294	-0.8119915444613857	0.6380592896321043
430.6000000000294	-0.8025116717660208	0.6463022412814101
430.70000000002943	-0.7930317990706559	0.6545451929307159
430.80000000002946	-0.783551926375291	0.6627881445800217
430.9000000000295	-0.7740720536799262	0.6710310962293274
431.0000000000295	-0.7645921809845613	0.6792740478786332
431.1000000000295	-0.7551123082891964	0.687516999527939
431.20000000002955	-0.7456324355938315	0.6957599511772448
431.30000000002957	-0.7361525628984666	0.7040029028265505
431.4000000000296	-0.7266726902031018	0.7122458544758563
431.5000000000296	-0.7171928175077369	0.7204888061251621
431.60000000002964	-0.707712944812372	0.7287317577744679
431.70000000002966	-0.6982330721170071	0.7369747094237736
431.8000000000297	-0.6887531994216423	0.7452176610730794
431.9000000000297	-0.6792733267262774	0.7534606127223852
432.00000000002973	-0.6697934540309125	0.761703564371691
432.10000000002975	-0.6603135813355476	0.7699465160209967
432.2000000000298	-0.6508337086401828	0.7781894676703025
432.3000000000298	-0.6413538359448179	0.7864324193196083
432.4000000000298	-0.631873963249453	0.794675370968914
432.50000000002984	-0.6223940905540881	0.8029183226182198
432.60000000002987	-0.6129142178587232	0.8111612742675256
432.7000000000299	-0.6034343451633584	0.8194042259168314
432.8000000000299	-0.5939544724679935	0.8276471775661371
432.90000000002993	-0.5844745997726286	0.8358901292154429
433.00000000002996	-0.5749947270772637	0.8441330808647487
433.10000000003	-0.5655148543818989	0.8523760325140545
433.20000000003	-0.556034981686534	0.8606189841633602
433.30000000003	-0.5465551089911691	0.868861935812666
433.40000000003005	-0.5370752362958042	0.8771048874619718
433.50000000003007	-0.5275953636004393	0.8853478391112776
433.6000000000301	-0.5181154909050745	0.8935907907605833
433.7000000000301	-0.5086356182097096	0.9018337424098891
433.80000000003014	-0.4991557455143447	0.9100766940591949
433.90000000003016	-0.48967587281897984	0.9183196457085007
434.0000000000302	-0.48019600012361496	0.9265625973578064
434.1000000000302	-0.4707161274282501	0.9348055490071122
434.20000000003023	-0.4612362547328852	0.943048500656418
434.30000000003025	-0.45175638203752033	0.9512914523057238
434.4000000000303	-0.44227650934215545	0.943048500656418
434.5000000000303	-0.4327966366467906	0.9348055490071122
434.6000000000303	-0.4233167639514257	0.9265625973578064
434.70000000003034	-0.4138368912560608	0.9183196457085007
434.80000000003037	-0.40435701856069595	0.9100766940591949
434.9000000000304	-0.39487714586533107	0.9018337424098891
435.0000000000304	-0.3853972731699662	0.8935907907605833
435.10000000003043	-0.3759174004746013	0.8853478391112776
435.20000000003046	-0.36643752777923644	0.8771048874619718
435.3000000000305	-0.35695765508387156	0.868861935812666
435.4000000000305	-0.3474777823885067	0.8606189841633602
435.5000000000305	-0.3379979096931418	0.8523760325140545
435.60000000003055	-0.32851803699777693	0.8441330808647487
435.70000000003057	-0.31903816430241205	0.8358901292154429
435.8000000000306	-0.3095582916070472	0.8276471775661371
435.9000000000306	-0.3000784189116823	0.8194042259168314
436.00000000003064	-0.2905985462163174	0.8111612742675256
436.10000000003066	-0.28111867352095254	0.8029183226182198
436.2000000000307	-0.27163880082558767	0.794675370968914
436.3000000000307	-0.2621589281302228	0.7864324193196083
436.40000000003073	-0.2526790554348579	0.7781894676703025
436.50000000003075	-0.243199182739493	0.7699465160209967
436.6000000000308	-0.2337193100441281	0.761703564371691
436.7000000000308	-0.2242394373487632	0.7534606127223852
436.8000000000308	-0.2147595646533983	0.7452176610730794
436.90000000003084	-0.2052796919580334	0.7369747094237736
437.00000000003087	-0.19579981926266848	0.7287317577744679
437.1000000000309	-0.18631994656730358	0.7204888061251621
437.2000000000309	-0.17684007387193867	0.7122458544758563
437.30000000003093	-0.16736020117657377	0.7040029028265505
437.40000000003096	-0.15788032848120886	0.6957599511772448
437.500000000031	-0.14840045578584396	0.687516999527939
437.600000000031	-0.13892058309047906	0.6792740478786332
437.700000000031	-0.12944071039511415	0.6710310962293274
437.80000000003105	-0.11996083769974925	0.6627881445800217
437.90000000003107	-0.11048096500438434	0.6545451929307159
438.0000000000311	-0.10100109230901944	0.6463022412814101
438.1000000000311	-0.09152121961365453	0.6380592896321043
438.20000000003114	-0.08204134691828963	0.6298163379827986
438.30000000003116	-0.07256147422292472	0.6215733863334928
438.4000000000312	-0.06308160152755982	0.613330434684187
438.5000000000312	-0.05360172883219492	0.6050874830348812
438.60000000003123	-0.04412185613683002	0.5968445313855755
438.70000000003125	-0.03464198344146512	0.5886015797362697
438.8000000000313	-0.025162110746100225	0.5803586280869639
438.9000000000313	-0.015682238050735327	0.5721156764376581
439.0000000000313	-0.006202365355370429	0.5638727247883524
439.10000000003134	0.003277507339994469	0.5556297731390466
439.20000000003137	0.012757380035359367	0.5473868214897408
439.3000000000314	0.022237252730724265	0.539143869840435
439.4000000000314	0.03171712542608916	0.5309009181911293
439.50000000003143	0.04119699812145406	0.5226579665418235
439.60000000003146	0.05067687081681896	0.5144150148925177
439.7000000000315	0.060156743512183856	0.506172063243212
439.8000000000315	0.06963661620754875	0.4979291115939061
439.9000000000315	0.07911648890291365	0.4896861599446003
440.00000000003155	0.08859636159827855	0.48144320829529447
440.10000000003157	0.09807623429364346	0.47320025664598864
440.2000000000316	0.10755610698900836	0.4649573049966828
440.3000000000316	0.11703597968437326	0.456714353347377
440.40000000003164	0.12651585237973817	0.44847140169807115
440.50000000003166	0.13599572507510307	0.4402284500487653
440.6000000000317	0.14547559777046798	0.4319854983994595
440.7000000000317	0.15495547046583288	0.42374254675015366
440.80000000003173	0.1644353431611978	0.41549959510084783
440.90000000003175	0.1739152158565627	0.407256643451542
441.0000000000318	0.1833950885519276	0.39901369180223617
441.1000000000318	0.1928749612472925	0.39077074015293034
441.2000000000318	0.2023548339426574	0.3825277885036245
441.30000000003184	0.2118347066380223	0.3742848368543187
441.40000000003187	0.22131457933338722	0.36604188520501285
441.5000000000319	0.23079445202875212	0.357798933555707
441.6000000000319	0.24027432472411703	0.3495559819064012
441.70000000003193	0.24975419741948193	0.34131303025709536
441.80000000003196	0.25923407011484684	0.33307007860778953
441.900000000032	0.2687139428102117	0.3248271269584837
442.000000000032	0.2781938155055766	0.3165841753091779
442.100000000032	0.28767368820094147	0.30834122365987204
442.20000000003205	0.29715356089630635	0.3000982720105662
442.30000000003207	0.3066334335916712	0.2918553203612604
442.4000000000321	0.3161133062870361	0.28361236871195455
442.5000000000321	0.325593178982401	0.2753694170626487
442.60000000003214	0.33507305167776585	0.2671264654133429
442.70000000003216	0.34455292437313073	0.25888351376403707
442.8000000000322	0.3540327970684956	0.25064056211473124
442.9000000000322	0.3635126697638605	0.2423976104654254
443.00000000003223	0.37299254245922536	0.23415465881611958
443.10000000003225	0.38247241515459024	0.22591170716681375
443.2000000000323	0.3919522878499551	0.21766875551750792
443.3000000000323	0.40143216054532	0.2094258038682021
443.4000000000323	0.41091203324068487	0.20118285221889626
443.50000000003234	0.42039190593604975	0.19293990056959043
443.60000000003237	0.4298717786314146	0.1846969489202846
443.7000000000324	0.4393516513267795	0.17645399727097877
443.8000000000324	0.4488315240221444	0.16821104562167294
443.90000000003243	0.45831139671750926	0.1599680939723671
444.00000000003246	0.46779126941287413	0.15172514232306128
444.1000000000325	0.477271142108239	0.14348219067375545
444.2000000000325	0.4867510148036039	0.13523923902444962
444.3000000000325	0.49623088749896876	0.1269962873751438
444.40000000003255	0.5057107601943337	0.11875333572583796
444.50000000003257	0.5151906328896986	0.11051038407653213
444.6000000000326	0.5246705055850635	0.1022674324272263
444.7000000000326	0.5341503782804283	0.09402448077792047
444.80000000003264	0.5436302509757932	0.08578152912861464
444.90000000003266	0.5531101236711581	0.07753857747930881
445.0000000000327	0.562589996366523	0.06929562583000298
445.1000000000327	0.5720698690618878	0.06105267418069716
445.20000000003273	0.5815497417572527	0.05280972253139134
445.30000000003275	0.5910296144526176	0.044566770882085514
445.4000000000328	0.6005094871479825	0.03632381923277969
445.5000000000328	0.6099893598433473	0.02808086758347387
445.6000000000328	0.6194692325387122	0.019837915934168046
445.70000000003284	0.6289491052340771	0.011594964284862223
445.80000000003287	0.638428977929442	0.0033520126355564006
445.9000000000329	0.6479088506248069	-0.004890939013749422
446.0000000000329	0.6573887233201717	-0.013133890663055245
446.10000000003294	0.6668685960155366	-0.021376842312361068
446.20000000003296	0.6763484687109015	-0.02961979396166689
446.300000000033	0.6858283414062664	-0.03786274561097271
446.400000000033	0.6953082141016312	-0.046105697260278536
446.500000000033	0.7047880867969961	-0.05434864890958436
446.60000000003305	0.714267959492361	-0.06259160055889018
446.70000000003307	0.7237478321877259	-0.07083455220819601
446.8000000000331	0.7332277048830907	-0.07907750385750184
446.9000000000331	0.7427075775784556	-0.08732045550680767
447.00000000003314	0.7521874502738205	-0.0955634071561135
447.10000000003316	0.7616673229691854	-0.10380635880541933
447.2000000000332	0.7711471956645503	-0.11204931045472516
447.3000000000332	0.7806270683599151	-0.12029226210403099
447.40000000003323	0.79010694105528	-0.12853521375333682
447.50000000003325	0.7995868137506449	-0.13677816540264265
447.6000000000333	0.8090666864460098	-0.14502111705194848
447.7000000000333	0.8185465591413746	-0.1532640687012543
447.8000000000333	0.8280264318367395	-0.16150702035056014
447.90000000003334	0.8375063045321044	-0.16974997199986597
448.00000000003337	0.8469861772274693	-0.1779929236491718
448.1000000000334	0.8564660499228341	-0.18623587529847763
448.2000000000334	0.865945922618199	-0.19447882694778346
448.30000000003344	0.8754257953135639	-0.20272177859708929
448.40000000003346	0.8849056680089288	-0.21096473024639512
448.5000000000335	0.8943855407042937	-0.21920768189570095
448.6000000000335	0.9038654133996585	-0.22745063354500678
448.7000000000335	0.9133452860950234	-0.2356935851943126
448.80000000003355	0.9228251587903883	-0.24393653684361843
448.9000000000336	0.9323050314857532	-0.25217948849292426
449.0000000000336	0.941784904181118	-0.2604224401422301
449.1000000000336	0.9512647768764829	-0.2686653917915359
449.20000000003364	0.941784904181118	-0.27690834344084175
449.30000000003366	0.9323050314857532	-0.2851512950901476
449.4000000000337	0.9228251587903883	-0.2933942467394534
449.5000000000337	0.9133452860950234	-0.30163719838875924
449.60000000003373	0.9038654133996585	-0.30988015003806507
449.70000000003375	0.8943855407042937	-0.3181231016873709
449.8000000000338	0.8849056680089288	-0.32636605333667673
449.9000000000338	0.8754257953135639	-0.33460900498598256
450.0000000000338	0.865945922618199	-0.3428519566352884
450.10000000003384	0.8564660499228341	-0.3510949082845942
450.20000000003387	0.8469861772274693	-0.35933785993390005
450.3000000000339	0.8375063045321044	-0.3675808115832059
450.4000000000339	0.8280264318367395	-0.3758237632325117
450.50000000003394	0.8185465591413746	-0.38406671488181754
450.60000000003396	0.8090666864460098	-0.39230966653112337
450.700000000034	0.7995868137506449	-0.4005526181804292
450.800000000034	0.79010694105528	-0.40879556982973503
450.900000000034	0.7806270683599151	-0.41703852147904086
451.00000000003405	0.7711471956645503	-0.4252814731283467
451.1000000000341	0.7616673229691854	-0.4335244247776525
451.2000000000341	0.7521874502738205	-0.44176737642695835
451.3000000000341	0.7427075775784556	-0.4500103280762642
451.40000000003414	0.7332277048830907	-0.45825327972557
451.50000000003416	0.7237478321877259	-0.46649623137487584
451.6000000000342	0.714267959492361	-0.47473918302418167
451.7000000000342	0.7047880867969961	-0.4829821346734875
451.80000000003423	0.6953082141016312	-0.4912250863227933
451.90000000003425	0.6858283414062664	-0.49946803797209915
452.0000000000343	0.6763484687109015	-0.5077109896214049
452.1000000000343	0.6668685960155366	-0.5159539412707107
452.2000000000343	0.6573887233201717	-0.5241968929200165
452.30000000003434	0.6479088506248069	-0.5324398445693223
452.40000000003437	0.638428977929442	-0.540682796218628
452.5000000000344	0.6289491052340771	-0.5489257478679338
452.6000000000344	0.6194692325387122	-0.5571686995172396
452.70000000003444	0.6099893598433473	-0.5654116511665453
452.80000000003446	0.6005094871479825	-0.5736546028158511
452.9000000000345	0.5910296144526176	-0.5818975544651569
453.0000000000345	0.5815497417572527	-0.5901405061144627
453.1000000000345	0.5720698690618878	-0.5983834577637684
453.20000000003455	0.562589996366523	-0.6066264094130742
453.3000000000346	0.5531101236711581	-0.61486936106238
453.4000000000346	0.5436302509757932	-0.6231123127116858
453.5000000000346	0.5341503782804283	-0.6313552643609915
453.60000000003464	0.5246705055850635	-0.6395982160102973
453.70000000003466	0.5151906328896986	-0.6478411676596031
453.8000000000347	0.5057107601943337	-0.6560841193089089
453.9000000000347	0.4962308874989688	-0.6643270709582146
454.00000000003473	0.48675101480360394	-0.6725700226075204
454.10000000003475	0.47727114210823907	-0.6808129742568262
454.2000000000348	0.4677912694128742	-0.689055925906132
454.3000000000348	0.4583113967175093	-0.6972988775554377
454.4000000000348	0.44883152402214443	-0.7055418292047435
454.50000000003485	0.43935165132677956	-0.7137847808540493
454.60000000003487	0.4298717786314147	-0.7220277325033551
454.7000000000349	0.4203919059360498	-0.7302706841526608
454.8000000000349	0.4109120332406849	-0.7385136358019666
454.90000000003494	0.40143216054532005	-0.7467565874512724
455.00000000003496	0.39195228784995517	-0.7549995391005782
455.100000000035	0.3824724151545903	-0.7632424907498839
455.200000000035	0.3729925424592254	-0.7714854423991897
455.300000000035	0.36351266976386054	-0.7797283940484955
455.40000000003505	0.35403279706849566	-0.7879713456978013
455.5000000000351	0.3445529243731308	-0.796214297347107
455.6000000000351	0.3350730516777659	-0.8044572489964128
455.7000000000351	0.32559317898240103	-0.8127002006457186
455.80000000003514	0.31611330628703616	-0.8209431522950243
455.90000000003516	0.3066334335916713	-0.8291861039443301
456.0000000000352	0.2971535608963064	-0.8374290555936359
456.1000000000352	0.2876736882009415	-0.8456720072429417
456.20000000003523	0.27819381550557665	-0.8539149588922474
456.30000000003525	0.26871394281021177	-0.8621579105415532
456.4000000000353	0.2592340701148469	-0.870400862190859
456.5000000000353	0.249754197419482	-0.8786438138401648
456.6000000000353	0.24027432472411708	-0.8868867654894705
456.70000000003535	0.23079445202875218	-0.8951297171387763
456.80000000003537	0.22131457933338727	-0.9033726687880821
456.9000000000354	0.21183470663802237	-0.9116156204373879
457.0000000000354	0.20235483394265746	-0.9198585720866936
457.10000000003544	0.19287496124729256	-0.9281015237359994
457.20000000003546	0.18339508855192765	-0.9363444753853052
457.3000000000355	0.17391521585656275	-0.944587427034611
457.4000000000355	0.16443534316119784	-0.9528303786839167
457.5000000000355	0.15495547046583294	-0.944587427034611
457.60000000003555	0.14547559777046803	-0.9363444753853052
457.7000000000356	0.13599572507510313	-0.9281015237359994
457.8000000000356	0.12651585237973823	-0.9198585720866936
457.9000000000356	0.11703597968437332	-0.9116156204373879
458.00000000003564	0.10755610698900842	-0.9033726687880821
458.10000000003566	0.09807623429364351	-0.8951297171387763
458.2000000000357	0.0885963615982786	-0.8868867654894705
458.3000000000357	0.0791164889029137	-0.8786438138401648
458.40000000003573	0.0696366162075488	-0.870400862190859
458.50000000003575	0.0601567435121839	-0.8621579105415532
458.6000000000358	0.050676870816819	-0.8539149588922474
458.7000000000358	0.0411969981214541	-0.8456720072429417
458.8000000000358	0.031717125426089204	-0.8374290555936359
458.90000000003585	0.022237252730724306	-0.8291861039443301
459.00000000003587	0.012757380035359409	-0.8209431522950243
459.1000000000359	0.0032775073399945107	-0.8127002006457186
459.2000000000359	-0.006202365355370387	-0.8044572489964128
459.30000000003594	-0.015682238050735285	-0.796214297347107
459.40000000003596	-0.025162110746100183	-0.7879713456978013
459.500000000036	-0.03464198344146508	-0.7797283940484955
459.600000000036	-0.04412185613682998	-0.7714854423991897
459.700000000036	-0.05360172883219488	-0.7632424907498839
459.80000000003605	-0.06308160152755977	-0.7549995391005782
459.9000000000361	-0.07256147422292467	-0.7467565874512724
460.0000000000361	-0.08204134691828957	-0.7385136358019666
460.1000000000361	-0.09152121961365448	-0.7302706841526608
460.20000000003614	-0.10100109230901938	-0.7220277325033551
460.30000000003616	-0.11048096500438429	-0.7137847808540493
460.4000000000362	-0.11996083769974919	-0.7055418292047435
460.5000000000362	-0.1294407103951141	-0.6972988775554377
460.60000000003623	-0.138920583090479	-0.689055925906132
460.70000000003625	-0.1484004557858439	-0.6808129742568262
460.8000000000363	-0.1578803284812088	-0.6725700226075204
460.9000000000363	-0.16736020117657371	-0.6643270709582146
461.0000000000363	-0.17684007387193862	-0.6560841193089089
461.10000000003635	-0.18631994656730352	-0.6478411676596031
461.20000000003637	-0.19579981926266843	-0.6395982160102973
461.3000000000364	-0.20527969195803333	-0.6313552643609915
461.4000000000364	-0.21475956465339824	-0.6231123127116858
461.50000000003644	-0.22423943734876314	-0.61486936106238
461.60000000003646	-0.23371931004412805	-0.6066264094130742
461.7000000000365	-0.24319918273949295	-0.5983834577637684
461.8000000000365	-0.25267905543485786	-0.5901405061144627
461.9000000000365	-0.26215892813022273	-0.5818975544651569
462.00000000003655	-0.2716388008255876	-0.5736546028158511
462.1000000000366	-0.2811186735209525	-0.5654116511665453
462.2000000000366	-0.29059854621631737	-0.5571686995172396
462.3000000000366	-0.30007841891168224	-0.5489257478679338
462.40000000003664	-0.3095582916070471	-0.540682796218628
462.50000000003666	-0.319038164302412	-0.5324398445693223
462.6000000000367	-0.3285180369977769	-0.5241968929200165
462.7000000000367	-0.33799790969314175	-0.5159539412707107
462.80000000003673	-0.34747778238850663	-0.5077109896214049
462.90000000003675	-0.3569576550838715	-0.4994680379720991
463.0000000000368	-0.3664375277792364	-0.49122508632279327
463.1000000000368	-0.37591740047460126	-0.48298213467348744
463.2000000000368	-0.38539727316996614	-0.4747391830241816
463.30000000003685	-0.394877145865331	-0.4664962313748758
463.40000000003687	-0.4043570185606959	-0.45825327972556995
463.5000000000369	-0.41383689125606077	-0.4500103280762641
463.6000000000369	-0.42331676395142565	-0.4417673764269583
463.70000000003694	-0.4327966366467905	-0.43352442477765246
463.80000000003696	-0.4422765093421554	-0.42528147312834663
463.900000000037	-0.4517563820375203	-0.4170385214790408
464.000000000037	-0.46123625473288515	-0.408795569829735
464.100000000037	-0.47071612742825003	-0.40055261818042914
464.20000000003705	-0.4801960001236149	-0.3923096665311233
464.3000000000371	-0.4896758728189798	-0.3840667148818175
464.4000000000371	-0.49915574551434466	-0.37582376323251165
464.5000000000371	-0.5086356182097096	-0.3675808115832058
464.60000000003714	-0.5181154909050745	-0.3593378599339
464.70000000003716	-0.5275953636004393	-0.35109490828459416
464.8000000000372	-0.5370752362958042	-0.34285195663528834
464.9000000000372	-0.5465551089911691	-0.3346090049859825
465.00000000003723	-0.556034981686534	-0.3263660533366767
465.10000000003726	-0.5655148543818989	-0.31812310168737085
465.2000000000373	-0.5749947270772637	-0.309880150038065
465.3000000000373	-0.5844745997726286	-0.3016371983887592
465.4000000000373	-0.5939544724679935	-0.29339424673945336
465.50000000003735	-0.6034343451633584	-0.2851512950901475
465.60000000003737	-0.6129142178587232	-0.2769083434408417
465.7000000000374	-0.6223940905540881	-0.26866539179153587
465.8000000000374	-0.631873963249453	-0.26042244014223004
465.90000000003744	-0.6413538359448179	-0.2521794884929242
466.00000000003746	-0.6508337086401828	-0.24393653684361838
466.1000000000375	-0.6603135813355476	-0.23569358519431255
466.2000000000375	-0.6697934540309125	-0.22745063354500672
466.3000000000375	-0.6792733267262774	-0.2192076818957009
466.40000000003755	-0.6887531994216423	-0.21096473024639506
466.5000000000376	-0.6982330721170071	-0.20272177859708923
466.6000000000376	-0.707712944812372	-0.1944788269477834
466.7000000000376	-0.7171928175077369	-0.18623587529847757
466.80000000003764	-0.7266726902031018	-0.17799292364917174
466.90000000003766	-0.7361525628984666	-0.1697499719998659
467.0000000000377	-0.7456324355938315	-0.16150702035056008
467.1000000000377	-0.7551123082891964	-0.15326406870125425
467.20000000003773	-0.7645921809845613	-0.14502111705194842
467.30000000003776	-0.7740720536799262	-0.1367781654026426
467.4000000000378	-0.783551926375291	-0.12853521375333676
467.5000000000378	-0.7930317990706559	-0.12029226210403093
467.6000000000378	-0.8025116717660208	-0.1120493104547251
467.70000000003785	-0.8119915444613857	-0.10380635880541927
467.80000000003787	-0.8214714171567505	-0.09556340715611344
467.9000000000379	-0.8309512898521154	-0.08732045550680761
468.0000000000379	-0.8404311625474803	-0.07907750385750179
468.10000000003794	-0.8499110352428452	-0.07083455220819596
468.20000000003796	-0.85939090793821	-0.06259160055889013
468.300000000038	-0.8688707806335749	-0.0543486489095843
468.400000000038	-0.8783506533289398	-0.04610569726027848
468.500000000038	-0.8878305260243047	-0.03786274561097266
468.60000000003805	-0.8973103987196696	-0.029619793961666835
468.7000000000381	-0.9067902714150344	-0.021376842312361012
468.8000000000381	-0.9162701441103993	-0.01313389066305519
468.9000000000381	-0.9257500168057642	-0.004890939013749367
469.00000000003814	-0.9352298895011291	0.003352012635556456
469.10000000003816	-0.9447097621964939	0.011594964284862279
469.2000000000382	-0.9541896348918588	0.0198379159341681
469.3000000000382	-0.9447097621964939	0.028080867583473924
469.40000000003823	-0.9352298895011291	0.03632381923277975
469.50000000003826	-0.9257500168057642	0.04456677088208557
469.6000000000383	-0.9162701441103993	0.05280972253139139
469.7000000000383	-0.9067902714150344	0.061052674180697215
469.8000000000383	-0.8973103987196696	0.06929562583000304
469.90000000003835	-0.8878305260243047	0.07753857747930887
470.00000000003837	-0.8783506533289398	0.0857815291286147
470.1000000000384	-0.8688707806335749	0.09402448077792053
470.2000000000384	-0.85939090793821	0.10226743242722636
470.30000000003844	-0.8499110352428452	0.11051038407653219
470.40000000003846	-0.8404311625474803	0.11875333572583802
470.5000000000385	-0.8309512898521154	0.12699628737514385
470.6000000000385	-0.8214714171567505	0.13523923902444968
470.70000000003853	-0.8119915444613857	0.1434821906737555
470.80000000003855	-0.8025116717660208	0.15172514232306133
470.9000000000386	-0.7930317990706559	0.15996809397236716
471.0000000000386	-0.783551926375291	0.168211045621673
471.1000000000386	-0.7740720536799262	0.17645399727097882
471.20000000003864	-0.7645921809845613	0.18469694892028465
471.30000000003866	-0.7551123082891964	0.19293990056959048
471.4000000000387	-0.7456324355938315	0.2011828522188963
471.5000000000387	-0.7361525628984666	0.20942580386820214
471.60000000003873	-0.7266726902031018	0.21766875551750797
471.70000000003876	-0.7171928175077369	0.2259117071668138
471.8000000000388	-0.707712944812372	0.23415465881611963
471.9000000000388	-0.6982330721170071	0.24239761046542546
472.0000000000388	-0.6887531994216423	0.2506405621147313
472.10000000003885	-0.6792733267262774	0.2588835137640371
472.20000000003887	-0.6697934540309125	0.26712646541334295
472.3000000000389	-0.6603135813355476	0.2753694170626488
472.4000000000389	-0.6508337086401828	0.2836123687119546
472.50000000003894	-0.6413538359448179	0.29185532036126044
472.60000000003896	-0.631873963249453	0.30009827201056627
472.700000000039	-0.6223940905540881	0.3083412236598721
472.800000000039	-0.6129142178587232	0.31658417530917793
472.90000000003903	-0.6034343451633584	0.32482712695848376
473.00000000003905	-0.5939544724679935	0.3330700786077896
473.1000000000391	-0.5844745997726286	0.3413130302570954
473.2000000000391	-0.5749947270772637	0.34955598190640125
473.3000000000391	-0.5655148543818989	0.3577989335557071
473.40000000003914	-0.556034981686534	0.3660418852050129
473.50000000003917	-0.5465551089911691	0.37428483685431874
473.6000000000392	-0.5370752362958042	0.38252778850362457
473.7000000000392	-0.5275953636004393	0.3907707401529304
473.80000000003923	-0.5181154909050745	0.3990136918022362
473.90000000003926	-0.5086356182097096	0.40725664345154206
474.0000000000393	-0.4991557455143447	0.4154995951008479
474.1000000000393	-0.48967587281897984	0.4237425467501537
474.2000000000393	-0.48019600012361496	0.43198549839945954
474.30000000003935	-0.4707161274282501	0.4402284500487654
474.40000000003937	-0.4612362547328852	0.4484714016980712
474.5000000000394	-0.45175638203752033	0.45671435334737703
474.6000000000394	-0.44227650934215545	0.46495730499668286
474.70000000003944	-0.4327966366467906	0.4732002566459887
474.80000000003946	-0.4233167639514257	0.4814432082952945
474.9000000000395	-0.4138368912560608	0.48968615994460035
475.0000000000395	-0.40435701856069595	0.4979291115939062
475.10000000003953	-0.39487714586533107	0.506172063243212
475.20000000003955	-0.3853972731699662	0.5144150148925177
475.3000000000396	-0.3759174004746013	0.5226579665418235
475.4000000000396	-0.36643752777923644	0.5309009181911293
475.5000000000396	-0.35695765508387156	0.539143869840435
475.60000000003964	-0.3474777823885067	0.5473868214897408
475.70000000003967	-0.3379979096931418	0.5556297731390466
475.8000000000397	-0.32851803699777693	0.5638727247883524
475.9000000000397	-0.31903816430241205	0.5721156764376581
476.00000000003973	-0.3095582916070472	0.5803586280869639
476.10000000003976	-0.3000784189116823	0.5886015797362697
476.2000000000398	-0.2905985462163174	0.5968445313855755
476.3000000000398	-0.28111867352095254	0.6050874830348812
476.4000000000398	-0.27163880082558767	0.613330434684187
476.50000000003985	-0.2621589281302228	0.6215733863334928
476.60000000003987	-0.2526790554348579	0.6298163379827986
476.7000000000399	-0.243199182739493	0.6380592896321043
476.8000000000399	-0.2337193100441281	0.6463022412814101
476.90000000003994	-0.2242394373487632	0.6545451929307159
477.00000000003996	-0.2147595646533983	0.6627881445800217
477.10000000004	-0.2052796919580334	0.6710310962293274
477.20000000004	-0.19579981926266848	0.6792740478786332
477.30000000004003	-0.18631994656730358	0.687516999527939
477.40000000004005	-0.17684007387193867	0.6957599511772448
477.5000000000401	-0.16736020117657377	0.7040029028265505
477.6000000000401	-0.15788032848120886	0.7122458544758563
477.7000000000401	-0.14840045578584396	0.7204888061251621
477.80000000004014	-0.13892058309047906	0.7287317577744679
477.90000000004017	-0.12944071039511415	0.7369747094237736
478.0000000000402	-0.11996083769974925	0.7452176610730794
478.1000000000402	-0.11048096500438434	0.7534606127223852
478.20000000004023	-0.10100109230901944	0.761703564371691
478.30000000004026	-0.09152121961365453	0.7699465160209967
478.4000000000403	-0.08204134691828963	0.7781894676703025
478.5000000000403	-0.07256147422292472	0.7864324193196083
478.6000000000403	-0.06308160152755982	0.794675370968914
478.70000000004035	-0.05360172883219492	0.8029183226182198
478.80000000004037	-0.04412185613683002	0.8111612742675256
478.9000000000404	-0.03464198344146512	0.8194042259168314
479.0000000000404	-0.025162110746100225	0.8276471775661371
479.10000000004044	-0.015682238050735327	0.8358901292154429
479.20000000004046	-0.006202365355370429	0.8441330808647487
479.3000000000405	0.003277507339994469	0.8523760325140545
479.4000000000405	0.012757380035359367	0.8606189841633602
479.50000000004053	0.022237252730724265	0.868861935812666
479.60000000004055	0.03171712542608916	0.8771048874619718
479.7000000000406	0.04119699812145406	0.8853478391112776
479.8000000000406	0.05067687081681896	0.8935907907605833
479.9000000000406	0.060156743512183856	0.9018337424098891
480.00000000004064	0.06963661620754875	0.9100766940591949
480.10000000004067	0.07911648890291365	0.9183196457085007
480.2000000000407	0.08859636159827855	0.9265625973578064
480.3000000000407	0.09807623429364346	0.9348055490071122
480.40000000004073	0.10755610698900836	0.943048500656418
480.50000000004076	0.11703597968437326	0.9512914523057238
480.6000000000408	0.12651585237973817	0.943048500656418
480.7000000000408	0.13599572507510307	0.9348055490071122
480.8000000000408	0.14547559777046798	0.9265625973578064
480.90000000004085	0.15495547046583288	0.9183196457085007
481.00000000004087	0.1644353431611978	0.9100766940591949
481.1000000000409	0.1739152158565627	0.9018337424098891
481.2000000000409	0.1833950885519276	0.8935907907605833
481.30000000004094	0.1928749612472925	0.8853478391112776
481.40000000004096	0.2023548339426574	0.8771048874619718
481.500000000041	0.2118347066380223	0.868861935812666
481.600000000041	0.22131457933338722	0.8606189841633602
481.70000000004103	0.23079445202875212	0.8523760325140545
481.80000000004105	0.24027432472411703	0.8441330808647487
481.9000000000411	0.24975419741948193	0.8358901292154429
482.0000000000411	0.25923407011484684	0.8276471775661371
482.1000000000411	0.2687139428102117	0.8194042259168314
482.20000000004114	0.2781938155055766	0.8111612742675256
482.30000000004117	0.28767368820094147	0.8029183226182198
482.4000000000412	0.29715356089630635	0.794675370968914
482.5000000000412	0.3066334335916712	0.7864324193196083
482.60000000004123	0.3161133062870361	0.7781894676703025
482.70000000004126	0.325593178982401	0.7699465160209967
482.8000000000413	0.33507305167776585	0.761703564371691
482.9000000000413	0.34455292437313073	0.7534606127223852
483.0000000000413	0.3540327970684956	0.7452176610730794
483.10000000004135	0.3635126697638605	0.7369747094237736
483.20000000004137	0.37299254245922536	0.7287317577744679
483.3000000000414	0.38247241515459024	0.7204888061251621
483.4000000000414	0.3919522878499551	0.7122458544758563
483.50000000004144	0.40143216054532	0.7040029028265505
483.60000000004146	0.41091203324068487	0.6957599511772448
483.7000000000415	0.42039190593604975	0.687516999527939
483.8000000000415	0.4298717786314146	0.6792740478786332
483.90000000004153	0.4393516513267795	0.6710310962293274
484.00000000004155	0.4488315240221444	0.6627881445800217
484.1000000000416	0.45831139671750926	0.6545451929307159
484.2000000000416	0.46779126941287413	0.6463022412814101
484.3000000000416	0.477271142108239	0.6380592896321043
484.40000000004164	0.4867510148036039	0.6298163379827986
484.50000000004167	0.49623088749896876	0.6215733863334928
484.6000000000417	0.5057107601943337	0.613330434684187
484.7000000000417	0.5151906328896986	0.6050874830348812
484.80000000004173	0.5246705055850635	0.5968445313855755
484.90000000004176	0.5341503782804283	0.5886015797362697
485.0000000000418	0.5436302509757932	0.5803586280869639
485.1000000000418	0.5531101236711581	0.5721156764376581
485.2000000000418	0.562589996366523	0.5638727247883524
485.30000000004185	0.5720698690618878	0.5556297731390466
485.40000000004187	0.5815497417572527	0.5473868214897408
485.5000000000419	0.5910296144526176	0.539143869840435
485.6000000000419	0.6005094871479825	0.5309009181911293
485.70000000004194	0.6099893598433473	0.5226579665418235
485.80000000004196	0.6194692325387122	0.5144150148925177
485.900000000042	0.6289491052340771	0.506172063243212
486.000000000042	0.638428977929442	0.4979291115939061
486.10000000004203	0.6479088506248069	0.4896861599446003
486.20000000004205	0.6573887233201717	0.48144320829529447
486.3000000000421	0.6668685960155366	0.47320025664598864
486.4000000000421	0.6763484687109015	0.4649573049966828
486.5000000000421	0.6858283414062664	0.456714353347377
486.60000000004214	0.6953082141016312	0.44847140169807115
486.70000000004217	0.7047880867969961	0.4402284500487653
486.8000000000422	0.714267959492361	0.4319854983994595
486.9000000000422	0.7237478321877259	0.42374254675015366
487.00000000004223	0.7332277048830907	0.41549959510084783
487.10000000004226	0.7427075775784556	0.407256643451542
487.2000000000423	0.7521874502738205	0.39901369180223617
487.3000000000423	0.7616673229691854	0.39077074015293034
487.4000000000423	0.7711471956645503	0.3825277885036245
487.50000000004235	0.7806270683599151	0.3742848368543187
487.60000000004237	0.79010694105528	0.36604188520501285
487.7000000000424	0.7995868137506449	0.357798933555707
487.8000000000424	0.8090666864460098	0.3495559819064012
487.90000000004244	0.8185465591413746	0.34131303025709536
488.00000000004246	0.8280264318367395	0.33307007860778953
488.1000000000425	0.8375063045321044	0.3248271269584837
488.2000000000425	0.8469861772274693	0.3165841753091779
488.30000000004253	0.8564660499228341	0.30834122365987204
488.40000000004255	0.865945922618199	0.3000982720105662
488.5000000000426	0.8754257953135639	0.2918553203612604
488.6000000000426	0.8849056680089288	0.28361236871195455
488.7000000000426	0.8943855407042937	0.2753694170626487
488.80000000004264	0.9038654133996585	0.2671264654133429
488.90000000004267	0.9133452860950234	0.25888351376403707
489.0000000000427	0.9228251587903883	0.25064056211473124
489.1000000000427	0.9323050314857532	0.2423976104654254
489.20000000004273	0.941784904181118	0.23415465881611958
489.30000000004276	0.9512647768764829	0.22591170716681375
489.4000000000428	0.941784904181118	0.21766875551750792
489.5000000000428	0.9323050314857532	0.2094258038682021
489.6000000000428	0.9228251587903883	0.20118285221889626
489.70000000004285	0.9133452860950234	0.19293990056959043
489.80000000004287	0.9038654133996585	0.1846969489202846
489.9000000000429	0.8943855407042937	0.17645399727097877
490.0000000000429	0.8849056680089288	0.16821104562167294
490.10000000004294	0.8754257953135639	0.1599680939723671
490.20000000004296	0.865945922618199	0.15172514232306128
490.300000000043	0.8564660499228341	0.14348219067375545
490.400000000043	0.8469861772274693	0.13523923902444962
490.50000000004303	0.8375063045321044	0.1269962873751438
490.60000000004305	0.8280264318367395	0.11875333572583796
490.7000000000431	0.8185465591413746	0.11051038407653213
490.8000000000431	0.8090666864460098	0.1022674324272263
490.9000000000431	0.7995868137506449	0.09402448077792047
491.00000000004314	0.79010694105528	0.08578152912861464
491.10000000004317	0.7806270683599151	0.07753857747930881
491.2000000000432	0.7711471956645503	0.06929562583000298
491.3000000000432	0.7616673229691854	0.06105267418069716
491.40000000004324	0.7521874502738205	0.05280972253139134
491.50000000004326	0.7427075775784556	0.044566770882085514
491.6000000000433	0.7332277048830907	0.03632381923277969
491.7000000000433	0.7237478321877259	0.02808086758347387
491.8000000000433	0.714267959492361	0.019837915934168046
491.90000000004335	0.7047880867969961	0.011594964284862223
492.00000000004337	0.6953082141016312	0.0033520126355564006
492.1000000000434	0.6858283414062664	-0.004890939013749422
492.2000000000434	0.6763484687109015	-0.013133890663055245
492.30000000004344	0.6668685960155366	-0.021376842312361068
492.40000000004346	0.6573887233201717	-0.02961979396166689
492.5000000000435	0.6479088506248069	-0.03786274561097271
492.6000000000435	0.638428977929442	-0.046105697260278536
492.70000000004353	0.6289491052340771	-0.05434864890958436
492.80000000004355	0.6194692325387122	-0.06259160055889018
492.9000000000436	0.6099893598433473	-0.07083455220819601
493.0000000000436	0.6005094871479825	-0.07907750385750184
493.1000000000436	0.5910296144526176	-0.08732045550680767
493.20000000004364	0.5815497417572527	-0.0955634071561135
493.30000000004367	0.5720698690618878	-0.10380635880541933
493.4000000000437	0.562589996366523	-0.11204931045472516
493.5000000000437	0.5531101236711581	-0.12029226210403099
493.60000000004374	0.5436302509757932	-0.12853521375333682
493.70000000004376	0.5341503782804283	-0.13677816540264265
493.8000000000438	0.5246705055850635	-0.14502111705194848
493.9000000000438	0.5151906328896986	-0.1532640687012543
494.0000000000438	0.5057107601943337	-0.16150702035056014
494.10000000004385	0.4962308874989688	-0.16974997199986597
494.2000000000439	0.48675101480360394	-0.1779929236491718
494.3000000000439	0.47727114210823907	-0.18623587529847763
494.4000000000439	0.4677912694128742	-0.19447882694778346
494.50000000004394	0.4583113967175093	-0.20272177859708929
494.60000000004396	0.44883152402214443	-0.21096473024639512
494.700000000044	0.43935165132677956	-0.21920768189570095
494.800000000044	0.4298717786314147	-0.22745063354500678
494.90000000004403	0.4203919059360498	-0.2356935851943126
495.00000000004405	0.4109120332406849	-0.24393653684361843
495.1000000000441	0.40143216054532005	-0.25217948849292426
495.2000000000441	0.39195228784995517	-0.2604224401422301
495.3000000000441	0.3824724151545903	-0.2686653917915359
495.40000000004414	0.3729925424592254	-0.27690834344084175
495.50000000004417	0.36351266976386054	-0.2851512950901476
495.6000000000442	0.35403279706849566	-0.2933942467394534
495.7000000000442	0.3445529243731308	-0.30163719838875924
495.80000000004424	0.3350730516777659	-0.30988015003806507
495.90000000004426	0.32559317898240103	-0.3181231016873709
496.0000000000443	0.31611330628703616	-0.32636605333667673
496.1000000000443	0.3066334335916713	-0.33460900498598256
496.2000000000443	0.2971535608963064	-0.3428519566352884
496.30000000004435	0.2876736882009415	-0.3510949082845942
496.4000000000444	0.27819381550557665	-0.35933785993390005
496.5000000000444	0.26871394281021177	-0.3675808115832059
496.6000000000444	0.2592340701148469	-0.3758237632325117
496.70000000004444	0.249754197419482	-0.38406671488181754
496.80000000004446	0.24027432472411708	-0.39230966653112337
496.9000000000445	0.23079445202875218	-0.4005526181804292
497.0000000000445	0.22131457933338727	-0.40879556982973503
497.10000000004453	0.21183470663802237	-0.41703852147904086
497.20000000004455	0.20235483394265746	-0.4252814731283467
497.3000000000446	0.19287496124729256	-0.4335244247776525
497.4000000000446	0.18339508855192765	-0.44176737642695835
497.5000000000446	0.17391521585656275	-0.4500103280762642
497.60000000004464	0.16443534316119784	-0.45825327972557
497.70000000004467	0.15495547046583294	-0.46649623137487584
497.8000000000447	0.14547559777046803	-0.47473918302418167
497.9000000000447	0.13599572507510313	-0.4829821346734875
498.00000000004474	0.12651585237973823	-0.4912250863227933
498.10000000004476	0.11703597968437332	-0.49946803797209915
498.2000000000448	0.10755610698900842	-0.5077109896214049
498.3000000000448	0.09807623429364351	-0.5159539412707107
498.4000000000448	0.0885963615982786	-0.5241968929200165
498.50000000004485	0.0791164889029137	-0.5324398445693223
498.6000000000449	0.0696366162075488	-0.540682796218628
498.7000000000449	0.0601567435121839	-0.5489257478679338
498.8000000000449	0.050676870816819	-0.5571686995172396
498.90000000004494	0.0411969981214541	-0.5654116511665453
499.00000000004496	0.031717125426089204	-0.5736546028158511
499.100000000045	0.022237252730724306	-0.5818975544651569
499.200000000045	0.012757380035359409	-0.5901405061144627
499.30000000004503	0.0032775073399945107	-0.5983834577637684
499.40000000004505	-0.006202365355370387	-0.6066264094130742
499.5000000000451	-0.015682238050735285	-0.61486936106238
499.6000000000451	-0.025162110746100183	-0.6231123127116858
499.7000000000451	-0.03464198344146508	-0.6313552643609915
499.80000000004515	-0.04412185613682998	-0.6395982160102973
499.90000000004517	-0.05360172883219488	-0.6478411676596031
500.0000000000452	-0.06308160152755977	-0.6560841193089089
500.1000000000452	-0.07256147422292467	-0.6643270709582146
500.20000000004524	-0.08204134691828957	-0.6725700226075204
500.30000000004526	-0.09152121961365448	-0.6808129742568262
500.4000000000453	-0.10100109230901938	-0.689055925906132
500.5000000000453	-0.11048096500438429	-0.6972988775554377
500.6000000000453	-0.11996083769974919	-0.7055418292047435
500.70000000004535	-0.1294407103951141	-0.7137847808540493
500.8000000000454	-0.138920583090479	-0.7220277325033551
500.9000000000454	-0.1484004557858439	-0.7302706841526608
501.0000000000454	-0.1578803284812088	-0.7385136358019666
501.10000000004544	-0.16736020117657371	-0.7467565874512724
501.20000000004546	-0.17684007387193862	-0.7549995391005782
501.3000000000455	-0.18631994656730352	-0.7632424907498839
501.4000000000455	-0.19579981926266843	-0.7714854423991897
501.50000000004553	-0.20527969195803333	-0.7797283940484955
501.60000000004555	-0.21475956465339824	-0.7879713456978013
501.7000000000456	-0.22423943734876314	-0.796214297347107
501.8000000000456	-0.23371931004412805	-0.8044572489964128
501.9000000000456	-0.24319918273949295	-0.8127002006457186
502.00000000004565	-0.25267905543485786	-0.8209431522950243
502.10000000004567	-0.26215892813022273	-0.8291861039443301
502.2000000000457	-0.2716388008255876	-0.8374290555936359
502.3000000000457	-0.2811186735209525	-0.8456720072429417
502.40000000004574	-0.29059854621631737	-0.8539149588922474
502.50000000004576	-0.30007841891168224	-0.8621579105415532
502.6000000000458	-0.3095582916070471	-0.870400862190859
502.7000000000458	-0.319038164302412	-0.8786438138401648
502.8000000000458	-0.3285180369977769	-0.8868867654894705
502.90000000004585	-0.33799790969314175	-0.8951297171387763
503.0000000000459	-0.34747778238850663	-0.9033726687880821
503.1000000000459	-0.3569576550838715	-0.9116156204373879
503.2000000000459	-0.3664375277792364	-0.9198585720866936
503.30000000004594	-0.37591740047460126	-0.9281015237359994
503.40000000004596	-0.38539727316996614	-0.9363444753853052
503.500000000046	-0.394877145865331	-0.944587427034611
503.600000000046	-0.4043570185606959	-0.9528303786839167
503.70000000004603	-0.41383689125606077	-0.944587427034611
503.80000000004605	-0.42331676395142565	-0.9363444753853052
503.9000000000461	-0.4327966366467905	-0.9281015237359994
504.0000000000461	-0.4422765093421554	-0.9198585720866936
504.1000000000461	-0.4517563820375203	-0.9116156204373879
504.20000000004615	-0.46123625473288515	-0.9033726687880821
504.30000000004617	-0.47071612742825003	-0.8951297171387763
504.4000000000462	-0.4801960001236149	-0.8868867654894705
504.5000000000462	-0.4896758728189798	-0.8786438138401648
504.60000000004624	-0.49915574551434466	-0.870400862190859
504.70000000004626	-0.5086356182097096	-0.8621579105415532
504.8000000000463	-0.5181154909050745	-0.8539149588922474
504.9000000000463	-0.5275953636004393	-0.8456720072429417
505.0000000000463	-0.5370752362958042	-0.8374290555936359
505.10000000004635	-0.5465551089911691	-0.8291861039443301
505.2000000000464	-0.556034981686534	-0.8209431522950243
505.3000000000464	-0.5655148543818989	-0.8127002006457186
505.4000000000464	-0.5749947270772637	-0.8044572489964128
505.50000000004644	-0.5844745997726286	-0.796214297347107
505.60000000004646	-0.5939544724679935	-0.7879713456978013
505.7000000000465	-0.6034343451633584	-0.7797283940484955
505.8000000000465	-0.6129142178587232	-0.7714854423991897
505.90000000004653	-0.6223940905540881	-0.7632424907498839
506.00000000004655	-0.631873963249453	-0.7549995391005782
506.1000000000466	-0.6413538359448179	-0.7467565874512724
506.2000000000466	-0.6508337086401828	-0.7385136358019666
506.3000000000466	-0.6603135813355476	-0.7302706841526608
506.40000000004665	-0.6697934540309125	-0.7220277325033551
506.50000000004667	-0.6792733267262774	-0.7137847808540493
506.6000000000467	-0.6887531994216423	-0.7055418292047435
506.7000000000467	-0.6982330721170071	-0.6972988775554377
506.80000000004674	-0.707712944812372	-0.689055925906132
506.90000000004676	-0.7171928175077369	-0.6808129742568262
507.0000000000468	-0.7266726902031018	-0.6725700226075204
507.1000000000468	-0.7361525628984666	-0.6643270709582146
507.2000000000468	-0.7456324355938315	-0.6560841193089089
507.30000000004685	-0.7551123082891964	-0.6478411676596031
507.4000000000469	-0.7645921809845613	-0.6395982160102973
507.5000000000469	-0.7740720536799262	-0.6313552643609915
507.6000000000469	-0.783551926375291	-0.6231123127116858
507.70000000004694	-0.7930317990706559	-0.61486936106238
507.80000000004696	-0.8025116717660208	-0.6066264094130742
507.900000000047	-0.8119915444613857	-0.5983834577637684
508.000000000047	-0.8214714171567505	-0.5901405061144627
508.10000000004703	-0.8309512898521154	-0.5818975544651569
508.20000000004705	-0.8404311625474803	-0.5736546028158511
508.3000000000471	-0.8499110352428452	-0.5654116511665453
508.4000000000471	-0.85939090793821	-0.5571686995172396
508.5000000000471	-0.8688707806335749	-0.5489257478679338
508.60000000004715	-0.8783506533289398	-0.540682796218628
508.70000000004717	-0.8878305260243047	-0.5324398445693223
508.8000000000472	-0.8973103987196696	-0.5241968929200165
508.9000000000472	-0.9067902714150344	-0.5159539412707107
509.00000000004724	-0.9162701441103993	-0.5077109896214049
509.10000000004726	-0.9257500168057642	-0.4994680379720991
509.2000000000473	-0.9352298895011291	-0.49122508632279327
509.3000000000473	-0.9447097621964939	-0.48298213467348744
509.4000000000473	-0.9541896348918588	-0.4747391830241816
509.50000000004735	-0.9447097621964939	-0.4664962313748758
509.6000000000474	-0.9352298895011291	-0.45825327972556995
509.7000000000474	-0.9257500168057642	-0.4500103280762641
509.8000000000474	-0.9162701441103993	-0.4417673764269583
509.90000000004744	-0.9067902714150344	-0.43352442477765246
510.00000000004746	-0.8973103987196696	-0.42528147312834663
510.1000000000475	-0.8878305260243047	-0.4170385214790408
510.2000000000475	-0.8783506533289398	-0.408795569829735
510.30000000004753	-0.8688707806335749	-0.40055261818042914
510.40000000004756	-0.85939090793821	-0.3923096665311233
510.5000000000476	-0.8499110352428452	-0.3840667148818175
510.6000000000476	-0.8404311625474803	-0.37582376323251165
510.7000000000476	-0.8309512898521154	-0.3675808115832058
510.80000000004765	-0.8214714171567505	-0.3593378599339
510.90000000004767	-0.8119915444613857	-0.35109490828459416
511.0000000000477	-0.8025116717660208	-0.34285195663528834
511.1000000000477	-0.7930317990706559	-0.3346090049859825
511.20000000004774	-0.783551926375291	-0.3263660533366767
511.30000000004776	-0.7740720536799262	-0.31812310168737085
511.4000000000478	-0.7645921809845613	-0.309880150038065
511.5000000000478	-0.7551123082891964	-0.3016371983887592
511.6000000000478	-0.7456324355938315	-0.29339424673945336
511.70000000004785	-0.7361525628984666	-0.2851512950901475
511.8000000000479	-0.7266726902031018	-0.2769083434408417
511.9000000000479	-0.7171928175077369	-0.26866539179153587
512.0000000000479	-0.7077129448123773	-0.26042244014223476
512.1000000000479	-0.6982330721170125	-0.2521794884929289
512.2000000000479	-0.6887531994216476	-0.2439365368436231
512.3000000000479	-0.6792733267262827	-0.23569358519431727
512.400000000048	-0.6697934540309178	-0.22745063354501144
512.500000000048	-0.660313581335553	-0.2192076818957056
512.600000000048	-0.6508337086401881	-0.21096473024639978
512.700000000048	-0.6413538359448232	-0.20272177859709395
512.800000000048	-0.6318739632494583	-0.19447882694778812
512.9000000000481	-0.6223940905540934	-0.1862358752984823
513.0000000000481	-0.6129142178587286	-0.17799292364917646
513.1000000000481	-0.6034343451633637	-0.16974997199987063
513.2000000000481	-0.5939544724679988	-0.1615070203505648
513.3000000000482	-0.5844745997726339	-0.15326406870125897
513.4000000000482	-0.5749947270772691	-0.14502111705195314
513.5000000000482	-0.5655148543819042	-0.1367781654026473
513.6000000000482	-0.5560349816865393	-0.12853521375334148
513.7000000000482	-0.5465551089911744	-0.12029226210403565
513.8000000000483	-0.5370752362958096	-0.11204931045472982
513.9000000000483	-0.5275953636004447	-0.10380635880542399
514.0000000000483	-0.5181154909050798	-0.09556340715611816
514.1000000000483	-0.5086356182097149	-0.08732045550681233
514.2000000000484	-0.49915574551435005	-0.0790775038575065
514.3000000000484	-0.48967587281898517	-0.07083455220820067
514.4000000000484	-0.4801960001236203	-0.06259160055889484
514.5000000000484	-0.4707161274282554	-0.05434864890958902
514.6000000000485	-0.46123625473289054	-0.0461056972602832
514.7000000000485	-0.45175638203752566	-0.037862745610977376
514.8000000000485	-0.4422765093421608	-0.029619793961671553
514.9000000000485	-0.4327966366467959	-0.02137684231236573
515.0000000000485	-0.42331676395143103	-0.013133890663059908
515.1000000000486	-0.41383689125606615	-0.004890939013754085
515.2000000000486	-0.4043570185607013	0.0033520126355517377
515.3000000000486	-0.3948771458653364	0.01159496428485756
515.4000000000486	-0.3853972731699715	0.019837915934163383
515.5000000000487	-0.37591740047460664	0.028080867583469206
515.6000000000487	-0.36643752777924177	0.03632381923277503
515.7000000000487	-0.3569576550838769	0.04456677088208085
515.8000000000487	-0.347477782388512	0.052809722531386674
515.9000000000487	-0.33799790969314714	0.0610526741806925
516.0000000000488	-0.32851803699778226	0.06929562582999832
516.1000000000488	-0.3190381643024174	0.07753857747930415
516.2000000000488	-0.3095582916070525	0.08578152912860998
516.3000000000488	-0.3000784189116876	0.09402448077791581
516.4000000000489	-0.29059854621632275	0.10226743242722164
516.5000000000489	-0.2811186735209579	0.11051038407652747
516.6000000000489	-0.271638800825593	0.1187533357258333
516.7000000000489	-0.2621589281302281	0.12699628737513913
516.800000000049	-0.25267905543486324	0.13523923902444496
516.900000000049	-0.24319918273949834	0.1434821906737508
517.000000000049	-0.23371931004413343	0.15172514232305662
517.100000000049	-0.22423943734876853	0.15996809397236245
517.200000000049	-0.21475956465340362	0.16821104562166828
517.3000000000491	-0.20527969195803872	0.1764539972709741
517.4000000000491	-0.1957998192626738	0.18469694892027994
517.5000000000491	-0.1863199465673089	0.19293990056958576
517.6000000000491	-0.176840073871944	0.2011828522188916
517.7000000000492	-0.1673602011765791	0.20942580386819742
517.8000000000492	-0.1578803284812142	0.21766875551750325
517.9000000000492	-0.1484004557858493	0.22591170716680908
518.0000000000492	-0.13892058309048438	0.2341546588161149
518.1000000000492	-0.12944071039511948	0.24239761046542074
518.2000000000493	-0.11996083769975457	0.2506405621147266
518.3000000000493	-0.11048096500438967	0.2588835137640324
518.4000000000493	-0.10100109230902476	0.26712646541333823
518.5000000000493	-0.09152121961365986	0.27536941706264406
518.6000000000494	-0.08204134691829496	0.2836123687119499
518.7000000000494	-0.07256147422293005	0.2918553203612557
518.8000000000494	-0.06308160152756515	0.30009827201056155
518.9000000000494	-0.05360172883220025	0.3083412236598674
519.0000000000495	-0.04412185613683535	0.3165841753091732
519.1000000000495	-0.03464198344147045	0.32482712695847904
519.2000000000495	-0.025162110746105554	0.33307007860778487
519.3000000000495	-0.015682238050740656	0.3413130302570907
519.4000000000495	-0.006202365355375758	0.34955598190639653
519.5000000000496	0.00327750733998914	0.35779893355570236
519.6000000000496	0.012757380035354038	0.3660418852050082
519.7000000000496	0.022237252730718936	0.374284836854314
519.8000000000496	0.031717125426083834	0.38252778850361985
519.9000000000497	0.04119699812144873	0.3907707401529257
520.0000000000497	0.05067687081681363	0.3990136918022315
520.1000000000497	0.06015674351217853	0.40725664345153734
520.2000000000497	0.06963661620754343	0.41549959510084317
520.3000000000497	0.07911648890290832	0.423742546750149
520.4000000000498	0.08859636159827322	0.4319854983994548
520.5000000000498	0.09807623429363813	0.44022845004876066
520.6000000000498	0.10755610698900303	0.4484714016980665
520.7000000000498	0.11703597968436794	0.4567143533473723
520.8000000000499	0.12651585237973284	0.46495730499667814
520.9000000000499	0.13599572507509775	0.473200256645984
521.0000000000499	0.14547559777046265	0.4814432082952898
521.1000000000499	0.15495547046582756	0.48968615994459563
521.20000000005	0.16443534316119246	0.49792911159390146
521.30000000005	0.17391521585655736	0.5061720632432073
521.40000000005	0.18339508855192227	0.5144150148925131
521.50000000005	0.19287496124728717	0.5226579665418188
521.60000000005	0.20235483394265208	0.5309009181911246
521.7000000000501	0.21183470663801698	0.5391438698404304
521.8000000000501	0.2213145793333819	0.5473868214897362
521.9000000000501	0.2307944520287468	0.5556297731390419
522.0000000000501	0.2402743247241117	0.5638727247883477
522.1000000000502	0.2497541974194766	0.5721156764376535
522.2000000000502	0.2592340701148415	0.5803586280869593
522.3000000000502	0.2687139428102064	0.588601579736265
522.4000000000502	0.27819381550557126	0.5968445313855708
522.5000000000502	0.28767368820093614	0.6050874830348766
522.6000000000503	0.297153560896301	0.6133304346841824
522.7000000000503	0.3066334335916659	0.6215733863334881
522.8000000000503	0.31611330628703077	0.6298163379827939
522.9000000000503	0.32559317898239565	0.6380592896320997
523.0000000000504	0.3350730516777605	0.6463022412814055
523.1000000000504	0.3445529243731254	0.6545451929307112
523.2000000000504	0.3540327970684903	0.662788144580017
523.3000000000504	0.36351266976385516	0.6710310962293228
523.4000000000505	0.37299254245922003	0.6792740478786286
523.5000000000505	0.3824724151545849	0.6875169995279343
523.6000000000505	0.3919522878499498	0.6957599511772401
523.7000000000505	0.40143216054531466	0.7040029028265459
523.8000000000505	0.41091203324067954	0.7122458544758516
523.9000000000506	0.4203919059360444	0.7204888061251574
524.0000000000506	0.4298717786314093	0.7287317577744632
524.1000000000506	0.4393516513267742	0.736974709423769
524.2000000000506	0.44883152402213905	0.7452176610730747
524.3000000000507	0.4583113967175039	0.7534606127223805
524.4000000000507	0.4677912694128688	0.7617035643716863
524.5000000000507	0.4772711421082337	0.7699465160209921
524.6000000000507	0.48675101480359856	0.7781894676702978
524.7000000000507	0.49623088749896344	0.7864324193196036
524.8000000000508	0.5057107601943284	0.7946753709689094
524.9000000000508	0.5151906328896932	0.8029183226182152
525.0000000000508	0.5246705055850581	0.8111612742675209
525.1000000000508	0.534150378280423	0.8194042259168267
525.2000000000509	0.5436302509757879	0.8276471775661325
525.3000000000509	0.5531101236711528	0.8358901292154383
525.4000000000509	0.5625899963665176	0.844133080864744
525.5000000000509	0.5720698690618825	0.8523760325140498
525.600000000051	0.5815497417572474	0.8606189841633556
525.700000000051	0.5910296144526123	0.8688619358126614
525.800000000051	0.6005094871479771	0.8771048874619671
525.900000000051	0.609989359843342	0.8853478391112729
526.000000000051	0.6194692325387069	0.8935907907605787
526.1000000000511	0.6289491052340718	0.9018337424098845
526.2000000000511	0.6384289779294366	0.9100766940591902
526.3000000000511	0.6479088506248015	0.918319645708496
526.4000000000511	0.6573887233201664	0.9265625973578018
526.5000000000512	0.6668685960155313	0.9348055490071076
526.6000000000512	0.6763484687108962	0.9430485006564133
526.7000000000512	0.685828341406261	0.9512914523057191
526.8000000000512	0.6953082141016259	0.9430485006564133
526.9000000000513	0.7047880867969908	0.9348055490071076
527.0000000000513	0.7142679594923557	0.9265625973578018
527.1000000000513	0.7237478321877205	0.918319645708496
527.2000000000513	0.7332277048830854	0.9100766940591902
527.3000000000513	0.7427075775784503	0.9018337424098845
527.4000000000514	0.7521874502738152	0.8935907907605787
527.5000000000514	0.76166732296918	0.8853478391112729
527.6000000000514	0.7711471956645449	0.8771048874619671
527.7000000000514	0.7806270683599098	0.8688619358126614
527.8000000000515	0.7901069410552747	0.8606189841633556
527.9000000000515	0.7995868137506396	0.8523760325140498
528.0000000000515	0.8090666864460044	0.844133080864744
528.1000000000515	0.8185465591413693	0.8358901292154383
528.2000000000515	0.8280264318367342	0.8276471775661325
528.3000000000516	0.8375063045320991	0.8194042259168267
528.4000000000516	0.8469861772274639	0.8111612742675209
528.5000000000516	0.8564660499228288	0.8029183226182152
528.6000000000516	0.8659459226181937	0.7946753709689094
528.7000000000517	0.8754257953135586	0.7864324193196036
528.8000000000517	0.8849056680089235	0.7781894676702978
528.9000000000517	0.8943855407042883	0.7699465160209921
529.0000000000517	0.9038654133996532	0.7617035643716863
529.1000000000518	0.9133452860950181	0.7534606127223805
529.2000000000518	0.922825158790383	0.7452176610730747
529.3000000000518	0.9323050314857478	0.736974709423769
529.4000000000518	0.9417849041811127	0.7287317577744632
529.5000000000518	0.9512647768764776	0.7204888061251574
529.6000000000519	0.9417849041811127	0.7122458544758516
529.7000000000519	0.9323050314857478	0.7040029028265459
529.8000000000519	0.922825158790383	0.6957599511772401
529.9000000000519	0.9133452860950181	0.6875169995279343
530.000000000052	0.9038654133996532	0.6792740478786286
530.100000000052	0.8943855407042883	0.6710310962293228
530.200000000052	0.8849056680089235	0.662788144580017
530.300000000052	0.8754257953135586	0.6545451929307112
530.400000000052	0.8659459226181937	0.6463022412814055
530.5000000000521	0.8564660499228288	0.6380592896320997
530.6000000000521	0.8469861772274639	0.6298163379827939
530.7000000000521	0.8375063045320991	0.6215733863334881
530.8000000000521	0.8280264318367342	0.6133304346841824
530.9000000000522	0.8185465591413693	0.6050874830348766
531.0000000000522	0.8090666864460044	0.5968445313855708
531.1000000000522	0.7995868137506396	0.588601579736265
531.2000000000522	0.7901069410552747	0.5803586280869593
531.3000000000523	0.7806270683599098	0.5721156764376535
531.4000000000523	0.7711471956645449	0.5638727247883477
531.5000000000523	0.76166732296918	0.5556297731390419
531.6000000000523	0.7521874502738152	0.5473868214897362
531.7000000000523	0.7427075775784503	0.5391438698404304
531.8000000000524	0.7332277048830854	0.5309009181911246
531.9000000000524	0.7237478321877205	0.5226579665418188
532.0000000000524	0.7142679594923557	0.5144150148925131
532.1000000000524	0.7047880867969908	0.5061720632432073
532.2000000000525	0.6953082141016259	0.49792911159390146
532.3000000000525	0.685828341406261	0.48968615994459563
532.4000000000525	0.6763484687108962	0.4814432082952898
532.5000000000525	0.6668685960155313	0.473200256645984
532.6000000000525	0.6573887233201664	0.46495730499667814
532.7000000000526	0.6479088506248015	0.4567143533473723
532.8000000000526	0.6384289779294366	0.4484714016980665
532.9000000000526	0.6289491052340718	0.44022845004876066
533.0000000000526	0.6194692325387069	0.4319854983994548
533.1000000000527	0.609989359843342	0.423742546750149
533.2000000000527	0.6005094871479771	0.41549959510084317
533.3000000000527	0.5910296144526123	0.40725664345153734
533.4000000000527	0.5815497417572474	0.3990136918022315
533.5000000000528	0.5720698690618825	0.3907707401529257
533.6000000000528	0.5625899963665176	0.38252778850361985
533.7000000000528	0.5531101236711528	0.374284836854314
533.8000000000528	0.5436302509757879	0.3660418852050082
533.9000000000528	0.534150378280423	0.35779893355570236
534.0000000000529	0.5246705055850581	0.34955598190639653
534.1000000000529	0.5151906328896932	0.3413130302570907
534.2000000000529	0.5057107601943284	0.33307007860778487
534.3000000000529	0.4962308874989635	0.32482712695847904
534.400000000053	0.4867510148035986	0.3165841753091732
534.500000000053	0.47727114210823374	0.3083412236598674
534.600000000053	0.46779126941286886	0.30009827201056155
534.700000000053	0.458311396717504	0.2918553203612557
534.800000000053	0.4488315240221391	0.2836123687119499
534.9000000000531	0.43935165132677423	0.27536941706264406
535.0000000000531	0.42987177863140935	0.26712646541333823
535.1000000000531	0.4203919059360445	0.2588835137640324
535.2000000000531	0.4109120332406796	0.2506405621147266
535.3000000000532	0.4014321605453147	0.24239761046542074
535.4000000000532	0.39195228784994984	0.2341546588161149
535.5000000000532	0.38247241515458497	0.22591170716680908
535.6000000000532	0.3729925424592201	0.21766875551750325
535.7000000000533	0.3635126697638552	0.20942580386819742
535.8000000000533	0.35403279706849033	0.2011828522188916
535.9000000000533	0.34455292437312546	0.19293990056958576
536.0000000000533	0.3350730516777606	0.18469694892027994
536.1000000000533	0.3255931789823957	0.1764539972709741
536.2000000000534	0.3161133062870308	0.16821104562166828
536.3000000000534	0.30663343359166595	0.15996809397236245
536.4000000000534	0.29715356089630107	0.15172514232305662
536.5000000000534	0.2876736882009362	0.1434821906737508
536.6000000000535	0.2781938155055713	0.13523923902444496
536.7000000000535	0.26871394281020644	0.12699628737513913
536.8000000000535	0.25923407011484156	0.1187533357258333
536.9000000000535	0.24975419741947666	0.11051038407652747
537.0000000000535	0.24027432472411175	0.10226743242722164
537.1000000000536	0.23079445202874685	0.09402448077791581
537.2000000000536	0.22131457933338194	0.08578152912860998
537.3000000000536	0.21183470663801704	0.07753857747930415
537.4000000000536	0.20235483394265213	0.06929562582999832
537.5000000000537	0.19287496124728723	0.0610526741806925
537.6000000000537	0.18339508855192233	0.052809722531386674
537.7000000000537	0.17391521585655742	0.04456677088208085
537.8000000000537	0.16443534316119252	0.03632381923277503
537.9000000000538	0.1549554704658276	0.028080867583469206
538.0000000000538	0.1454755977704627	0.019837915934163383
538.1000000000538	0.1359957250750978	0.01159496428485756
538.2000000000538	0.1265158523797329	0.0033520126355517377
538.3000000000538	0.11703597968436799	-0.004890939013754085
538.4000000000539	0.10755610698900309	-0.013133890663059908
538.5000000000539	0.09807623429363818	-0.02137684231236573
538.6000000000539	0.08859636159827328	-0.029619793961671553
538.7000000000539	0.07911648890290837	-0.037862745610977376
538.800000000054	0.06963661620754347	-0.0461056972602832
538.900000000054	0.06015674351217857	-0.05434864890958902
539.000000000054	0.05067687081681367	-0.06259160055889484
539.100000000054	0.04119699812144877	-0.07083455220820067
539.200000000054	0.031717125426083875	-0.0790775038575065
539.3000000000541	0.022237252730718977	-0.08732045550681233
539.4000000000541	0.01275738003535408	-0.09556340715611816
539.5000000000541	0.0032775073399891816	-0.10380635880542399
539.6000000000541	-0.006202365355375716	-0.11204931045472982
539.7000000000542	-0.015682238050740614	-0.12029226210403565
539.8000000000542	-0.025162110746105512	-0.12853521375334148
539.9000000000542	-0.03464198344147041	-0.1367781654026473
540.0000000000542	-0.04412185613683531	-0.14502111705195314
540.1000000000543	-0.053601728832200206	-0.15326406870125897
540.2000000000543	-0.0630816015275651	-0.1615070203505648
540.3000000000543	-0.07256147422293	-0.16974997199987063
540.4000000000543	-0.0820413469182949	-0.17799292364917646
540.5000000000543	-0.0915212196136598	-0.1862358752984823
540.6000000000544	-0.10100109230902471	-0.19447882694778812
540.7000000000544	-0.11048096500438961	-0.20272177859709395
540.8000000000544	-0.11996083769975452	-0.21096473024639978
540.9000000000544	-0.12944071039511942	-0.2192076818957056
541.0000000000545	-0.13892058309048433	-0.22745063354501144
541.1000000000545	-0.14840045578584923	-0.23569358519431727
541.2000000000545	-0.15788032848121414	-0.2439365368436231
541.3000000000545	-0.16736020117657904	-0.2521794884929289
541.4000000000545	-0.17684007387194395	-0.26042244014223476
541.5000000000546	-0.18631994656730885	-0.2686653917915406
541.6000000000546	-0.19579981926267376	-0.2769083434408464
541.7000000000546	-0.20527969195803866	-0.28515129509015225
541.8000000000546	-0.21475956465340357	-0.2933942467394581
541.9000000000547	-0.22423943734876847	-0.3016371983887639
542.0000000000547	-0.23371931004413338	-0.30988015003806973
542.1000000000547	-0.24319918273949828	-0.31812310168737556
542.2000000000547	-0.2526790554348632	-0.3263660533366814
542.3000000000548	-0.26215892813022806	-0.3346090049859872
542.4000000000548	-0.27163880082559294	-0.34285195663529305
542.5000000000548	-0.2811186735209578	-0.3510949082845989
542.6000000000548	-0.2905985462163227	-0.3593378599339047
542.7000000000548	-0.30007841891168757	-0.36758081158321054
542.8000000000549	-0.30955829160705245	-0.3758237632325164
542.9000000000549	-0.3190381643024173	-0.3840667148818222
543.0000000000549	-0.3285180369977822	-0.39230966653112803
543.1000000000549	-0.3379979096931471	-0.40055261818043386
543.200000000055	-0.34747778238851196	-0.4087955698297397
543.300000000055	-0.35695765508387683	-0.4170385214790455
543.400000000055	-0.3664375277792417	-0.42528147312835135
543.500000000055	-0.3759174004746066	-0.4335244247776572
543.600000000055	-0.38539727316997147	-0.441767376426963
543.7000000000551	-0.39487714586533634	-0.45001032807626884
543.8000000000551	-0.4043570185607012	-0.45825327972557467
543.9000000000551	-0.4138368912560661	-0.4664962313748805
544.0000000000551	-0.423316763951431	-0.47473918302418633
544.1000000000552	-0.43279663664679585	-0.48298213467349216
544.2000000000552	-0.44227650934216073	-0.491225086322798
544.3000000000552	-0.4517563820375256	-0.4994680379721038
544.4000000000552	-0.4612362547328905	-0.5077109896214096
544.5000000000553	-0.47071612742825536	-0.5159539412707154
544.6000000000553	-0.48019600012362024	-0.5241968929200211
544.7000000000553	-0.4896758728189851	-0.5324398445693269
544.8000000000553	-0.49915574551435	-0.5406827962186327
544.9000000000553	-0.5086356182097149	-0.5489257478679385
545.0000000000554	-0.5181154909050798	-0.5571686995172442
545.1000000000554	-0.5275953636004447	-0.56541165116655
545.2000000000554	-0.5370752362958096	-0.5736546028158558
545.3000000000554	-0.5465551089911744	-0.5818975544651616
545.4000000000555	-0.5560349816865393	-0.5901405061144673
545.5000000000555	-0.5655148543819042	-0.5983834577637731
545.6000000000555	-0.5749947270772691	-0.6066264094130789
545.7000000000555	-0.5844745997726339	-0.6148693610623847
545.8000000000555	-0.5939544724679988	-0.6231123127116904
545.9000000000556	-0.6034343451633637	-0.6313552643609962
546.0000000000556	-0.6129142178587286	-0.639598216010302
546.1000000000556	-0.6223940905540934	-0.6478411676596078
546.2000000000556	-0.6318739632494583	-0.6560841193089135
546.3000000000557	-0.6413538359448232	-0.6643270709582193
546.4000000000557	-0.6508337086401881	-0.6725700226075251
546.5000000000557	-0.660313581335553	-0.6808129742568308
546.6000000000557	-0.6697934540309178	-0.6890559259061366
546.7000000000558	-0.6792733267262827	-0.6972988775554424
546.8000000000558	-0.6887531994216476	-0.7055418292047482
546.9000000000558	-0.6982330721170125	-0.713784780854054
547.0000000000558	-0.7077129448123773	-0.7220277325033597
547.1000000000558	-0.7171928175077422	-0.7302706841526655
547.2000000000559	-0.7266726902031071	-0.7385136358019713
547.3000000000559	-0.736152562898472	-0.746756587451277
547.4000000000559	-0.7456324355938369	-0.7549995391005828
547.5000000000559	-0.7551123082892017	-0.7632424907498886
547.600000000056	-0.7645921809845666	-0.7714854423991944
547.700000000056	-0.7740720536799315	-0.7797283940485001
547.800000000056	-0.7835519263752964	-0.7879713456978059
547.900000000056	-0.7930317990706612	-0.7962142973471117
548.000000000056	-0.8025116717660261	-0.8044572489964175
548.1000000000561	-0.811991544461391	-0.8127002006457232
548.2000000000561	-0.8214714171567559	-0.820943152295029
548.3000000000561	-0.8309512898521207	-0.8291861039443348
548.4000000000561	-0.8404311625474856	-0.8374290555936406
548.5000000000562	-0.8499110352428505	-0.8456720072429463
548.6000000000562	-0.8593909079382154	-0.8539149588922521
548.7000000000562	-0.8688707806335803	-0.8621579105415579
548.8000000000562	-0.8783506533289451	-0.8704008621908637
548.9000000000563	-0.88783052602431	-0.8786438138401694
549.0000000000563	-0.8973103987196749	-0.8868867654894752
549.1000000000563	-0.9067902714150398	-0.895129717138781
549.2000000000563	-0.9162701441104046	-0.9033726687880868
549.3000000000563	-0.9257500168057695	-0.9116156204373925
549.4000000000564	-0.9352298895011344	-0.9198585720866983
549.5000000000564	-0.9447097621964993	-0.9281015237360041
549.6000000000564	-0.9541896348918641	-0.9363444753853098
549.7000000000564	-0.9447097621964993	-0.9445874270346156
549.8000000000565	-0.9352298895011344	-0.9528303786839214
549.9000000000565	-0.9257500168057695	-0.9445874270346156
550.0000000000565	-0.9162701441104046	-0.9363444753853098
550.1000000000565	-0.9067902714150398	-0.9281015237360041
550.2000000000565	-0.8973103987196749	-0.9198585720866983
550.3000000000566	-0.88783052602431	-0.9116156204373925
550.4000000000566	-0.8783506533289451	-0.9033726687880868
550.5000000000566	-0.8688707806335803	-0.895129717138781
550.6000000000566	-0.8593909079382154	-0.8868867654894752
550.7000000000567	-0.8499110352428505	-0.8786438138401694
550.8000000000567	-0.8404311625474856	-0.8704008621908637
550.9000000000567	-0.8309512898521207	-0.8621579105415579
551.0000000000567	-0.8214714171567559	-0.8539149588922521
551.1000000000568	-0.811991544461391	-0.8456720072429463
551.2000000000568	-0.8025116717660261	-0.8374290555936406
551.3000000000568	-0.7930317990706612	-0.8291861039443348
551.4000000000568	-0.7835519263752964	-0.820943152295029
551.5000000000568	-0.7740720536799315	-0.8127002006457232
551.6000000000569	-0.7645921809845666	-0.8044572489964175
551.7000000000569	-0.7551123082892017	-0.7962142973471117
551.8000000000569	-0.7456324355938369	-0.7879713456978059
551.9000000000569	-0.736152562898472	-0.7797283940485001
552.000000000057	-0.7266726902031071	-0.7714854423991944
552.100000000057	-0.7171928175077422	-0.7632424907498886
552.200000000057	-0.7077129448123773	-0.7549995391005828
552.300000000057	-0.6982330721170125	-0.746756587451277
552.400000000057	-0.6887531994216476	-0.7385136358019713
552.5000000000571	-0.6792733267262827	-0.7302706841526655
552.6000000000571	-0.6697934540309178	-0.7220277325033597
552.7000000000571	-0.660313581335553	-0.713784780854054
552.8000000000571	-0.6508337086401881	-0.7055418292047482
552.9000000000572	-0.6413538359448232	-0.6972988775554424
553.0000000000572	-0.6318739632494583	-0.6890559259061366
553.1000000000572	-0.6223940905540934	-0.6808129742568308
553.2000000000572	-0.6129142178587286	-0.6725700226075251
553.3000000000573	-0.6034343451633637	-0.6643270709582193
553.4000000000573	-0.5939544724679988	-0.6560841193089135
553.5000000000573	-0.5844745997726339	-0.6478411676596078
553.6000000000573	-0.5749947270772691	-0.639598216010302
553.7000000000573	-0.5655148543819042	-0.6313552643609962
553.8000000000574	-0.5560349816865393	-0.6231123127116904
553.9000000000574	-0.5465551089911744	-0.6148693610623847
554.0000000000574	-0.5370752362958096	-0.6066264094130789
554.1000000000574	-0.5275953636004447	-0.5983834577637731
554.2000000000575	-0.5181154909050798	-0.5901405061144673
554.3000000000575	-0.5086356182097149	-0.5818975544651616
554.4000000000575	-0.49915574551435005	-0.5736546028158558
554.5000000000575	-0.48967587281898517	-0.56541165116655
554.6000000000575	-0.4801960001236203	-0.5571686995172442
554.7000000000576	-0.4707161274282554	-0.5489257478679385
554.8000000000576	-0.46123625473289054	-0.5406827962186327
554.9000000000576	-0.45175638203752566	-0.5324398445693269
555.0000000000576	-0.4422765093421608	-0.5241968929200211
555.1000000000577	-0.4327966366467959	-0.5159539412707154
555.2000000000577	-0.42331676395143103	-0.5077109896214096
555.3000000000577	-0.41383689125606615	-0.49946803797210376
555.4000000000577	-0.4043570185607013	-0.49122508632279793
555.5000000000578	-0.3948771458653364	-0.4829821346734921
555.6000000000578	-0.3853972731699715	-0.4747391830241863
555.7000000000578	-0.37591740047460664	-0.46649623137488044
555.8000000000578	-0.36643752777924177	-0.4582532797255746
555.9000000000578	-0.3569576550838769	-0.4500103280762688
556.0000000000579	-0.347477782388512	-0.44176737642696295
556.1000000000579	-0.33799790969314714	-0.4335244247776571
556.2000000000579	-0.32851803699778226	-0.4252814731283513
556.3000000000579	-0.3190381643024174	-0.41703852147904547
556.400000000058	-0.3095582916070525	-0.40879556982973964
556.500000000058	-0.3000784189116876	-0.4005526181804338
556.600000000058	-0.29059854621632275	-0.392309666531128
556.700000000058	-0.2811186735209579	-0.38406671488182215
556.800000000058	-0.271638800825593	-0.3758237632325163
556.9000000000581	-0.2621589281302281	-0.3675808115832105
557.0000000000581	-0.25267905543486324	-0.35933785993390466
557.1000000000581	-0.24319918273949834	-0.35109490828459883
557.2000000000581	-0.23371931004413343	-0.342851956635293
557.3000000000582	-0.22423943734876853	-0.33460900498598717
557.4000000000582	-0.21475956465340362	-0.32636605333668134
557.5000000000582	-0.20527969195803872	-0.3181231016873755
557.6000000000582	-0.1957998192626738	-0.3098801500380697
557.7000000000583	-0.1863199465673089	-0.30163719838876385
557.8000000000583	-0.176840073871944	-0.293394246739458
557.9000000000583	-0.1673602011765791	-0.2851512950901522
558.0000000000583	-0.1578803284812142	-0.27690834344084636
558.1000000000583	-0.1484004557858493	-0.26866539179154053
558.2000000000584	-0.13892058309048438	-0.2604224401422347
558.3000000000584	-0.12944071039511948	-0.25217948849292887
558.4000000000584	-0.11996083769975457	-0.24393653684362304
558.5000000000584	-0.11048096500438967	-0.2356935851943172
558.6000000000585	-0.10100109230902476	-0.22745063354501138
558.7000000000585	-0.09152121961365986	-0.21920768189570555
558.8000000000585	-0.08204134691829496	-0.21096473024639972
558.9000000000585	-0.07256147422293005	-0.2027217785970939
559.0000000000585	-0.06308160152756515	-0.19447882694778806
559.1000000000586	-0.05360172883220025	-0.18623587529848223
559.2000000000586	-0.04412185613683535	-0.1779929236491764
559.3000000000586	-0.03464198344147045	-0.16974997199987057
559.4000000000586	-0.025162110746105554	-0.16150702035056475
559.5000000000587	-0.015682238050740656	-0.15326406870125892
559.6000000000587	-0.006202365355375758	-0.14502111705195309
559.7000000000587	0.00327750733998914	-0.13677816540264726
559.8000000000587	0.012757380035354038	-0.12853521375334143
559.9000000000588	0.022237252730718936	-0.1202922621040356
560.0000000000588	0.031717125426083834	-0.11204931045472977
560.1000000000588	0.04119699812144873	-0.10380635880542394
560.2000000000588	0.05067687081681363	-0.09556340715611811
560.3000000000588	0.06015674351217853	-0.08732045550681228
560.4000000000589	0.06963661620754343	-0.07907750385750645
560.5000000000589	0.07911648890290832	-0.07083455220820062
560.6000000000589	0.08859636159827322	-0.06259160055889479
560.7000000000589	0.09807623429363813	-0.054348648909588966
560.800000000059	0.10755610698900303	-0.04610569726028314
560.900000000059	0.11703597968436794	-0.03786274561097732
561.000000000059	0.12651585237973284	-0.029619793961671498
561.100000000059	0.13599572507509775	-0.021376842312365675
561.200000000059	0.14547559777046265	-0.013133890663059852
561.3000000000591	0.15495547046582756	-0.0048909390137540296
561.4000000000591	0.16443534316119246	0.003352012635551793
561.5000000000591	0.17391521585655736	0.011594964284857616
561.6000000000591	0.18339508855192227	0.01983791593416344
561.7000000000592	0.19287496124728717	0.02808086758346926
561.8000000000592	0.20235483394265208	0.036323819232775084
561.9000000000592	0.21183470663801698	0.04456677088208091
562.0000000000592	0.2213145793333819	0.05280972253138673
562.1000000000593	0.2307944520287468	0.06105267418069255
562.2000000000593	0.2402743247241117	0.06929562582999838
562.3000000000593	0.2497541974194766	0.0775385774793042
562.4000000000593	0.2592340701148415	0.08578152912861003
562.5000000000593	0.2687139428102064	0.09402448077791586
562.6000000000594	0.27819381550557126	0.1022674324272217
562.7000000000594	0.28767368820093614	0.11051038407652752
562.8000000000594	0.297153560896301	0.11875333572583335
562.9000000000594	0.3066334335916659	0.12699628737513918
563.0000000000595	0.31611330628703077	0.135239239024445
563.1000000000595	0.32559317898239565	0.14348219067375084
563.2000000000595	0.3350730516777605	0.15172514232305667
563.3000000000595	0.3445529243731254	0.1599680939723625
563.4000000000595	0.3540327970684903	0.16821104562166833
563.5000000000596	0.36351266976385516	0.17645399727097416
563.6000000000596	0.37299254245922003	0.18469694892028
563.7000000000596	0.3824724151545849	0.19293990056958582
563.8000000000596	0.3919522878499498	0.20118285221889165
563.9000000000597	0.40143216054531466	0.20942580386819748
564.0000000000597	0.41091203324067954	0.2176687555175033
564.1000000000597	0.4203919059360444	0.22591170716680914
564.2000000000597	0.4298717786314093	0.23415465881611497
564.3000000000598	0.4393516513267742	0.2423976104654208
564.4000000000598	0.44883152402213905	0.25064056211472663
564.5000000000598	0.4583113967175039	0.25888351376403246
564.6000000000598	0.4677912694128688	0.2671264654133383
564.7000000000598	0.4772711421082337	0.2753694170626441
564.8000000000599	0.48675101480359856	0.28361236871194995
564.9000000000599	0.49623088749896344	0.2918553203612558
565.0000000000599	0.5057107601943284	0.3000982720105616
565.1000000000599	0.5151906328896932	0.30834122365986744
565.20000000006	0.5246705055850581	0.31658417530917327
565.30000000006	0.534150378280423	0.3248271269584791
565.40000000006	0.5436302509757879	0.3330700786077849
565.50000000006	0.5531101236711528	0.34131303025709075
565.60000000006	0.5625899963665176	0.3495559819063966
565.7000000000601	0.5720698690618825	0.3577989335557024
565.8000000000601	0.5815497417572474	0.36604188520500824
565.9000000000601	0.5910296144526123	0.3742848368543141
566.0000000000601	0.6005094871479771	0.3825277885036199
566.1000000000602	0.609989359843342	0.39077074015292573
566.2000000000602	0.6194692325387069	0.39901369180223156
566.3000000000602	0.6289491052340718	0.4072566434515374
566.4000000000602	0.6384289779294366	0.4154995951008432
566.5000000000603	0.6479088506248015	0.42374254675014905
566.6000000000603	0.6573887233201664	0.4319854983994549
566.7000000000603	0.6668685960155313	0.4402284500487607
566.8000000000603	0.6763484687108962	0.44847140169806654
566.9000000000603	0.685828341406261	0.45671435334737237
567.0000000000604	0.6953082141016259	0.4649573049966782
567.1000000000604	0.7047880867969908	0.47320025664598403
567.2000000000604	0.7142679594923557	0.48144320829528986
567.3000000000604	0.7237478321877205	0.4896861599445957
567.4000000000605	0.7332277048830854	0.4979291115939015
567.5000000000605	0.7427075775784503	0.5061720632432073
567.6000000000605	0.7521874502738152	0.5144150148925131
567.7000000000605	0.76166732296918	0.5226579665418188
567.8000000000605	0.7711471956645449	0.5309009181911246
567.9000000000606	0.7806270683599098	0.5391438698404304
568.0000000000606	0.7901069410552747	0.5473868214897362
568.1000000000606	0.7995868137506396	0.5556297731390419
568.2000000000606	0.8090666864460044	0.5638727247883477
568.3000000000607	0.8185465591413693	0.5721156764376535
568.4000000000607	0.8280264318367342	0.5803586280869593
568.5000000000607	0.8375063045320991	0.588601579736265
568.6000000000607	0.8469861772274639	0.5968445313855708
568.7000000000608	0.8564660499228288	0.6050874830348766
568.8000000000608	0.8659459226181937	0.6133304346841824
568.9000000000608	0.8754257953135586	0.6215733863334881
569.0000000000608	0.8849056680089235	0.6298163379827939
569.1000000000608	0.8943855407042883	0.6380592896320997
569.2000000000609	0.9038654133996532	0.6463022412814055
569.3000000000609	0.9133452860950181	0.6545451929307112
569.4000000000609	0.922825158790383	0.662788144580017
569.5000000000609	0.9323050314857478	0.6710310962293228
569.600000000061	0.9417849041811127	0.6792740478786286
569.700000000061	0.9512647768764776	0.6875169995279343
569.800000000061	0.9417849041811127	0.6957599511772401
569.900000000061	0.9323050314857478	0.7040029028265459
570.000000000061	0.922825158790383	0.7122458544758516
570.1000000000611	0.9133452860950181	0.7204888061251574
570.2000000000611	0.9038654133996532	0.7287317577744632
570.3000000000611	0.8943855407042883	0.736974709423769
570.4000000000611	0.8849056680089235	0.7452176610730747
570.5000000000612	0.8754257953135586	0.7534606127223805
570.6000000000612	0.8659459226181937	0.7617035643716863
570.7000000000612	0.8564660499228288	0.7699465160209921
570.8000000000612	0.8469861772274639	0.7781894676702978
570.9000000000613	0.8375063045320991	0.7864324193196036
571.0000000000613	0.8280264318367342	0.7946753709689094
571.1000000000613	0.8185465591413693	0.8029183226182152
571.2000000000613	0.8090666864460044	0.8111612742675209
571.3000000000613	0.7995868137506396	0.8194042259168267
571.4000000000614	0.7901069410552747	0.8276471775661325
571.5000000000614	0.7806270683599098	0.8358901292154383
571.6000000000614	0.7711471956645449	0.844133080864744
571.7000000000614	0.76166732296918	0.8523760325140498
571.8000000000615	0.7521874502738152	0.8606189841633556
571.9000000000615	0.7427075775784503	0.8688619358126614
572.0000000000615	0.7332277048830854	0.8771048874619671
572.1000000000615	0.7237478321877205	0.8853478391112729
572.2000000000616	0.7142679594923557	0.8935907907605787
572.3000000000616	0.7047880867969908	0.9018337424098845
572.4000000000616	0.6953082141016259	0.9100766940591902
572.5000000000616	0.685828341406261	0.918319645708496
572.6000000000616	0.6763484687108962	0.9265625973578018
572.7000000000617	0.6668685960155313	0.9348055490071076
572.8000000000617	0.6573887233201664	0.9430485006564133
572.9000000000617	0.6479088506248015	0.9512914523057191
573.0000000000617	0.6384289779294366	0.9430485006564133
573.1000000000618	0.6289491052340718	0.9348055490071076
573.2000000000618	0.6194692325387069	0.9265625973578018
573.3000000000618	0.609989359843342	0.918319645708496
573.4000000000618	0.6005094871479771	0.9100766940591902
573.5000000000618	0.5910296144526123	0.9018337424098845
573.6000000000619	0.5815497417572474	0.8935907907605787
573.7000000000619	0.5720698690618825	0.8853478391112729
573.8000000000619	0.5625899963665176	0.8771048874619671
573.9000000000619	0.5531101236711528	0.8688619358126614
574.000000000062	0.5436302509757879	0.8606189841633556
574.100000000062	0.534150378280423	0.8523760325140498
574.200000000062	0.5246705055850581	0.844133080864744
574.300000000062	0.5151906328896932	0.8358901292154383
574.400000000062	0.5057107601943284	0.8276471775661325
574.5000000000621	0.4962308874989635	0.8194042259168267
574.6000000000621	0.4867510148035986	0.8111612742675209
574.7000000000621	0.47727114210823374	0.8029183226182152
574.8000000000621	0.46779126941286886	0.7946753709689094
574.9000000000622	0.458311396717504	0.7864324193196036
575.0000000000622	0.4488315240221391	0.7781894676702978
575.1000000000622	0.43935165132677423	0.7699465160209921
575.2000000000622	0.42987177863140935	0.7617035643716863
575.3000000000623	0.4203919059360445	0.7534606127223805
575.4000000000623	0.4109120332406796	0.7452176610730747
575.5000000000623	0.4014321605453147	0.736974709423769
575.6000000000623	0.39195228784994984	0.7287317577744632
575.7000000000623	0.38247241515458497	0.7204888061251574
575.8000000000624	0.3729925424592201	0.7122458544758516
575.9000000000624	0.3635126697638552	0.7040029028265459
576.0000000000624	0.35403279706849033	0.6957599511772401
576.1000000000624	0.34455292437312546	0.6875169995279343
576.2000000000625	0.3350730516777606	0.6792740478786286
576.3000000000625	0.3255931789823957	0.6710310962293228
576.4000000000625	0.3161133062870308	0.662788144580017
576.5000000000625	0.30663343359166595	0.6545451929307112
576.6000000000626	0.29715356089630107	0.6463022412814055
576.7000000000626	0.2876736882009362	0.6380592896320997
576.8000000000626	0.2781938155055713	0.6298163379827939
576.9000000000626	0.26871394281020644	0.6215733863334881
577.0000000000626	0.25923407011484156	0.6133304346841824
577.1000000000627	0.24975419741947666	0.6050874830348766
577.2000000000627	0.24027432472411175	0.5968445313855708
577.3000000000627	0.23079445202874685	0.588601579736265
577.4000000000627	0.22131457933338194	0.5803586280869593
577.5000000000628	0.21183470663801704	0.5721156764376535
577.6000000000628	0.20235483394265213	0.5638727247883477
577.7000000000628	0.19287496124728723	0.5556297731390419
577.8000000000628	0.18339508855192233	0.5473868214897362
577.9000000000628	0.17391521585655742	0.5391438698404304
578.0000000000629	0.16443534316119252	0.5309009181911246
578.1000000000629	0.1549554704658276	0.5226579665418188
578.2000000000629	0.1454755977704627	0.5144150148925131
578.3000000000629	0.1359957250750978	0.5061720632432073
578.400000000063	0.1265158523797329	0.49792911159390146
578.500000000063	0.11703597968436799	0.48968615994459563
578.600000000063	0.10755610698900309	0.4814432082952898
578.700000000063	0.09807623429363818	0.473200256645984
578.800000000063	0.08859636159827328	0.46495730499667814
578.9000000000631	0.07911648890290837	0.4567143533473723
579.0000000000631	0.06963661620754347	0.4484714016980665
579.1000000000631	0.06015674351217857	0.44022845004876066
579.2000000000631	0.05067687081681367	0.4319854983994548
579.3000000000632	0.04119699812144877	0.423742546750149
579.4000000000632	0.031717125426083875	0.41549959510084317
579.5000000000632	0.022237252730718977	0.40725664345153734
579.6000000000632	0.01275738003535408	0.3990136918022315
579.7000000000633	0.0032775073399891816	0.3907707401529257
579.8000000000633	-0.006202365355375716	0.38252778850361985
579.9000000000633	-0.015682238050740614	0.374284836854314
580.0000000000633	-0.025162110746105512	0.3660418852050082
580.1000000000633	-0.03464198344147041	0.35779893355570236
580.2000000000634	-0.04412185613683531	0.34955598190639653
580.3000000000634	-0.053601728832200206	0.3413130302570907
580.4000000000634	-0.0630816015275651	0.33307007860778487
580.5000000000634	-0.07256147422293	0.32482712695847904
580.6000000000635	-0.0820413469182949	0.3165841753091732
580.7000000000635	-0.0915212196136598	0.3083412236598674
580.8000000000635	-0.10100109230902471	0.30009827201056155
580.9000000000635	-0.11048096500438961	0.2918553203612557
581.0000000000636	-0.11996083769975452	0.2836123687119499
581.1000000000636	-0.12944071039511942	0.27536941706264406
581.2000000000636	-0.13892058309048433	0.26712646541333823
581.3000000000636	-0.14840045578584923	0.2588835137640324
581.4000000000636	-0.15788032848121414	0.2506405621147266
581.5000000000637	-0.16736020117657904	0.24239761046542074
581.6000000000637	-0.17684007387194395	0.2341546588161149
581.7000000000637	-0.18631994656730885	0.22591170716680908
581.8000000000637	-0.19579981926267376	0.21766875551750325
581.9000000000638	-0.20527969195803866	0.20942580386819742
582.0000000000638	-0.21475956465340357	0.2011828522188916
582.1000000000638	-0.22423943734876847	0.19293990056958576
582.2000000000638	-0.23371931004413338	0.18469694892027994
582.3000000000638	-0.24319918273949828	0.1764539972709741
582.4000000000639	-0.2526790554348632	0.16821104562166828
582.5000000000639	-0.26215892813022806	0.15996809397236245
582.6000000000639	-0.27163880082559294	0.15172514232305662
582.7000000000639	-0.2811186735209578	0.1434821906737508
582.800000000064	-0.2905985462163227	0.13523923902444496
582.900000000064	-0.30007841891168757	0.12699628737513913
583.000000000064	-0.30955829160705245	0.1187533357258333
583.100000000064	-0.3190381643024173	0.11051038407652747
583.200000000064	-0.3285180369977822	0.10226743242722164
583.3000000000641	-0.3379979096931471	0.09402448077791581
583.4000000000641	-0.34747778238851196	0.08578152912860998
583.5000000000641	-0.35695765508387683	0.07753857747930415
583.6000000000641	-0.3664375277792417	0.06929562582999832
583.7000000000642	-0.3759174004746066	0.0610526741806925
583.8000000000642	-0.38539727316997147	0.052809722531386674
583.9000000000642	-0.39487714586533634	0.04456677088208085
584.0000000000642	-0.4043570185607012	0.03632381923277503
584.1000000000643	-0.4138368912560661	0.028080867583469206
584.2000000000643	-0.423316763951431	0.019837915934163383
584.3000000000643	-0.43279663664679585	0.01159496428485756
584.4000000000643	-0.44227650934216073	0.0033520126355517377
584.5000000000643	-0.4517563820375256	-0.004890939013754085
584.6000000000644	-0.4612362547328905	-0.013133890663059908
584.7000000000644	-0.47071612742825536	-0.02137684231236573
584.8000000000644	-0.48019600012362024	-0.029619793961671553
584.9000000000644	-0.4896758728189851	-0.037862745610977376
585.0000000000645	-0.49915574551435	-0.0461056972602832
585.1000000000645	-0.5086356182097149	-0.05434864890958902
585.2000000000645	-0.5181154909050798	-0.06259160055889484
585.3000000000645	-0.5275953636004447	-0.07083455220820067
585.4000000000646	-0.5370752362958096	-0.0790775038575065
585.5000000000646	-0.5465551089911744	-0.08732045550681233
585.6000000000646	-0.5560349816865393	-0.09556340715611816
585.7000000000646	-0.5655148543819042	-0.10380635880542399
585.8000000000646	-0.5749947270772691	-0.11204931045472982
585.9000000000647	-0.5844745997726339	-0.12029226210403565
586.0000000000647	-0.5939544724679988	-0.12853521375334148
586.1000000000647	-0.6034343451633637	-0.1367781654026473
586.2000000000647	-0.6129142178587286	-0.14502111705195314
586.3000000000648	-0.6223940905540934	-0.15326406870125897
586.4000000000648	-0.6318739632494583	-0.1615070203505648
586.5000000000648	-0.6413538359448232	-0.16974997199987063
586.6000000000648	-0.6508337086401881	-0.17799292364917646
586.7000000000648	-0.660313581335553	-0.1862358752984823
586.8000000000649	-0.6697934540309178	-0.19447882694778812
586.9000000000649	-0.6792733267262827	-0.20272177859709395
587.0000000000649	-0.6887531994216476	-0.21096473024639978
587.1000000000649	-0.6982330721170125	-0.2192076818957056
587.200000000065	-0.7077129448123773	-0.22745063354501144
587.300000000065	-0.7171928175077422	-0.23569358519431727
587.400000000065	-0.7266726902031071	-0.2439365368436231
587.500000000065	-0.736152562898472	-0.2521794884929289
587.600000000065	-0.7456324355938369	-0.26042244014223476
587.7000000000651	-0.7551123082892017	-0.2686653917915406
587.8000000000651	-0.7645921809845666	-0.2769083434408464
587.9000000000651	-0.7740720536799315	-0.28515129509015225
588.0000000000651	-0.7835519263752964	-0.2933942467394581
588.1000000000652	-0.7930317990706612	-0.3016371983887639
588.2000000000652	-0.8025116717660261	-0.30988015003806973
588.3000000000652	-0.811991544461391	-0.31812310168737556
588.4000000000652	-0.8214714171567559	-0.3263660533366814
588.5000000000653	-0.8309512898521207	-0.3346090049859872
588.6000000000653	-0.8404311625474856	-0.34285195663529305
588.7000000000653	-0.8499110352428505	-0.3510949082845989
588.8000000000653	-0.8593909079382154	-0.3593378599339047
588.9000000000653	-0.8688707806335803	-0.36758081158321054
589.0000000000654	-0.8783506533289451	-0.3758237632325164
589.1000000000654	-0.88783052602431	-0.3840667148818222
589.2000000000654	-0.8973103987196749	-0.39230966653112803
589.3000000000654	-0.9067902714150398	-0.40055261818043386
589.4000000000655	-0.9162701441104046	-0.4087955698297397
589.5000000000655	-0.9257500168057695	-0.4170385214790455
589.6000000000655	-0.9352298895011344	-0.42528147312835135
589.7000000000655	-0.9447097621964993	-0.4335244247776572
589.8000000000656	-0.9541896348918641	-0.441767376426963
589.9000000000656	-0.9447097621964993	-0.45001032807626884
590.0000000000656	-0.9352298895011344	-0.45825327972557467
590.1000000000656	-0.9257500168057695	-0.4664962313748805
590.2000000000656	-0.9162701441104046	-0.47473918302418633
590.3000000000657	-0.9067902714150398	-0.48298213467349216
590.4000000000657	-0.8973103987196749	-0.491225086322798
590.5000000000657	-0.88783052602431	-0.4994680379721038
590.6000000000657	-0.8783506533289451	-0.5077109896214096
590.7000000000658	-0.8688707806335803	-0.5159539412707154
590.8000000000658	-0.8593909079382154	-0.5241968929200211
590.9000000000658	-0.8499110352428505	-0.5324398445693269
591.0000000000658	-0.8404311625474856	-0.5406827962186327
591.1000000000658	-0.8309512898521207	-0.5489257478679385
591.2000000000659	-0.8214714171567559	-0.5571686995172442
591.3000000000659	-0.811991544461391	-0.56541165116655
591.4000000000659	-0.8025116717660261	-0.5736546028158558
591.5000000000659	-0.7930317990706612	-0.5818975544651616
591.600000000066	-0.7835519263752964	-0.5901405061144673
591.700000000066	-0.7740720536799315	-0.5983834577637731
591.800000000066	-0.7645921809845666	-0.6066264094130789
591.900000000066	-0.7551123082892017	-0.6148693610623847
592.000000000066	-0.7456324355938369	-0.6231123127116904
592.1000000000661	-0.736152562898472	-0.6313552643609962
592.2000000000661	-0.7266726902031071	-0.639598216010302
592.3000000000661	-0.7171928175077422	-0.6478411676596078
592.4000000000661	-0.7077129448123773	-0.6560841193089135
592.5000000000662	-0.6982330721170125	-0.6643270709582193
592.6000000000662	-0.6887531994216476	-0.6725700226075251
592.7000000000662	-0.6792733267262827	-0.6808129742568308
592.8000000000662	-0.6697934540309178	-0.6890559259061366
592.9000000000663	-0.660313581335553	-0.6972988775554424
593.0000000000663	-0.6508337086401881	-0.7055418292047482
593.1000000000663	-0.6413538359448232	-0.713784780854054
593.2000000000663	-0.6318739632494583	-0.7220277325033597
593.3000000000663	-0.6223940905540934	-0.7302706841526655
593.4000000000664	-0.6129142178587286	-0.7385136358019713
593.5000000000664	-0.6034343451633637	-0.746756587451277
593.6000000000664	-0.5939544724679988	-0.7549995391005828
593.7000000000664	-0.5844745997726339	-0.7632424907498886
593.8000000000665	-0.5749947270772691	-0.7714854423991944
593.9000000000665	-0.5655148543819042	-0.7797283940485001
594.0000000000665	-0.5560349816865393	-0.7879713456978059
594.1000000000665	-0.5465551089911744	-0.7962142973471117
594.2000000000666	-0.5370752362958096	-0.8044572489964175
594.3000000000666	-0.5275953636004447	-0.8127002006457232
594.4000000000666	-0.5181154909050798	-0.820943152295029
594.5000000000666	-0.5086356182097149	-0.8291861039443348
594.6000000000666	-0.49915574551435005	-0.8374290555936406
594.7000000000667	-0.48967587281898517	-0.8456720072429463
594.8000000000667	-0.4801960001236203	-0.8539149588922521
594.9000000000667	-0.4707161274282554	-0.8621579105415579
595.0000000000667	-0.46123625473289054	-0.8704008621908637
595.1000000000668	-0.45175638203752566	-0.8786438138401694
595.2000000000668	-0.4422765093421608	-0.8868867654894752
595.3000000000668	-0.4327966366467959	-0.895129717138781
595.4000000000668	-0.42331676395143103	-0.9033726687880868
595.5000000000668	-0.41383689125606615	-0.9116156204373925
595.6000000000669	-0.4043570185607013	-0.9198585720866983
595.7000000000669	-0.3948771458653364	-0.9281015237360041
595.8000000000669	-0.3853972731699715	-0.9363444753853098
595.9000000000669	-0.37591740047460664	-0.9445874270346156
596.000000000067	-0.36643752777924177	-0.9528303786839214
596.100000000067	-0.3569576550838769	-0.9445874270346156
596.200000000067	-0.347477782388512	-0.9363444753853098
596.300000000067	-0.33799790969314714	-0.9281015237360041
596.400000000067	-0.32851803699778226	-0.9198585720866983
596.5000000000671	-0.3190381643024174	-0.9116156204373925
596.6000000000671	-0.3095582916070525	-0.9033726687880868
596.7000000000671	-0.3000784189116876	-0.895129717138781
596.8000000000671	-0.29059854621632275	-0.8868867654894752
596.9000000000672	-0.2811186735209579	-0.8786438138401694
597.0000000000672	-0.271638800825593	-0.8704008621908637
597.1000000000672	-0.2621589281302281	-0.8621579105415579
597.2000000000672	-0.25267905543486324	-0.8539149588922521
597.3000000000673	-0.24319918273949834	-0.8456720072429463
597.4000000000673	-0.23371931004413343	-0.8374290555936406
597.5000000000673	-0.22423943734876853	-0.8291861039443348
597.6000000000673	-0.21475956465340362	-0.820943152295029
597.7000000000673	-0.20527969195803872	-0.8127002006457232
597.8000000000674	-0.1957998192626738	-0.8044572489964175
597.9000000000674	-0.1863199465673089	-0.7962142973471117
598.0000000000674	-0.176840073871944	-0.7879713456978059
598.1000000000674	-0.1673602011765791	-0.7797283940485001
598.2000000000675	-0.1578803284812142	-0.7714854423991944
598.3000000000675	-0.1484004557858493	-0.7632424907498886
598.4000000000675	-0.13892058309048438	-0.7549995391005828
598.5000000000675	-0.12944071039511948	-0.746756587451277
598.6000000000676	-0.11996083769975457	-0.7385136358019713
598.7000000000676	-0.11048096500438967	-0.7302706841526655
598.8000000000676	-0.10100109230902476	-0.7220277325033597
598.9000000000676	-0.09152121961365986	-0.713784780854054
599.0000000000676	-0.08204134691829496	-0.7055418292047482
599.1000000000677	-0.07256147422293005	-0.6972988775554424
599.2000000000677	-0.06308160152756515	-0.6890559259061366
599.3000000000677	-0.05360172883220025	-0.6808129742568308
599.4000000000677	-0.04412185613683535	-0.6725700226075251
599.5000000000678	-0.03464198344147045	-0.6643270709582193
599.6000000000678	-0.025162110746105554	-0.6560841193089135
599.7000000000678	-0.015682238050740656	-0.6478411676596078
599.8000000000678	-0.006202365355375758	-0.639598216010302
599.9000000000678	0.00327750733998914	-0.6313552643609962
600.0000000000679	0.012757380035354038	-0.6231123127116904
600.1000000000679	0.022237252730718936	-0.6148693610623847
600.2000000000679	0.031717125426083834	-0.6066264094130789
600.3000000000679	0.04119699812144873	-0.5983834577637731
600.400000000068	0.05067687081681363	-0.5901405061144673
600.500000000068	0.06015674351217853	-0.5818975544651616
600.600000000068	0.06963661620754343	-0.5736546028158558
600.700000000068	0.07911648890290832	-0.56541165116655
600.800000000068	0.08859636159827322	-0.5571686995172442
600.9000000000681	0.09807623429363813	-0.5489257478679385
601.0000000000681	0.10755610698900303	-0.5406827962186327
601.1000000000681	0.11703597968436794	-0.5324398445693269
601.2000000000681	0.12651585237973284	-0.5241968929200211
601.3000000000682	0.13599572507509775	-0.5159539412707154
601.4000000000682	0.14547559777046265	-0.5077109896214096
601.5000000000682	0.15495547046582756	-0.49946803797210376
601.6000000000682	0.16443534316119246	-0.49122508632279793
601.7000000000683	0.17391521585655736	-0.4829821346734921
601.8000000000683	0.18339508855192227	-0.4747391830241863
601.9000000000683	0.19287496124728717	-0.46649623137488044
602.0000000000683	0.20235483394265208	-0.4582532797255746
602.1000000000683	0.21183470663801698	-0.4500103280762688
602.2000000000684	0.2213145793333819	-0.44176737642696295
602.3000000000684	0.2307944520287468	-0.4335244247776571
602.4000000000684	0.2402743247241117	-0.4252814731283513
602.5000000000684	0.2497541974194766	-0.41703852147904547
602.6000000000685	0.2592340701148415	-0.40879556982973964
602.7000000000685	0.2687139428102064	-0.4005526181804338
602.8000000000685	0.27819381550557126	-0.392309666531128
602.9000000000685	0.28767368820093614	-0.38406671488182215
603.0000000000686	0.297153560896301	-0.3758237632325163
603.1000000000686	0.3066334335916659	-0.3675808115832105
603.2000000000686	0.31611330628703077	-0.35933785993390466
603.3000000000686	0.32559317898239565	-0.35109490828459883
603.4000000000686	0.3350730516777605	-0.342851956635293
603.5000000000687	0.3445529243731254	-0.33460900498598717
603.6000000000687	0.3540327970684903	-0.32636605333668134
603.7000000000687	0.36351266976385516	-0.3181231016873755
603.8000000000687	0.37299254245922003	-0.3098801500380697
603.9000000000688	0.3824724151545849	-0.30163719838876385
604.0000000000688	0.3919522878499498	-0.293394246739458
604.1000000000688	0.40143216054531466	-0.2851512950901522
604.2000000000688	0.41091203324067954	-0.27690834344084636
604.3000000000688	0.4203919059360444	-0.26866539179154053
604.4000000000689	0.4298717786314093	-0.2604224401422347
604.5000000000689	0.4393516513267742	-0.25217948849292887
604.6000000000689	0.44883152402213905	-0.24393653684362304
604.7000000000689	0.4583113967175039	-0.2356935851943172
604.800000000069	0.4677912694128688	-0.22745063354501138
604.900000000069	0.4772711421082337	-0.21920768189570555
605.000000000069	0.48675101480359856	-0.21096473024639972
605.100000000069	0.49623088749896344	-0.2027217785970939
605.200000000069	0.5057107601943284	-0.19447882694778806
605.3000000000691	0.5151906328896932	-0.18623587529848223
605.4000000000691	0.5246705055850581	-0.1779929236491764
605.5000000000691	0.534150378280423	-0.16974997199987057
605.6000000000691	0.5436302509757879	-0.16150702035056475
605.7000000000692	0.5531101236711528	-0.15326406870125892
605.8000000000692	0.5625899963665176	-0.14502111705195309
605.9000000000692	0.5720698690618825	-0.13677816540264726
606.0000000000692	0.5815497417572474	-0.12853521375334143
606.1000000000693	0.5910296144526123	-0.1202922621040356
606.2000000000693	0.6005094871479771	-0.11204931045472977
606.3000000000693	0.609989359843342	-0.10380635880542394
606.4000000000693	0.6194692325387069	-0.09556340715611811
606.5000000000693	0.6289491052340718	-0.08732045550681228
606.6000000000694	0.6384289779294366	-0.07907750385750645
606.7000000000694	0.6479088506248015	-0.07083455220820062
606.8000000000694	0.6573887233201664	-0.06259160055889479
606.9000000000694	0.6668685960155313	-0.054348648909588966
607.0000000000695	0.6763484687108962	-0.04610569726028314
607.1000000000695	0.685828341406261	-0.03786274561097732
607.2000000000695	0.6953082141016259	-0.029619793961671498
607.3000000000695	0.7047880867969908	-0.021376842312365675
607.4000000000696	0.7142679594923557	-0.013133890663059852
607.5000000000696	0.7237478321877205	-0.0048909390137540296
607.6000000000696	0.7332277048830854	0.003352012635551793
607.7000000000696	0.7427075775784503	0.011594964284857616
607.8000000000696	0.7521874502738152	0.01983791593416344
607.9000000000697	0.76166732296918	0.02808086758346926
608.0000000000697	0.7711471956645449	0.036323819232775084
608.1000000000697	0.7806270683599098	0.04456677088208091
608.2000000000697	0.7901069410552747	0.05280972253138673
608.3000000000698	0.7995868137506396	0.06105267418069255
608.4000000000698	0.8090666864460044	0.06929562582999838
608.5000000000698	0.8185465591413693	0.0775385774793042
608.6000000000698	0.8280264318367342	0.08578152912861003
608.7000000000698	0.8375063045320991	0.09402448077791586
608.8000000000699	0.8469861772274639	0.1022674324272217
608.9000000000699	0.8564660499228288	0.11051038407652752
609.0000000000699	0.8659459226181937	0.11875333572583335
609.1000000000699	0.8754257953135586	0.12699628737513918
609.20000000007	0.8849056680089235	0.135239239024445
609.30000000007	0.8943855407042883	0.14348219067375084
609.40000000007	0.9038654133996532	0.15172514232305667
609.50000000007	0.9133452860950181	0.1599680939723625
609.60000000007	0.922825158790383	0.16821104562166833
609.7000000000701	0.9323050314857478	0.17645399727097416
609.8000000000701	0.9417849041811127	0.18469694892028
609.9000000000701	0.9512647768764776	0.19293990056958582
610.0000000000701	0.9417849041811127	0.20118285221889165
610.1000000000702	0.9323050314857478	0.20942580386819748
610.2000000000702	0.922825158790383	0.2176687555175033
610.3000000000702	0.9133452860950181	0.22591170716680914
610.4000000000702	0.9038654133996532	0.23415465881611497
610.5000000000703	0.8943855407042883	0.2423976104654208
610.6000000000703	0.8849056680089235	0.25064056211472663
610.7000000000703	0.8754257953135586	0.25888351376403246
610.8000000000703	0.8659459226181937	0.2671264654133383
610.9000000000703	0.8564660499228288	0.2753694170626441
611.0000000000704	0.8469861772274639	0.28361236871194995
611.1000000000704	0.8375063045320991	0.2918553203612558
611.2000000000704	0.8280264318367342	0.3000982720105616
611.3000000000704	0.8185465591413693	0.30834122365986744
611.4000000000705	0.8090666864460044	0.31658417530917327
611.5000000000705	0.7995868137506396	0.3248271269584791
611.6000000000705	0.7901069410552747	0.3330700786077849
611.7000000000705	0.7806270683599098	0.34131303025709075
611.8000000000706	0.7711471956645449	0.3495559819063966
611.9000000000706	0.76166732296918	0.3577989335557024
612.0000000000706	0.7521874502738152	0.36604188520500824
612.1000000000706	0.7427075775784503	0.3742848368543141
612.2000000000706	0.7332277048830854	0.3825277885036199
612.3000000000707	0.7237478321877205	0.39077074015292573
612.4000000000707	0.7142679594923557	0.39901369180223156
612.5000000000707	0.7047880867969908	0.4072566434515374
612.6000000000707	0.6953082141016259	0.4154995951008432
612.7000000000708	0.685828341406261	0.42374254675014905
612.8000000000708	0.6763484687108962	0.4319854983994549
612.9000000000708	0.6668685960155313	0.4402284500487607
613.0000000000708	0.6573887233201664	0.44847140169806654
613.1000000000708	0.6479088506248015	0.45671435334737237
613.2000000000709	0.6384289779294366	0.4649573049966782
613.3000000000709	0.6289491052340718	0.47320025664598403
613.4000000000709	0.6194692325387069	0.48144320829528986
613.5000000000709	0.609989359843342	0.4896861599445957
613.600000000071	0.6005094871479771	0.4979291115939015
613.700000000071	0.5910296144526123	0.5061720632432073
613.800000000071	0.5815497417572474	0.5144150148925131
613.900000000071	0.5720698690618825	0.5226579665418188
614.000000000071	0.5625899963665176	0.5309009181911246
614.1000000000711	0.5531101236711528	0.5391438698404304
614.2000000000711	0.5436302509757879	0.5473868214897362
614.3000000000711	0.534150378280423	0.5556297731390419
614.4000000000711	0.5246705055850581	0.5638727247883477
614.5000000000712	0.5151906328896932	0.5721156764376535
614.6000000000712	0.5057107601943284	0.5803586280869593
614.7000000000712	0.4962308874989635	0.588601579736265
614.8000000000712	0.4867510148035986	0.5968445313855708
614.9000000000713	0.47727114210823374	0.6050874830348766
615.0000000000713	0.46779126941286886	0.6133304346841824
615.1000000000713	0.458311396717504	0.6215733863334881
615.2000000000713	0.4488315240221391	0.6298163379827939
615.3000000000713	0.43935165132677423	0.6380592896320997
615.4000000000714	0.42987177863140935	0.6463022412814055
615.5000000000714	0.4203919059360445	0.6545451929307112
615.6000000000714	0.4109120332406796	0.662788144580017
615.7000000000714	0.4014321605453147	0.6710310962293228
615.8000000000715	0.39195228784994984	0.6792740478786286
615.9000000000715	0.38247241515458497	0.6875169995279343
616.0000000000715	0.3729925424592201	0.6957599511772401
616.1000000000715	0.3635126697638552	0.7040029028265459
616.2000000000716	0.35403279706849033	0.7122458544758516
616.3000000000716	0.34455292437312546	0.7204888061251574
616.4000000000716	0.3350730516777606	0.7287317577744632
616.5000000000716	0.3255931789823957	0.736974709423769
616.6000000000716	0.3161133062870308	0.7452176610730747
616.7000000000717	0.30663343359166595	0.7534606127223805
616.8000000000717	0.29715356089630107	0.7617035643716863
616.9000000000717	0.2876736882009362	0.7699465160209921
617.0000000000717	0.2781938155055713	0.7781894676702978
617.1000000000718	0.26871394281020644	0.7864324193196036
617.2000000000718	0.25923407011484156	0.7946753709689094
617.3000000000718	0.24975419741947666	0.8029183226182152
617.4000000000718	0.24027432472411175	0.8111612742675209
617.5000000000719	0.23079445202874685	0.8194042259168267
617.6000000000719	0.22131457933338194	0.8276471775661325
617.7000000000719	0.21183470663801704	0.8358901292154383
617.8000000000719	0.20235483394265213	0.844133080864744
617.9000000000719	0.19287496124728723	0.8523760325140498
618.000000000072	0.18339508855192233	0.8606189841633556
618.100000000072	0.17391521585655742	0.8688619358126614
618.200000000072	0.16443534316119252	0.8771048874619671
618.300000000072	0.1549554704658276	0.8853478391112729
618.400000000072	0.1454755977704627	0.8935907907605787
618.5000000000721	0.1359957250750978	0.9018337424098845
618.6000000000721	0.1265158523797329	0.9100766940591902
618.7000000000721	0.11703597968436799	0.918319645708496
618.8000000000721	0.10755610698900309	0.9265625973578018
618.9000000000722	0.09807623429363818	0.9348055490071076
619.0000000000722	0.08859636159827328	0.9430485006564133
619.1000000000722	0.07911648890290837	0.9512914523057191
619.2000000000722	0.06963661620754347	0.9430485006564133
619.3000000000723	0.06015674351217857	0.9348055490071076
619.4000000000723	0.05067687081681367	0.9265625973578018
619.5000000000723	0.04119699812144877	0.918319645708496
619.6000000000723	0.031717125426083875	0.9100766940591902
619.7000000000724	0.022237252730718977	0.9018337424098845
619.8000000000724	0.01275738003535408	0.8935907907605787
619.9000000000724	0.0032775073399891816	0.8853478391112729
620.0000000000724	-0.006202365355375716	0.8771048874619671
620.1000000000724	-0.015682238050740614	0.8688619358126614
620.2000000000725	-0.025162110746105512	0.8606189841633556
620.3000000000725	-0.03464198344147041	0.8523760325140498
620.4000000000725	-0.04412185613683531	0.844133080864744
620.5000000000725	-0.053601728832200206	0.8358901292154383
620.6000000000726	-0.0630816015275651	0.8276471775661325
620.7000000000726	-0.07256147422293	0.8194042259168267
620.8000000000726	-0.0820413469182949	0.8111612742675209
620.9000000000726	-0.0915212196136598	0.8029183226182152
621.0000000000726	-0.10100109230902471	0.7946753709689094
621.1000000000727	-0.11048096500438961	0.7864324193196036
621.2000000000727	-0.11996083769975452	0.7781894676702978
621.3000000000727	-0.12944071039511942	0.7699465160209921
621.4000000000727	-0.13892058309048433	0.7617035643716863
621.5000000000728	-0.14840045578584923	0.7534606127223805
621.6000000000728	-0.15788032848121414	0.7452176610730747
621.7000000000728	-0.16736020117657904	0.736974709423769
621.8000000000728	-0.17684007387194395	0.7287317577744632
621.9000000000729	-0.18631994656730885	0.7204888061251574
622.0000000000729	-0.19579981926267376	0.7122458544758516
622.1000000000729	-0.20527969195803866	0.7040029028265459
622.2000000000729	-0.21475956465340357	0.6957599511772401
622.3000000000729	-0.22423943734876847	0.6875169995279343
622.400000000073	-0.23371931004413338	0.6792740478786286
622.500000000073	-0.24319918273949828	0.6710310962293228
622.600000000073	-0.2526790554348632	0.662788144580017
622.700000000073	-0.26215892813022806	0.6545451929307112
622.800000000073	-0.27163880082559294	0.6463022412814055
622.9000000000731	-0.2811186735209578	0.6380592896320997
623.0000000000731	-0.2905985462163227	0.6298163379827939
623.1000000000731	-0.30007841891168757	0.6215733863334881
623.2000000000731	-0.30955829160705245	0.6133304346841824
623.3000000000732	-0.3190381643024173	0.6050874830348766
623.4000000000732	-0.3285180369977822	0.5968445313855708
623.5000000000732	-0.3379979096931471	0.588601579736265
623.6000000000732	-0.34747778238851196	0.5803586280869593
623.7000000000733	-0.35695765508387683	0.5721156764376535
623.8000000000733	-0.3664375277792417	0.5638727247883477
623.9000000000733	-0.3759174004746066	0.5556297731390419
624.0000000000733	-0.38539727316997147	0.5473868214897362
624.1000000000734	-0.39487714586533634	0.5391438698404304
624.2000000000734	-0.4043570185607012	0.5309009181911246
624.3000000000734	-0.4138368912560661	0.5226579665418188
624.4000000000734	-0.423316763951431	0.5144150148925131
624.5000000000734	-0.43279663664679585	0.5061720632432073
624.6000000000735	-0.44227650934216073	0.49792911159390146
624.7000000000735	-0.4517563820375256	0.48968615994459563
624.8000000000735	-0.4612362547328905	0.4814432082952898
624.9000000000735	-0.47071612742825536	0.473200256645984
625.0000000000736	-0.48019600012362024	0.46495730499667814
625.1000000000736	-0.4896758728189851	0.4567143533473723
625.2000000000736	-0.49915574551435	0.4484714016980665
625.3000000000736	-0.5086356182097149	0.44022845004876066
625.4000000000736	-0.5181154909050798	0.4319854983994548
625.5000000000737	-0.5275953636004447	0.423742546750149
625.6000000000737	-0.5370752362958096	0.41549959510084317
625.7000000000737	-0.5465551089911744	0.40725664345153734
625.8000000000737	-0.5560349816865393	0.3990136918022315
625.9000000000738	-0.5655148543819042	0.3907707401529257
626.0000000000738	-0.5749947270772691	0.38252778850361985
626.1000000000738	-0.5844745997726339	0.374284836854314
626.2000000000738	-0.5939544724679988	0.3660418852050082
626.3000000000739	-0.6034343451633637	0.35779893355570236
626.4000000000739	-0.6129142178587286	0.34955598190639653
626.5000000000739	-0.6223940905540934	0.3413130302570907
626.6000000000739	-0.6318739632494583	0.33307007860778487
626.7000000000739	-0.6413538359448232	0.32482712695847904
626.800000000074	-0.6508337086401881	0.3165841753091732
626.900000000074	-0.660313581335553	0.3083412236598674
627.000000000074	-0.6697934540309178	0.30009827201056155
627.100000000074	-0.6792733267262827	0.2918553203612557
627.200000000074	-0.6887531994216476	0.2836123687119499
627.3000000000741	-0.6982330721170125	0.27536941706264406
627.4000000000741	-0.7077129448123773	0.26712646541333823
627.5000000000741	-0.7171928175077422	0.2588835137640324
627.6000000000741	-0.7266726902031071	0.2506405621147266
627.7000000000742	-0.736152562898472	0.24239761046542074
627.8000000000742	-0.7456324355938369	0.2341546588161149
627.9000000000742	-0.7551123082892017	0.22591170716680908
628.0000000000742	-0.7645921809845666	0.21766875551750325
628.1000000000743	-0.7740720536799315	0.20942580386819742
628.2000000000743	-0.7835519263752964	0.2011828522188916
628.3000000000743	-0.7930317990706612	0.19293990056958576
628.4000000000743	-0.8025116717660261	0.18469694892027994
628.5000000000744	-0.811991544461391	0.1764539972709741
628.6000000000744	-0.8214714171567559	0.16821104562166828
628.7000000000744	-0.8309512898521207	0.15996809397236245
628.8000000000744	-0.8404311625474856	0.15172514232305662
628.9000000000744	-0.8499110352428505	0.1434821906737508
629.0000000000745	-0.8593909079382154	0.13523923902444496
629.1000000000745	-0.8688707806335803	0.12699628737513913
629.2000000000745	-0.8783506533289451	0.1187533357258333
629.3000000000745	-0.88783052602431	0.11051038407652747
629.4000000000746	-0.8973103987196749	0.10226743242722164
629.5000000000746	-0.9067902714150398	0.09402448077791581
629.6000000000746	-0.9162701441104046	0.08578152912860998
629.7000000000746	-0.9257500168057695	0.07753857747930415
629.8000000000746	-0.9352298895011344	0.06929562582999832
629.9000000000747	-0.9447097621964993	0.0610526741806925
630.0000000000747	-0.9541896348918641	0.052809722531386674
630.1000000000747	-0.9447097621964993	0.04456677088208085
630.2000000000747	-0.9352298895011344	0.03632381923277503
630.3000000000748	-0.9257500168057695	0.028080867583469206
630.4000000000748	-0.9162701441104046	0.019837915934163383
630.5000000000748	-0.9067902714150398	0.01159496428485756
630.6000000000748	-0.8973103987196749	0.0033520126355517377
630.7000000000749	-0.88783052602431	-0.004890939013754085
630.8000000000749	-0.8783506533289451	-0.013133890663059908
630.9000000000749	-0.8688707806335803	-0.02137684231236573
631.0000000000749	-0.8593909079382154	-0.029619793961671553
631.1000000000749	-0.8499110352428505	-0.037862745610977376
631.200000000075	-0.8404311625474856	-0.0461056972602832
631.300000000075	-0.8309512898521207	-0.05434864890958902
631.400000000075	-0.8214714171567559	-0.06259160055889484
631.500000000075	-0.811991544461391	-0.07083455220820067
631.600000000075	-0.8025116717660261	-0.0790775038575065
631.7000000000751	-0.7930317990706612	-0.08732045550681233
631.8000000000751	-0.7835519263752964	-0.09556340715611816
631.9000000000751	-0.7740720536799315	-0.10380635880542399
632.0000000000751	-0.7645921809845666	-0.11204931045472982
632.1000000000752	-0.7551123082892017	-0.12029226210403565
632.2000000000752	-0.7456324355938369	-0.12853521375334148
632.3000000000752	-0.736152562898472	-0.1367781654026473
632.4000000000752	-0.7266726902031071	-0.14502111705195314
632.5000000000753	-0.7171928175077422	-0.15326406870125897
632.6000000000753	-0.7077129448123773	-0.1615070203505648
632.7000000000753	-0.6982330721170125	-0.16974997199987063
632.8000000000753	-0.6887531994216476	-0.17799292364917646
632.9000000000754	-0.6792733267262827	-0.1862358752984823
633.0000000000754	-0.6697934540309178	-0.19447882694778812
633.1000000000754	-0.660313581335553	-0.20272177859709395
633.2000000000754	-0.6508337086401881	-0.21096473024639978
633.3000000000754	-0.6413538359448232	-0.2192076818957056
633.4000000000755	-0.6318739632494583	-0.22745063354501144
633.5000000000755	-0.6223940905540934	-0.23569358519431727
633.6000000000755	-0.6129142178587286	-0.2439365368436231
633.7000000000755	-0.6034343451633637	-0.2521794884929289
633.8000000000756	-0.5939544724679988	-0.26042244014223476
633.9000000000756	-0.5844745997726339	-0.2686653917915406
634.0000000000756	-0.5749947270772691	-0.2769083434408464
634.1000000000756	-0.5655148543819042	-0.28515129509015225
634.2000000000756	-0.5560349816865393	-0.2933942467394581
634.3000000000757	-0.5465551089911744	-0.3016371983887639
634.4000000000757	-0.5370752362958096	-0.30988015003806973
634.5000000000757	-0.5275953636004447	-0.31812310168737556
634.6000000000757	-0.5181154909050798	-0.3263660533366814
634.7000000000758	-0.5086356182097149	-0.3346090049859872
634.8000000000758	-0.49915574551435005	-0.34285195663529305
634.9000000000758	-0.48967587281898517	-0.3510949082845989
635.0000000000758	-0.4801960001236203	-0.3593378599339047
635.1000000000759	-0.4707161274282554	-0.36758081158321054
635.2000000000759	-0.46123625473289054	-0.3758237632325164
635.3000000000759	-0.45175638203752566	-0.3840667148818222
635.4000000000759	-0.4422765093421608	-0.39230966653112803
635.5000000000759	-0.4327966366467959	-0.40055261818043386
635.600000000076	-0.42331676395143103	-0.4087955698297397
635.700000000076	-0.41383689125606615	-0.4170385214790455
635.800000000076	-0.4043570185607013	-0.42528147312835135
635.900000000076	-0.3948771458653364	-0.4335244247776572
636.000000000076	-0.3853972731699715	-0.441767376426963
636.1000000000761	-0.37591740047460664	-0.45001032807626884
636.2000000000761	-0.36643752777924177	-0.45825327972557467
636.3000000000761	-0.3569576550838769	-0.4664962313748805
636.4000000000761	-0.347477782388512	-0.47473918302418633
636.5000000000762	-0.33799790969314714	-0.48298213467349216
636.6000000000762	-0.32851803699778226	-0.491225086322798
636.7000000000762	-0.3190381643024174	-0.4994680379721038
636.8000000000762	-0.3095582916070525	-0.5077109896214096
636.9000000000763	-0.3000784189116876	-0.5159539412707154
637.0000000000763	-0.29059854621632275	-0.5241968929200211
637.1000000000763	-0.2811186735209579	-0.5324398445693269
637.2000000000763	-0.271638800825593	-0.5406827962186327
637.3000000000764	-0.2621589281302281	-0.5489257478679385
637.4000000000764	-0.25267905543486324	-0.5571686995172442
637.5000000000764	-0.24319918273949834	-0.56541165116655
637.6000000000764	-0.23371931004413343	-0.5736546028158558
637.7000000000764	-0.22423943734876853	-0.5818975544651616
637.8000000000765	-0.21475956465340362	-0.5901405061144673
637.9000000000765	-0.20527969195803872	-0.5983834577637731
638.0000000000765	-0.1957998192626738	-0.6066264094130789
638.1000000000765	-0.1863199465673089	-0.6148693610623847
638.2000000000766	-0.176840073871944	-0.6231123127116904
638.3000000000766	-0.1673602011765791	-0.6313552643609962
638.4000000000766	-0.1578803284812142	-0.639598216010302
638.5000000000766	-0.1484004557858493	-0.6478411676596078
638.6000000000766	-0.13892058309048438	-0.6560841193089135
638.7000000000767	-0.12944071039511948	-0.6643270709582193
638.8000000000767	-0.11996083769975457	-0.6725700226075251
638.9000000000767	-0.11048096500438967	-0.6808129742568308
639.0000000000767	-0.10100109230902476	-0.6890559259061366
639.1000000000768	-0.09152121961365986	-0.6972988775554424
639.2000000000768	-0.08204134691829496	-0.7055418292047482
639.3000000000768	-0.07256147422293005	-0.713784780854054
639.4000000000768	-0.06308160152756515	-0.7220277325033597
639.5000000000769	-0.05360172883220025	-0.7302706841526655
639.6000000000769	-0.04412185613683535	-0.7385136358019713
639.7000000000769	-0.03464198344147045	-0.746756587451277
639.8000000000769	-0.025162110746105554	-0.7549995391005828
639.900000000077	-0.015682238050740656	-0.7632424907498886
640.000000000077	-0.006202365355375758	-0.7714854423991944
640.100000000077	0.00327750733998914	-0.7797283940485001
640.200000000077	0.012757380035354038	-0.7879713456978059
640.300000000077	0.022237252730718936	-0.7962142973471117
640.4000000000771	0.031717125426083834	-0.8044572489964175
640.5000000000771	0.04119699812144873	-0.8127002006457232
640.6000000000771	0.05067687081681363	-0.820943152295029
640.7000000000771	0.06015674351217853	-0.8291861039443348
640.8000000000771	0.06963661620754343	-0.8374290555936406
640.9000000000772	0.07911648890290832	-0.8456720072429463
641.0000000000772	0.08859636159827322	-0.8539149588922521
641.1000000000772	0.09807623429363813	-0.8621579105415579
641.2000000000772	0.10755610698900303	-0.8704008621908637
641.3000000000773	0.11703597968436794	-0.8786438138401694
641.4000000000773	0.12651585237973284	-0.8868867654894752
641.5000000000773	0.13599572507509775	-0.895129717138781
641.6000000000773	0.14547559777046265	-0.9033726687880868
641.7000000000774	0.15495547046582756	-0.9116156204373925
641.8000000000774	0.16443534316119246	-0.9198585720866983
641.9000000000774	0.17391521585655736	-0.9281015237360041
642.0000000000774	0.18339508855192227	-0.9363444753853098
642.1000000000774	0.19287496124728717	-0.9445874270346156
642.2000000000775	0.20235483394265208	-0.9528303786839214
642.3000000000775	0.21183470663801698	-0.9445874270346156
642.4000000000775	0.2213145793333819	-0.9363444753853098
642.5000000000775	0.2307944520287468	-0.9281015237360041
642.6000000000776	0.2402743247241117	-0.9198585720866983
642.7000000000776	0.2497541974194766	-0.9116156204373925
642.8000000000776	0.2592340701148415	-0.9033726687880868
642.9000000000776	0.2687139428102064	-0.895129717138781
643.0000000000776	0.27819381550557126	-0.8868867654894752
643.1000000000777	0.28767368820093614	-0.8786438138401694
643.2000000000777	0.297153560896301	-0.8704008621908637
643.3000000000777	0.3066334335916659	-0.8621579105415579
643.4000000000777	0.31611330628703077	-0.8539149588922521
643.5000000000778	0.32559317898239565	-0.8456720072429463
643.6000000000778	0.3350730516777605	-0.8374290555936406
643.7000000000778	0.3445529243731254	-0.8291861039443348
643.8000000000778	0.3540327970684903	-0.820943152295029
643.9000000000779	0.36351266976385516	-0.8127002006457232
644.0000000000779	0.37299254245922003	-0.8044572489964175
644.1000000000779	0.3824724151545849	-0.7962142973471117
644.2000000000779	0.3919522878499498	-0.7879713456978059
644.300000000078	0.40143216054531466	-0.7797283940485001
644.400000000078	0.41091203324067954	-0.7714854423991944
644.500000000078	0.4203919059360444	-0.7632424907498886
644.600000000078	0.4298717786314093	-0.7549995391005828
644.700000000078	0.4393516513267742	-0.746756587451277
644.8000000000781	0.44883152402213905	-0.7385136358019713
644.9000000000781	0.4583113967175039	-0.7302706841526655
645.0000000000781	0.4677912694128688	-0.7220277325033597
645.1000000000781	0.4772711421082337	-0.713784780854054
645.2000000000781	0.48675101480359856	-0.7055418292047482
645.3000000000782	0.49623088749896344	-0.6972988775554424
645.4000000000782	0.5057107601943284	-0.6890559259061366
645.5000000000782	0.5151906328896932	-0.6808129742568308
645.6000000000782	0.5246705055850581	-0.6725700226075251
645.7000000000783	0.534150378280423	-0.6643270709582193
645.8000000000783	0.5436302509757879	-0.6560841193089135
645.9000000000783	0.5531101236711528	-0.6478411676596078
646.0000000000783	0.5625899963665176	-0.639598216010302
646.1000000000784	0.5720698690618825	-0.6313552643609962
646.2000000000784	0.5815497417572474	-0.6231123127116904
646.3000000000784	0.5910296144526123	-0.6148693610623847
646.4000000000784	0.6005094871479771	-0.6066264094130789
646.5000000000784	0.609989359843342	-0.5983834577637731
646.6000000000785	0.6194692325387069	-0.5901405061144673
646.7000000000785	0.6289491052340718	-0.5818975544651616
646.8000000000785	0.6384289779294366	-0.5736546028158558
646.9000000000785	0.6479088506248015	-0.56541165116655
647.0000000000786	0.6573887233201664	-0.5571686995172442
647.1000000000786	0.6668685960155313	-0.5489257478679385
647.2000000000786	0.6763484687108962	-0.5406827962186327
647.3000000000786	0.685828341406261	-0.5324398445693269
647.4000000000786	0.6953082141016259	-0.5241968929200211
647.5000000000787	0.7047880867969908	-0.5159539412707154
647.6000000000787	0.7142679594923557	-0.5077109896214096
647.7000000000787	0.7237478321877205	-0.49946803797210376
647.8000000000787	0.7332277048830854	-0.49122508632279793
647.9000000000788	0.7427075775784503	-0.4829821346734921
648.0000000000788	0.7521874502738152	-0.4747391830241863
648.1000000000788	0.76166732296918	-0.46649623137488044
648.2000000000788	0.7711471956645449	-0.4582532797255746
648.3000000000789	0.7806270683599098	-0.4500103280762688
648.4000000000789	0.7901069410552747	-0.44176737642696295
648.5000000000789	0.7995868137506396	-0.4335244247776571
648.6000000000789	0.8090666864460044	-0.4252814731283513
648.700000000079	0.8185465591413693	-0.41703852147904547
648.800000000079	0.8280264318367342	-0.40879556982973964
648.900000000079	0.8375063045320991	-0.4005526181804338
649.000000000079	0.8469861772274639	-0.392309666531128
649.100000000079	0.8564660499228288	-0.38406671488182215
649.2000000000791	0.8659459226181937	-0.3758237632325163
649.3000000000791	0.8754257953135586	-0.3675808115832105
649.4000000000791	0.8849056680089235	-0.35933785993390466
649.5000000000791	0.8943855407042883	-0.35109490828459883
649.6000000000791	0.9038654133996532	-0.342851956635293
649.7000000000792	0.9133452860950181	-0.33460900498598717
649.8000000000792	0.922825158790383	-0.32636605333668134
649.9000000000792	0.9323050314857478	-0.3181231016873755
650.0000000000792	0.9417849041811127	-0.3098801500380697
650.1000000000793	0.9512647768764776	-0.30163719838876385
650.2000000000793	0.9417849041811127	-0.293394246739458
650.3000000000793	0.9323050314857478	-0.2851512950901522
650.4000000000793	0.922825158790383	-0.27690834344084636
650.5000000000794	0.9133452860950181	-0.26866539179154053
650.6000000000794	0.9038654133996532	-0.2604224401422347
650.7000000000794	0.8943855407042883	-0.25217948849292887
650.8000000000794	0.8849056680089235	-0.24393653684362304
650.9000000000794	0.8754257953135586	-0.2356935851943172
651.0000000000795	0.8659459226181937	-0.22745063354501138
651.1000000000795	0.8564660499228288	-0.21920768189570555
651.2000000000795	0.8469861772274639	-0.21096473024639972
651.3000000000795	0.8375063045320991	-0.2027217785970939
651.4000000000796	0.8280264318367342	-0.19447882694778806
651.5000000000796	0.8185465591413693	-0.18623587529848223
651.6000000000796	0.8090666864460044	-0.1779929236491764
651.7000000000796	0.7995868137506396	-0.16974997199987057
651.8000000000796	0.7901069410552747	-0.16150702035056475
651.9000000000797	0.7806270683599098	-0.15326406870125892
652.0000000000797	0.7711471956645449	-0.14502111705195309
652.1000000000797	0.76166732296918	-0.13677816540264726
652.2000000000797	0.7521874502738152	-0.12853521375334143
652.3000000000798	0.7427075775784503	-0.1202922621040356
652.4000000000798	0.7332277048830854	-0.11204931045472977
652.5000000000798	0.7237478321877205	-0.10380635880542394
652.6000000000798	0.7142679594923557	-0.09556340715611811
652.7000000000799	0.7047880867969908	-0.08732045550681228
652.8000000000799	0.6953082141016259	-0.07907750385750645
652.9000000000799	0.685828341406261	-0.07083455220820062
653.0000000000799	0.6763484687108962	-0.06259160055889479
653.10000000008	0.6668685960155313	-0.054348648909588966
653.20000000008	0.6573887233201664	-0.04610569726028314
653.30000000008	0.6479088506248015	-0.03786274561097732
653.40000000008	0.6384289779294366	-0.029619793961671498
653.50000000008	0.6289491052340718	-0.021376842312365675
653.6000000000801	0.6194692325387069	-0.013133890663059852
653.7000000000801	0.609989359843342	-0.0048909390137540296
653.8000000000801	0.6005094871479771	0.003352012635551793
653.9000000000801	0.5910296144526123	0.011594964284857616
654.0000000000801	0.5815497417572474	0.01983791593416344
654.1000000000802	0.5720698690618825	0.02808086758346926
654.2000000000802	0.5625899963665176	0.036323819232775084
654.3000000000802	0.5531101236711528	0.04456677088208091
654.4000000000802	0.5436302509757879	0.05280972253138673
654.5000000000803	0.534150378280423	0.06105267418069255
654.6000000000803	0.5246705055850581	0.06929562582999838
654.7000000000803	0.5151906328896932	0.0775385774793042
654.8000000000803	0.5057107601943284	0.08578152912861003
654.9000000000804	0.4962308874989635	0.09402448077791586
655.0000000000804	0.4867510148035986	0.1022674324272217
655.1000000000804	0.47727114210823374	0.11051038407652752
655.2000000000804	0.46779126941286886	0.11875333572583335
655.3000000000804	0.458311396717504	0.12699628737513918
655.4000000000805	0.4488315240221391	0.135239239024445
655.5000000000805	0.43935165132677423	0.14348219067375084
655.6000000000805	0.42987177863140935	0.15172514232305667
655.7000000000805	0.4203919059360445	0.1599680939723625
655.8000000000806	0.4109120332406796	0.16821104562166833
655.9000000000806	0.4014321605453147	0.17645399727097416
656.0000000000806	0.39195228784994984	0.18469694892028
656.1000000000806	0.38247241515458497	0.19293990056958582
656.2000000000806	0.3729925424592201	0.20118285221889165
656.3000000000807	0.3635126697638552	0.20942580386819748
656.4000000000807	0.35403279706849033	0.2176687555175033
656.5000000000807	0.34455292437312546	0.22591170716680914
656.6000000000807	0.3350730516777606	0.23415465881611497
656.7000000000808	0.3255931789823957	0.2423976104654208
656.8000000000808	0.3161133062870308	0.25064056211472663
656.9000000000808	0.30663343359166595	0.25888351376403246
657.0000000000808	0.29715356089630107	0.2671264654133383
657.1000000000809	0.2876736882009362	0.2753694170626441
657.2000000000809	0.2781938155055713	0.28361236871194995
657.3000000000809	0.26871394281020644	0.2918553203612558
657.4000000000809	0.25923407011484156	0.3000982720105616
657.500000000081	0.24975419741947666	0.30834122365986744
657.600000000081	0.24027432472411175	0.31658417530917327
657.700000000081	0.23079445202874685	0.3248271269584791
657.800000000081	0.22131457933338194	0.3330700786077849
657.900000000081	0.21183470663801704	0.34131303025709075
658.0000000000811	0.20235483394265213	0.3495559819063966
658.1000000000811	0.19287496124728723	0.3577989335557024
658.2000000000811	0.18339508855192233	0.36604188520500824
658.3000000000811	0.17391521585655742	0.3742848368543141
658.4000000000811	0.16443534316119252	0.3825277885036199
658.5000000000812	0.1549554704658276	0.39077074015292573
658.6000000000812	0.1454755977704627	0.39901369180223156
658.7000000000812	0.1359957250750978	0.4072566434515374
658.8000000000812	0.1265158523797329	0.4154995951008432
658.9000000000813	0.11703597968436799	0.42374254675014905
659.0000000000813	0.10755610698900309	0.4319854983994549
659.1000000000813	0.09807623429363818	0.4402284500487607
659.2000000000813	0.08859636159827328	0.44847140169806654
659.3000000000814	0.07911648890290837	0.45671435334737237
659.4000000000814	0.06963661620754347	0.4649573049966782
659.5000000000814	0.06015674351217857	0.47320025664598403
659.6000000000814	0.05067687081681367	0.48144320829528986
659.7000000000814	0.04119699812144877	0.4896861599445957
659.8000000000815	0.031717125426083875	0.4979291115939015
659.9000000000815	0.022237252730718977	0.5061720632432073
660.0000000000815	0.01275738003535408	0.5144150148925131
660.1000000000815	0.0032775073399891816	0.5226579665418188
660.2000000000816	-0.006202365355375716	0.5309009181911246
660.3000000000816	-0.015682238050740614	0.5391438698404304
660.4000000000816	-0.025162110746105512	0.5473868214897362
660.5000000000816	-0.03464198344147041	0.5556297731390419
660.6000000000816	-0.04412185613683531	0.5638727247883477
660.7000000000817	-0.053601728832200206	0.5721156764376535
660.8000000000817	-0.0630816015275651	0.5803586280869593
660.9000000000817	-0.07256147422293	0.588601579736265
661.0000000000817	-0.0820413469182949	0.5968445313855708
661.1000000000818	-0.0915212196136598	0.6050874830348766
661.2000000000818	-0.10100109230902471	0.6133304346841824
661.3000000000818	-0.11048096500438961	0.6215733863334881
661.4000000000818	-0.11996083769975452	0.6298163379827939
661.5000000000819	-0.12944071039511942	0.6380592896320997
661.6000000000819	-0.13892058309048433	0.6463022412814055
661.7000000000819	-0.14840045578584923	0.6545451929307112
661.8000000000819	-0.15788032848121414	0.662788144580017
661.900000000082	-0.16736020117657904	0.6710310962293228
662.000000000082	-0.17684007387194395	0.6792740478786286
662.100000000082	-0.18631994656730885	0.6875169995279343
662.200000000082	-0.19579981926267376	0.6957599511772401
662.300000000082	-0.20527969195803866	0.7040029028265459
662.4000000000821	-0.21475956465340357	0.7122458544758516
662.5000000000821	-0.22423943734876847	0.7204888061251574
662.6000000000821	-0.23371931004413338	0.7287317577744632
662.7000000000821	-0.24319918273949828	0.736974709423769
662.8000000000822	-0.2526790554348632	0.7452176610730747
662.9000000000822	-0.26215892813022806	0.7534606127223805
663.0000000000822	-0.27163880082559294	0.7617035643716863
663.1000000000822	-0.2811186735209578	0.7699465160209921
663.2000000000822	-0.2905985462163227	0.7781894676702978
663.3000000000823	-0.30007841891168757	0.7864324193196036
663.4000000000823	-0.30955829160705245	0.7946753709689094
663.5000000000823	-0.3190381643024173	0.8029183226182152
663.6000000000823	-0.3285180369977822	0.8111612742675209
663.7000000000824	-0.3379979096931471	0.8194042259168267
663.8000000000824	-0.34747778238851196	0.8276471775661325
663.9000000000824	-0.35695765508387683	0.8358901292154383
664.0000000000824	-0.3664375277792417	0.844133080864744
664.1000000000824	-0.3759174004746066	0.8523760325140498
664.2000000000825	-0.38539727316997147	0.8606189841633556
664.3000000000825	-0.39487714586533634	0.8688619358126614
664.4000000000825	-0.4043570185607012	0.8771048874619671
664.5000000000825	-0.4138368912560661	0.8853478391112729
664.6000000000826	-0.423316763951431	0.8935907907605787
664.7000000000826	-0.43279663664679585	0.9018337424098845
664.8000000000826	-0.44227650934216073	0.9100766940591902
664.9000000000826	-0.4517563820375256	0.918319645708496
665.0000000000827	-0.4612362547328905	0.9265625973578018
665.1000000000827	-0.47071612742825536	0.9348055490071076
665.2000000000827	-0.48019600012362024	0.9430485006564133
665.3000000000827	-0.4896758728189851	0.9512914523057191
665.4000000000827	-0.49915574551435	0.9430485006564133
665.5000000000828	-0.5086356182097149	0.9348055490071076
665.6000000000828	-0.5181154909050798	0.9265625973578018
665.7000000000828	-0.5275953636004447	0.918319645708496
665.8000000000828	-0.5370752362958096	0.9100766940591902
665.9000000000829	-0.5465551089911744	0.9018337424098845
666.0000000000829	-0.5560349816865393	0.8935907907605787
666.1000000000829	-0.5655148543819042	0.8853478391112729
666.2000000000829	-0.5749947270772691	0.8771048874619671
666.300000000083	-0.5844745997726339	0.8688619358126614
666.400000000083	-0.5939544724679988	0.8606189841633556
666.500000000083	-0.6034343451633637	0.8523760325140498
666.600000000083	-0.6129142178587286	0.844133080864744
666.700000000083	-0.6223940905540934	0.8358901292154383
666.8000000000831	-0.6318739632494583	0.8276471775661325
666.9000000000831	-0.6413538359448232	0.8194042259168267
667.0000000000831	-0.6508337086401881	0.8111612742675209
667.1000000000831	-0.660313581335553	0.8029183226182152
667.2000000000832	-0.6697934540309178	0.7946753709689094
667.3000000000832	-0.6792733267262827	0.7864324193196036
667.4000000000832	-0.6887531994216476	0.7781894676702978
667.5000000000832	-0.6982330721170125	0.7699465160209921
667.6000000000832	-0.7077129448123773	0.7617035643716863
667.7000000000833	-0.7171928175077422	0.7534606127223805
667.8000000000833	-0.7266726902031071	0.7452176610730747
667.9000000000833	-0.736152562898472	0.736974709423769
668.0000000000833	-0.7456324355938369	0.7287317577744632
668.1000000000834	-0.7551123082892017	0.7204888061251574
668.2000000000834	-0.7645921809845666	0.7122458544758516
668.3000000000834	-0.7740720536799315	0.7040029028265459
668.4000000000834	-0.7835519263752964	0.6957599511772401
668.5000000000834	-0.7930317990706612	0.6875169995279343
668.6000000000835	-0.8025116717660261	0.6792740478786286
668.7000000000835	-0.811991544461391	0.6710310962293228
668.8000000000835	-0.8214714171567559	0.662788144580017
668.9000000000835	-0.8309512898521207	0.6545451929307112
669.0000000000836	-0.8404311625474856	0.6463022412814055
669.1000000000836	-0.8499110352428505	0.6380592896320997
669.2000000000836	-0.8593909079382154	0.6298163379827939
669.3000000000836	-0.8688707806335803	0.6215733863334881
669.4000000000837	-0.8783506533289451	0.6133304346841824
669.5000000000837	-0.88783052602431	0.6050874830348766
669.6000000000837	-0.8973103987196749	0.5968445313855708
669.7000000000837	-0.9067902714150398	0.588601579736265
669.8000000000837	-0.9162701441104046	0.5803586280869593
669.9000000000838	-0.9257500168057695	0.5721156764376535
670.0000000000838	-0.9352298895011344	0.5638727247883477
670.1000000000838	-0.9447097621964993	0.5556297731390419
670.2000000000838	-0.9541896348918641	0.5473868214897362
670.3000000000839	-0.9447097621964993	0.5391438698404304
670.4000000000839	-0.9352298895011344	0.5309009181911246
670.5000000000839	-0.9257500168057695	0.5226579665418188
670.6000000000839	-0.9162701441104046	0.5144150148925131
670.700000000084	-0.9067902714150398	0.5061720632432073
670.800000000084	-0.8973103987196749	0.49792911159390146
670.900000000084	-0.88783052602431	0.48968615994459563
671.000000000084	-0.8783506533289451	0.4814432082952898
671.100000000084	-0.8688707806335803	0.473200256645984
671.2000000000841	-0.8593909079382154	0.46495730499667814
671.3000000000841	-0.8499110352428505	0.4567143533473723
671.4000000000841	-0.8404311625474856	0.4484714016980665
671.5000000000841	-0.8309512898521207	0.44022845004876066
671.6000000000842	-0.8214714171567559	0.4319854983994548
671.7000000000842	-0.811991544461391	0.423742546750149
671.8000000000842	-0.8025116717660261	0.41549959510084317
671.9000000000842	-0.7930317990706612	0.40725664345153734
672.0000000000842	-0.7835519263752964	0.3990136918022315
672.1000000000843	-0.7740720536799315	0.3907707401529257
672.2000000000843	-0.7645921809845666	0.38252778850361985
672.3000000000843	-0.7551123082892017	0.374284836854314
672.4000000000843	-0.7456324355938369	0.3660418852050082
672.5000000000844	-0.736152562898472	0.35779893355570236
672.6000000000844	-0.7266726902031071	0.34955598190639653
672.7000000000844	-0.7171928175077422	0.3413130302570907
672.8000000000844	-0.7077129448123773	0.33307007860778487
672.9000000000844	-0.6982330721170125	0.32482712695847904
673.0000000000845	-0.6887531994216476	0.3165841753091732
673.1000000000845	-0.6792733267262827	0.3083412236598674
673.2000000000845	-0.6697934540309178	0.30009827201056155
673.3000000000845	-0.660313581335553	0.2918553203612557
673.4000000000846	-0.6508337086401881	0.2836123687119499
673.5000000000846	-0.6413538359448232	0.27536941706264406
673.6000000000846	-0.6318739632494583	0.26712646541333823
673.7000000000846	-0.6223940905540934	0.2588835137640324
673.8000000000847	-0.6129142178587286	0.2506405621147266
673.9000000000847	-0.6034343451633637	0.24239761046542074
674.0000000000847	-0.5939544724679988	0.2341546588161149
674.1000000000847	-0.5844745997726339	0.22591170716680908
674.2000000000847	-0.5749947270772691	0.21766875551750325
674.3000000000848	-0.5655148543819042	0.20942580386819742
674.4000000000848	-0.5560349816865393	0.2011828522188916
674.5000000000848	-0.5465551089911744	0.19293990056958576
674.6000000000848	-0.5370752362958096	0.18469694892027994
674.7000000000849	-0.5275953636004447	0.1764539972709741
674.8000000000849	-0.5181154909050798	0.16821104562166828
674.9000000000849	-0.5086356182097149	0.15996809397236245
675.0000000000849	-0.49915574551435005	0.15172514232305662
675.100000000085	-0.48967587281898517	0.1434821906737508
675.200000000085	-0.4801960001236203	0.13523923902444496
675.300000000085	-0.4707161274282554	0.12699628737513913
675.400000000085	-0.46123625473289054	0.1187533357258333
675.500000000085	-0.45175638203752566	0.11051038407652747
675.6000000000851	-0.4422765093421608	0.10226743242722164
675.7000000000851	-0.4327966366467959	0.09402448077791581
675.8000000000851	-0.42331676395143103	0.08578152912860998
675.9000000000851	-0.41383689125606615	0.07753857747930415
676.0000000000852	-0.4043570185607013	0.06929562582999832
676.1000000000852	-0.3948771458653364	0.0610526741806925
676.2000000000852	-0.3853972731699715	0.052809722531386674
676.3000000000852	-0.37591740047460664	0.04456677088208085
676.4000000000852	-0.36643752777924177	0.03632381923277503
676.5000000000853	-0.3569576550838769	0.028080867583469206
676.6000000000853	-0.347477782388512	0.019837915934163383
676.7000000000853	-0.33799790969314714	0.01159496428485756
676.8000000000853	-0.32851803699778226	0.0033520126355517377
676.9000000000854	-0.3190381643024174	-0.004890939013754085
677.0000000000854	-0.3095582916070525	-0.013133890663059908
677.1000000000854	-0.3000784189116876	-0.02137684231236573
677.2000000000854	-0.29059854621632275	-0.029619793961671553
677.3000000000854	-0.2811186735209579	-0.037862745610977376
677.4000000000855	-0.271638800825593	-0.0461056972602832
677.5000000000855	-0.2621589281302281	-0.05434864890958902
677.6000000000855	-0.25267905543486324	-0.06259160055889484
677.7000000000855	-0.24319918273949834	-0.07083455220820067
677.8000000000856	-0.23371931004413343	-0.0790775038575065
677.9000000000856	-0.22423943734876853	-0.08732045550681233
678.0000000000856	-0.21475956465340362	-0.09556340715611816
678.1000000000856	-0.20527969195803872	-0.10380635880542399
678.2000000000857	-0.1957998192626738	-0.11204931045472982
678.3000000000857	-0.1863199465673089	-0.12029226210403565
678.4000000000857	-0.176840073871944	-0.12853521375334148
678.5000000000857	-0.1673602011765791	-0.1367781654026473
678.6000000000857	-0.1578803284812142	-0.14502111705195314
678.7000000000858	-0.1484004557858493	-0.15326406870125897
678.8000000000858	-0.13892058309048438	-0.1615070203505648
678.9000000000858	-0.12944071039511948	-0.16974997199987063
679.0000000000858	-0.11996083769975457	-0.17799292364917646
679.1000000000859	-0.11048096500438967	-0.1862358752984823
679.2000000000859	-0.10100109230902476	-0.19447882694778812
679.3000000000859	-0.09152121961365986	-0.20272177859709395
679.4000000000859	-0.08204134691829496	-0.21096473024639978
679.500000000086	-0.07256147422293005	-0.2192076818957056
679.600000000086	-0.06308160152756515	-0.22745063354501144
679.700000000086	-0.05360172883220025	-0.23569358519431727
679.800000000086	-0.04412185613683535	-0.2439365368436231
679.900000000086	-0.03464198344147045	-0.2521794884929289
680.0000000000861	-0.025162110746105554	-0.26042244014223476
680.1000000000861	-0.015682238050740656	-0.2686653917915406
680.2000000000861	-0.006202365355375758	-0.2769083434408464
680.3000000000861	0.00327750733998914	-0.28515129509015225
680.4000000000862	0.012757380035354038	-0.2933942467394581
680.5000000000862	0.022237252730718936	-0.3016371983887639
680.6000000000862	0.031717125426083834	-0.30988015003806973
680.7000000000862	0.04119699812144873	-0.31812310168737556
680.8000000000862	0.05067687081681363	-0.3263660533366814
680.9000000000863	0.06015674351217853	-0.3346090049859872
681.0000000000863	0.06963661620754343	-0.34285195663529305
681.1000000000863	0.07911648890290832	-0.3510949082845989
681.2000000000863	0.08859636159827322	-0.3593378599339047
681.3000000000864	0.09807623429363813	-0.36758081158321054
681.4000000000864	0.10755610698900303	-0.3758237632325164
681.5000000000864	0.11703597968436794	-0.3840667148818222
681.6000000000864	0.12651585237973284	-0.39230966653112803
681.7000000000864	0.13599572507509775	-0.40055261818043386
681.8000000000865	0.14547559777046265	-0.4087955698297397
681.9000000000865	0.15495547046582756	-0.4170385214790455
682.0000000000865	0.16443534316119246	-0.42528147312835135
682.1000000000865	0.17391521585655736	-0.4335244247776572
682.2000000000866	0.18339508855192227	-0.441767376426963
682.3000000000866	0.19287496124728717	-0.45001032807626884
682.4000000000866	0.20235483394265208	-0.45825327972557467
682.5000000000866	0.21183470663801698	-0.4664962313748805
682.6000000000867	0.2213145793333819	-0.47473918302418633
682.7000000000867	0.2307944520287468	-0.48298213467349216
682.8000000000867	0.2402743247241117	-0.491225086322798
682.9000000000867	0.2497541974194766	-0.4994680379721038
683.0000000000867	0.2592340701148415	-0.5077109896214096
683.1000000000868	0.2687139428102064	-0.5159539412707154
683.2000000000868	0.27819381550557126	-0.5241968929200211
683.3000000000868	0.28767368820093614	-0.5324398445693269
683.4000000000868	0.297153560896301	-0.5406827962186327
683.5000000000869	0.3066334335916659	-0.5489257478679385
683.6000000000869	0.31611330628703077	-0.5571686995172442
683.7000000000869	0.32559317898239565	-0.56541165116655
683.8000000000869	0.3350730516777605	-0.5736546028158558
683.900000000087	0.3445529243731254	-0.5818975544651616
684.000000000087	0.3540327970684903	-0.5901405061144673
684.100000000087	0.36351266976385516	-0.5983834577637731
684.200000000087	0.37299254245922003	-0.6066264094130789
684.300000000087	0.3824724151545849	-0.6148693610623847
684.4000000000871	0.3919522878499498	-0.6231123127116904
684.5000000000871	0.40143216054531466	-0.6313552643609962
684.6000000000871	0.41091203324067954	-0.639598216010302
684.7000000000871	0.4203919059360444	-0.6478411676596078
684.8000000000872	0.4298717786314093	-0.6560841193089135
684.9000000000872	0.4393516513267742	-0.6643270709582193
685.0000000000872	0.44883152402213905	-0.6725700226075251
685.1000000000872	0.4583113967175039	-0.6808129742568308
685.2000000000872	0.4677912694128688	-0.6890559259061366
685.3000000000873	0.4772711421082337	-0.6972988775554424
685.4000000000873	0.48675101480359856	-0.7055418292047482
685.5000000000873	0.49623088749896344	-0.713784780854054
685.6000000000873	0.5057107601943284	-0.7220277325033597
685.7000000000874	0.5151906328896932	-0.7302706841526655
685.8000000000874	0.5246705055850581	-0.7385136358019713
685.9000000000874	0.534150378280423	-0.746756587451277
686.0000000000874	0.5436302509757879	-0.7549995391005828
686.1000000000874	0.5531101236711528	-0.7632424907498886
686.2000000000875	0.5625899963665176	-0.7714854423991944
686.3000000000875	0.5720698690618825	-0.7797283940485001
686.4000000000875	0.5815497417572474	-0.7879713456978059
686.5000000000875	0.5910296144526123	-0.7962142973471117
686.6000000000876	0.6005094871479771	-0.8044572489964175
686.7000000000876	0.609989359843342	-0.8127002006457232
686.8000000000876	0.6194692325387069	-0.820943152295029
686.9000000000876	0.6289491052340718	-0.8291861039443348
687.0000000000877	0.6384289779294366	-0.8374290555936406
687.1000000000877	0.6479088506248015	-0.8456720072429463
687.2000000000877	0.6573887233201664	-0.8539149588922521
687.3000000000877	0.6668685960155313	-0.8621579105415579
687.4000000000877	0.6763484687108962	-0.8704008621908637
687.5000000000878	0.685828341406261	-0.8786438138401694
687.6000000000878	0.6953082141016259	-0.8868867654894752
687.7000000000878	0.7047880867969908	-0.895129717138781
687.8000000000878	0.7142679594923557	-0.9033726687880868
687.9000000000879	0.7237478321877205	-0.9116156204373925
688.0000000000879	0.7332277048830854	-0.9198585720866983
688.1000000000879	0.7427075775784503	-0.9281015237360041
688.2000000000879	0.7521874502738152	-0.9363444753853098
688.300000000088	0.76166732296918	-0.9445874270346156
688.400000000088	0.7711471956645449	-0.9528303786839214
688.500000000088	0.7806270683599098	-0.9445874270346156
688.600000000088	0.7901069410552747	-0.9363444753853098
688.700000000088	0.7995868137506396	-0.9281015237360041
688.8000000000881	0.8090666864460044	-0.9198585720866983
688.9000000000881	0.8185465591413693	-0.9116156204373925
689.0000000000881	0.8280264318367342	-0.9033726687880868
689.1000000000881	0.8375063045320991	-0.895129717138781
689.2000000000882	0.8469861772274639	-0.8868867654894752
689.3000000000882	0.8564660499228288	-0.8786438138401694
689.4000000000882	0.8659459226181937	-0.8704008621908637
689.5000000000882	0.8754257953135586	-0.8621579105415579
689.6000000000882	0.8849056680089235	-0.8539149588922521
689.7000000000883	0.8943855407042883	-0.8456720072429463
689.8000000000883	0.9038654133996532	-0.8374290555936406
689.9000000000883	0.9133452860950181	-0.8291861039443348
690.0000000000883	0.922825158790383	-0.820943152295029
690.1000000000884	0.9323050314857478	-0.8127002006457232
690.2000000000884	0.9417849041811127	-0.8044572489964175
690.3000000000884	0.9512647768764776	-0.7962142973471117
690.4000000000884	0.9417849041811127	-0.7879713456978059
690.5000000000884	0.9323050314857478	-0.7797283940485001
690.6000000000885	0.922825158790383	-0.7714854423991944
690.7000000000885	0.9133452860950181	-0.7632424907498886
690.8000000000885	0.9038654133996532	-0.7549995391005828
690.9000000000885	0.8943855407042883	-0.746756587451277
691.0000000000886	0.8849056680089235	-0.7385136358019713
691.1000000000886	0.8754257953135586	-0.7302706841526655
691.2000000000886	0.8659459226181937	-0.7220277325033597
691.3000000000886	0.8564660499228288	-0.713784780854054
691.4000000000887	0.8469861772274639	-0.7055418292047482
691.5000000000887	0.8375063045320991	-0.6972988775554424
691.6000000000887	0.8280264318367342	-0.6890559259061366
691.7000000000887	0.8185465591413693	-0.6808129742568308
691.8000000000887	0.8090666864460044	-0.6725700226075251
691.9000000000888	0.7995868137506396	-0.6643270709582193
692.0000000000888	0.7901069410552747	-0.6560841193089135
692.1000000000888	0.7806270683599098	-0.6478411676596078
692.2000000000888	0.7711471956645449	-0.639598216010302
692.3000000000889	0.76166732296918	-0.6313552643609962
692.4000000000889	0.7521874502738152	-0.6231123127116904
692.5000000000889	0.7427075775784503	-0.6148693610623847
692.6000000000889	0.7332277048830854	-0.6066264094130789
692.700000000089	0.7237478321877205	-0.5983834577637731
692.800000000089	0.7142679594923557	-0.5901405061144673
692.900000000089	0.7047880867969908	-0.5818975544651616
693.000000000089	0.6953082141016259	-0.5736546028158558
693.100000000089	0.685828341406261	-0.56541165116655
693.2000000000891	0.6763484687108962	-0.5571686995172442
693.3000000000891	0.6668685960155313	-0.5489257478679385
693.4000000000891	0.6573887233201664	-0.5406827962186327
693.5000000000891	0.6479088506248015	-0.5324398445693269
693.6000000000892	0.6384289779294366	-0.5241968929200211
693.7000000000892	0.6289491052340718	-0.5159539412707154
693.8000000000892	0.6194692325387069	-0.5077109896214096
693.9000000000892	0.609989359843342	-0.49946803797210376
694.0000000000892	0.6005094871479771	-0.49122508632279793
694.1000000000893	0.5910296144526123	-0.4829821346734921
694.2000000000893	0.5815497417572474	-0.4747391830241863
694.3000000000893	0.5720698690618825	-0.46649623137488044
694.4000000000893	0.5625899963665176	-0.4582532797255746
694.5000000000894	0.5531101236711528	-0.4500103280762688
694.6000000000894	0.5436302509757879	-0.44176737642696295
694.7000000000894	0.534150378280423	-0.4335244247776571
694.8000000000894	0.5246705055850581	-0.4252814731283513
694.9000000000894	0.5151906328896932	-0.41703852147904547
695.0000000000895	0.5057107601943284	-0.40879556982973964
695.1000000000895	0.4962308874989635	-0.4005526181804338
695.2000000000895	0.4867510148035986	-0.392309666531128
695.3000000000895	0.47727114210823374	-0.38406671488182215
695.4000000000896	0.46779126941286886	-0.3758237632325163
695.5000000000896	0.458311396717504	-0.3675808115832105
695.6000000000896	0.4488315240221391	-0.35933785993390466
695.7000000000896	0.43935165132677423	-0.35109490828459883
695.8000000000897	0.42987177863140935	-0.342851956635293
695.9000000000897	0.4203919059360445	-0.33460900498598717
696.0000000000897	0.4109120332406796	-0.32636605333668134
696.1000000000897	0.4014321605453147	-0.3181231016873755
696.2000000000897	0.39195228784994984	-0.3098801500380697
696.3000000000898	0.38247241515458497	-0.30163719838876385
696.4000000000898	0.3729925424592201	-0.293394246739458
696.5000000000898	0.3635126697638552	-0.2851512950901522
696.6000000000898	0.35403279706849033	-0.27690834344084636
696.7000000000899	0.34455292437312546	-0.26866539179154053
696.8000000000899	0.3350730516777606	-0.2604224401422347
696.9000000000899	0.3255931789823957	-0.25217948849292887
697.0000000000899	0.3161133062870308	-0.24393653684362304
697.10000000009	0.30663343359166595	-0.2356935851943172
697.20000000009	0.29715356089630107	-0.22745063354501138
697.30000000009	0.2876736882009362	-0.21920768189570555
697.40000000009	0.2781938155055713	-0.21096473024639972
697.50000000009	0.26871394281020644	-0.2027217785970939
697.6000000000901	0.25923407011484156	-0.19447882694778806
697.7000000000901	0.24975419741947666	-0.18623587529848223
697.8000000000901	0.24027432472411175	-0.1779929236491764
697.9000000000901	0.23079445202874685	-0.16974997199987057
698.0000000000902	0.22131457933338194	-0.16150702035056475
698.1000000000902	0.21183470663801704	-0.15326406870125892
698.2000000000902	0.20235483394265213	-0.14502111705195309
698.3000000000902	0.19287496124728723	-0.13677816540264726
698.4000000000902	0.18339508855192233	-0.12853521375334143
698.5000000000903	0.17391521585655742	-0.1202922621040356
698.6000000000903	0.16443534316119252	-0.11204931045472977
698.7000000000903	0.1549554704658276	-0.10380635880542394
698.8000000000903	0.1454755977704627	-0.09556340715611811
698.9000000000904	0.1359957250750978	-0.08732045550681228
699.0000000000904	0.1265158523797329	-0.07907750385750645
699.1000000000904	0.11703597968436799	-0.07083455220820062
699.2000000000904	0.10755610698900309	-0.06259160055889479
699.3000000000904	0.09807623429363818	-0.054348648909588966
699.4000000000905	0.08859636159827328	-0.04610569726028314
699.5000000000905	0.07911648890290837	-0.03786274561097732
699.6000000000905	0.06963661620754347	-0.029619793961671498
699.7000000000905	0.06015674351217857	-0.021376842312365675
699.8000000000906	0.05067687081681367	-0.013133890663059852
699.9000000000906	0.04119699812144877	-0.0048909390137540296
700.0000000000906	0.031717125426083875	0.003352012635551793
700.1000000000906	0.022237252730718977	0.011594964284857616
700.2000000000907	0.01275738003535408	0.01983791593416344
700.3000000000907	0.0032775073399891816	0.02808086758346926
700.4000000000907	-0.006202365355375716	0.036323819232775084
700.5000000000907	-0.015682238050740614	0.04456677088208091
700.6000000000907	-0.025162110746105512	0.05280972253138673
700.7000000000908	-0.03464198344147041	0.06105267418069255
700.8000000000908	-0.04412185613683531	0.06929562582999838
700.9000000000908	-0.053601728832200206	0.0775385774793042
701.0000000000908	-0.0630816015275651	0.08578152912861003
701.1000000000909	-0.07256147422293	0.09402448077791586
701.2000000000909	-0.0820413469182949	0.1022674324272217
701.3000000000909	-0.0915212196136598	0.11051038407652752
701.4000000000909	-0.10100109230902471	0.11875333572583335
701.500000000091	-0.11048096500438961	0.12699628737513918
701.600000000091	-0.11996083769975452	0.135239239024445
701.700000000091	-0.12944071039511942	0.14348219067375084
701.800000000091	-0.13892058309048433	0.15172514232305667
701.900000000091	-0.14840045578584923	0.1599680939723625
702.0000000000911	-0.15788032848121414	0.16821104562166833
702.1000000000911	-0.16736020117657904	0.17645399727097416
702.2000000000911	-0.17684007387194395	0.18469694892028
702.3000000000911	-0.18631994656730885	0.19293990056958582
702.4000000000912	-0.19579981926267376	0.20118285221889165
702.5000000000912	-0.20527969195803866	0.20942580386819748
702.6000000000912	-0.21475956465340357	0.2176687555175033
702.7000000000912	-0.22423943734876847	0.22591170716680914
702.8000000000912	-0.23371931004413338	0.23415465881611497
702.9000000000913	-0.24319918273949828	0.2423976104654208
703.0000000000913	-0.2526790554348632	0.25064056211472663
703.1000000000913	-0.26215892813022806	0.25888351376403246
703.2000000000913	-0.27163880082559294	0.2671264654133383
703.3000000000914	-0.2811186735209578	0.2753694170626441
703.4000000000914	-0.2905985462163227	0.28361236871194995
703.5000000000914	-0.30007841891168757	0.2918553203612558
703.6000000000914	-0.30955829160705245	0.3000982720105616
703.7000000000914	-0.3190381643024173	0.30834122365986744
703.8000000000915	-0.3285180369977822	0.31658417530917327
703.9000000000915	-0.3379979096931471	0.3248271269584791
704.0000000000915	-0.34747778238851196	0.3330700786077849
704.1000000000915	-0.35695765508387683	0.34131303025709075
704.2000000000916	-0.3664375277792417	0.3495559819063966
704.3000000000916	-0.3759174004746066	0.3577989335557024
704.4000000000916	-0.38539727316997147	0.36604188520500824
704.5000000000916	-0.39487714586533634	0.3742848368543141
704.6000000000917	-0.4043570185607012	0.3825277885036199
704.7000000000917	-0.4138368912560661	0.39077074015292573
704.8000000000917	-0.423316763951431	0.39901369180223156
704.9000000000917	-0.43279663664679585	0.4072566434515374
705.0000000000917	-0.44227650934216073	0.4154995951008432
705.1000000000918	-0.4517563820375256	0.42374254675014905
705.2000000000918	-0.4612362547328905	0.4319854983994549
705.3000000000918	-0.47071612742825536	0.4402284500487607
705.4000000000918	-0.48019600012362024	0.44847140169806654
705.5000000000919	-0.4896758728189851	0.45671435334737237
705.6000000000919	-0.49915574551435	0.4649573049966782
705.7000000000919	-0.5086356182097149	0.47320025664598403
705.8000000000919	-0.5181154909050798	0.48144320829528986
705.900000000092	-0.5275953636004447	0.4896861599445957
706.000000000092	-0.5370752362958096	0.4979291115939015
706.100000000092	-0.5465551089911744	0.5061720632432073
706.200000000092	-0.5560349816865393	0.5144150148925131
706.300000000092	-0.5655148543819042	0.5226579665418188
706.4000000000921	-0.5749947270772691	0.5309009181911246
706.5000000000921	-0.5844745997726339	0.5391438698404304
706.6000000000921	-0.5939544724679988	0.5473868214897362
706.7000000000921	-0.6034343451633637	0.5556297731390419
706.8000000000922	-0.6129142178587286	0.5638727247883477
706.9000000000922	-0.6223940905540934	0.5721156764376535
707.0000000000922	-0.6318739632494583	0.5803586280869593
707.1000000000922	-0.6413538359448232	0.588601579736265
707.2000000000922	-0.6508337086401881	0.5968445313855708
707.3000000000923	-0.660313581335553	0.6050874830348766
707.4000000000923	-0.6697934540309178	0.6133304346841824
707.5000000000923	-0.6792733267262827	0.6215733863334881
707.6000000000923	-0.6887531994216476	0.6298163379827939
707.7000000000924	-0.6982330721170125	0.6380592896320997
707.8000000000924	-0.7077129448123773	0.6463022412814055
707.9000000000924	-0.7171928175077422	0.6545451929307112
708.0000000000924	-0.7266726902031071	0.662788144580017
708.1000000000925	-0.736152562898472	0.6710310962293228
708.2000000000925	-0.7456324355938369	0.6792740478786286
708.3000000000925	-0.7551123082892017	0.6875169995279343
708.4000000000925	-0.7645921809845666	0.6957599511772401
708.5000000000925	-0.7740720536799315	0.7040029028265459
708.6000000000926	-0.7835519263752964	0.7122458544758516
708.7000000000926	-0.7930317990706612	0.7204888061251574
708.8000000000926	-0.8025116717660261	0.7287317577744632
708.9000000000926	-0.811991544461391	0.736974709423769
709.0000000000927	-0.8214714171567559	0.7452176610730747
709.1000000000927	-0.8309512898521207	0.7534606127223805
709.2000000000927	-0.8404311625474856	0.7617035643716863
709.3000000000927	-0.8499110352428505	0.7699465160209921
709.4000000000927	-0.8593909079382154	0.7781894676702978
709.5000000000928	-0.8688707806335803	0.7864324193196036
709.6000000000928	-0.8783506533289451	0.7946753709689094
709.7000000000928	-0.88783052602431	0.8029183226182152
709.8000000000928	-0.8973103987196749	0.8111612742675209
709.9000000000929	-0.9067902714150398	0.8194042259168267
710.0000000000929	-0.9162701441104046	0.8276471775661325
710.1000000000929	-0.9257500168057695	0.8358901292154383
710.2000000000929	-0.9352298895011344	0.844133080864744
710.300000000093	-0.9447097621964993	0.8523760325140498
710.400000000093	-0.9541896348918641	0.8606189841633556
710.500000000093	-0.9447097621964993	0.8688619358126614
710.600000000093	-0.9352298895011344	0.8771048874619671
710.700000000093	-0.9257500168057695	0.8853478391112729
710.8000000000931	-0.9162701441104046	0.8935907907605787
710.9000000000931	-0.9067902714150398	0.9018337424098845
711.0000000000931	-0.8973103987196749	0.9100766940591902
711.1000000000931	-0.88783052602431	0.918319645708496
711.2000000000932	-0.8783506533289451	0.9265625973578018
711.3000000000932	-0.8688707806335803	0.9348055490071076
711.4000000000932	-0.8593909079382154	0.9430485006564133
711.5000000000932	-0.8499110352428505	0.9512914523057191
711.6000000000932	-0.8404311625474856	0.9430485006564133
711.7000000000933	-0.8309512898521207	0.9348055490071076
711.8000000000933	-0.8214714171567559	0.9265625973578018
711.9000000000933	-0.811991544461391	0.918319645708496
712.0000000000933	-0.8025116717660261	0.9100766940591902
712.1000000000934	-0.7930317990706612	0.9018337424098845
712.2000000000934	-0.7835519263752964	0.8935907907605787
712.3000000000934	-0.7740720536799315	0.8853478391112729
712.4000000000934	-0.7645921809845666	0.8771048874619671
712.5000000000935	-0.7551123082892017	0.8688619358126614
712.6000000000935	-0.7456324355938369	0.8606189841633556
712.7000000000935	-0.736152562898472	0.8523760325140498
712.8000000000935	-0.7266726902031071	0.844133080864744
712.9000000000935	-0.7171928175077422	0.8358901292154383
713.0000000000936	-0.7077129448123773	0.8276471775661325
713.1000000000936	-0.6982330721170125	0.8194042259168267
713.2000000000936	-0.6887531994216476	0.8111612742675209
713.3000000000936	-0.6792733267262827	0.8029183226182152
713.4000000000937	-0.6697934540309178	0.7946753709689094
713.5000000000937	-0.660313581335553	0.7864324193196036
713.6000000000937	-0.6508337086401881	0.7781894676702978
713.7000000000937	-0.6413538359448232	0.7699465160209921
713.8000000000937	-0.6318739632494583	0.7617035643716863
713.9000000000938	-0.6223940905540934	0.7534606127223805
714.0000000000938	-0.6129142178587286	0.7452176610730747
714.1000000000938	-0.6034343451633637	0.736974709423769
714.2000000000938	-0.5939544724679988	0.7287317577744632
714.3000000000939	-0.5844745997726339	0.7204888061251574
714.4000000000939	-0.5749947270772691	0.7122458544758516
714.5000000000939	-0.5655148543819042	0.7040029028265459
714.6000000000939	-0.5560349816865393	0.6957599511772401
714.700000000094	-0.5465551089911744	0.6875169995279343
714.800000000094	-0.5370752362958096	0.6792740478786286
714.900000000094	-0.5275953636004447	0.6710310962293228
715.000000000094	-0.5181154909050798	0.662788144580017
715.100000000094	-0.5086356182097149	0.6545451929307112
715.2000000000941	-0.49915574551435005	0.6463022412814055
715.3000000000941	-0.48967587281898517	0.6380592896320997
715.4000000000941	-0.4801960001236203	0.6298163379827939
715.5000000000941	-0.4707161274282554	0.6215733863334881
715.6000000000942	-0.46123625473289054	0.6133304346841824
715.7000000000942	-0.45175638203752566	0.6050874830348766
715.8000000000942	-0.4422765093421608	0.5968445313855708
715.9000000000942	-0.4327966366467959	0.588601579736265
716.0000000000942	-0.42331676395143103	0.5803586280869593
716.1000000000943	-0.41383689125606615	0.5721156764376535
716.2000000000943	-0.4043570185607013	0.5638727247883477
716.3000000000943	-0.3948771458653364	0.5556297731390419
716.4000000000943	-0.3853972731699715	0.5473868214897362
716.5000000000944	-0.37591740047460664	0.5391438698404304
716.6000000000944	-0.36643752777924177	0.5309009181911246
716.7000000000944	-0.3569576550838769	0.5226579665418188
716.8000000000944	-0.347477782388512	0.5144150148925131
716.9000000000945	-0.33799790969314714	0.5061720632432073
717.0000000000945	-0.32851803699778226	0.49792911159390146
717.1000000000945	-0.3190381643024174	0.48968615994459563
717.2000000000945	-0.3095582916070525	0.4814432082952898
717.3000000000945	-0.3000784189116876	0.473200256645984
717.4000000000946	-0.29059854621632275	0.46495730499667814
717.5000000000946	-0.2811186735209579	0.4567143533473723
717.6000000000946	-0.271638800825593	0.4484714016980665
717.7000000000946	-0.2621589281302281	0.44022845004876066
717.8000000000947	-0.25267905543486324	0.4319854983994548
717.9000000000947	-0.24319918273949834	0.423742546750149
718.0000000000947	-0.23371931004413343	0.41549959510084317
718.1000000000947	-0.22423943734876853	0.40725664345153734
718.2000000000947	-0.21475956465340362	0.3990136918022315
718.3000000000948	-0.20527969195803872	0.3907707401529257
718.4000000000948	-0.1957998192626738	0.38252778850361985
718.5000000000948	-0.1863199465673089	0.374284836854314
718.6000000000948	-0.176840073871944	0.3660418852050082
718.7000000000949	-0.1673602011765791	0.35779893355570236
718.8000000000949	-0.1578803284812142	0.34955598190639653
718.9000000000949	-0.1484004557858493	0.3413130302570907
719.0000000000949	-0.13892058309048438	0.33307007860778487
719.100000000095	-0.12944071039511948	0.32482712695847904
719.200000000095	-0.11996083769975457	0.3165841753091732
719.300000000095	-0.11048096500438967	0.3083412236598674
719.400000000095	-0.10100109230902476	0.30009827201056155
719.500000000095	-0.09152121961365986	0.2918553203612557
719.6000000000951	-0.08204134691829496	0.2836123687119499
719.7000000000951	-0.07256147422293005	0.27536941706264406
719.8000000000951	-0.06308160152756515	0.26712646541333823
719.9000000000951	-0.05360172883220025	0.2588835137640324
720.0000000000952	-0.04412185613683535	0.2506405621147266
720.1000000000952	-0.03464198344147045	0.24239761046542074
720.2000000000952	-0.025162110746105554	0.2341546588161149
720.3000000000952	-0.015682238050740656	0.22591170716680908
720.4000000000952	-0.006202365355375758	0.21766875551750325
720.5000000000953	0.00327750733998914	0.20942580386819742
720.6000000000953	0.012757380035354038	0.2011828522188916
720.7000000000953	0.022237252730718936	0.19293990056958576
720.8000000000953	0.031717125426083834	0.18469694892027994
720.9000000000954	0.04119699812144873	0.1764539972709741
721.0000000000954	0.05067687081681363	0.16821104562166828
721.1000000000954	0.06015674351217853	0.15996809397236245
721.2000000000954	0.06963661620754343	0.15172514232305662
721.3000000000955	0.07911648890290832	0.1434821906737508
721.4000000000955	0.08859636159827322	0.13523923902444496
721.5000000000955	0.09807623429363813	0.12699628737513913
721.6000000000955	0.10755610698900303	0.1187533357258333
721.7000000000955	0.11703597968436794	0.11051038407652747
721.8000000000956	0.12651585237973284	0.10226743242722164
721.9000000000956	0.13599572507509775	0.09402448077791581
722.0000000000956	0.14547559777046265	0.08578152912860998
722.1000000000956	0.15495547046582756	0.07753857747930415
722.2000000000957	0.16443534316119246	0.06929562582999832
722.3000000000957	0.17391521585655736	0.0610526741806925
722.4000000000957	0.18339508855192227	0.052809722531386674
722.5000000000957	0.19287496124728717	0.04456677088208085
722.6000000000957	0.20235483394265208	0.03632381923277503
722.7000000000958	0.21183470663801698	0.028080867583469206
722.8000000000958	0.2213145793333819	0.019837915934163383
722.9000000000958	0.2307944520287468	0.01159496428485756
723.0000000000958	0.2402743247241117	0.0033520126355517377
723.1000000000959	0.2497541974194766	-0.004890939013754085
723.2000000000959	0.2592340701148415	-0.013133890663059908
723.3000000000959	0.2687139428102064	-0.02137684231236573
723.4000000000959	0.27819381550557126	-0.029619793961671553
723.500000000096	0.28767368820093614	-0.037862745610977376
723.600000000096	0.297153560896301	-0.0461056972602832
723.700000000096	0.3066334335916659	-0.05434864890958902
723.800000000096	0.31611330628703077	-0.06259160055889484
723.900000000096	0.32559317898239565	-0.07083455220820067
724.0000000000961	0.3350730516777605	-0.0790775038575065
724.1000000000961	0.3445529243731254	-0.08732045550681233
724.2000000000961	0.3540327970684903	-0.09556340715611816
724.3000000000961	0.36351266976385516	-0.10380635880542399
724.4000000000962	0.37299254245922003	-0.11204931045472982
724.5000000000962	0.3824724151545849	-0.12029226210403565
724.6000000000962	0.3919522878499498	-0.12853521375334148
724.7000000000962	0.40143216054531466	-0.1367781654026473
724.8000000000962	0.41091203324067954	-0.14502111705195314
724.9000000000963	0.4203919059360444	-0.15326406870125897
725.0000000000963	0.4298717786314093	-0.1615070203505648
725.1000000000963	0.4393516513267742	-0.16974997199987063
725.2000000000963	0.44883152402213905	-0.17799292364917646
725.3000000000964	0.4583113967175039	-0.1862358752984823
725.4000000000964	0.4677912694128688	-0.19447882694778812
725.5000000000964	0.4772711421082337	-0.20272177859709395
725.6000000000964	0.48675101480359856	-0.21096473024639978
725.7000000000965	0.49623088749896344	-0.2192076818957056
725.8000000000965	0.5057107601943284	-0.22745063354501144
725.9000000000965	0.5151906328896932	-0.23569358519431727
726.0000000000965	0.5246705055850581	-0.2439365368436231
726.1000000000965	0.534150378280423	-0.2521794884929289
726.2000000000966	0.5436302509757879	-0.26042244014223476
726.3000000000966	0.5531101236711528	-0.2686653917915406
726.4000000000966	0.5625899963665176	-0.2769083434408464
726.5000000000966	0.5720698690618825	-0.28515129509015225
726.6000000000967	0.5815497417572474	-0.2933942467394581
726.7000000000967	0.5910296144526123	-0.3016371983887639
726.8000000000967	0.6005094871479771	-0.30988015003806973
726.9000000000967	0.609989359843342	-0.31812310168737556
727.0000000000967	0.6194692325387069	-0.3263660533366814
727.1000000000968	0.6289491052340718	-0.3346090049859872
727.2000000000968	0.6384289779294366	-0.34285195663529305
727.3000000000968	0.6479088506248015	-0.3510949082845989
727.4000000000968	0.6573887233201664	-0.3593378599339047
727.5000000000969	0.6668685960155313	-0.36758081158321054
727.6000000000969	0.6763484687108962	-0.3758237632325164
727.7000000000969	0.685828341406261	-0.3840667148818222
727.8000000000969	0.6953082141016259	-0.39230966653112803
727.900000000097	0.7047880867969908	-0.40055261818043386
728.000000000097	0.7142679594923557	-0.4087955698297397
728.100000000097	0.7237478321877205	-0.4170385214790455
728.200000000097	0.7332277048830854	-0.42528147312835135
728.300000000097	0.7427075775784503	-0.4335244247776572
728.4000000000971	0.7521874502738152	-0.441767376426963
728.5000000000971	0.76166732296918	-0.45001032807626884
728.6000000000971	0.7711471956645449	-0.45825327972557467
728.7000000000971	0.7806270683599098	-0.4664962313748805
728.8000000000972	0.7901069410552747	-0.47473918302418633
728.9000000000972	0.7995868137506396	-0.48298213467349216
729.0000000000972	0.8090666864460044	-0.491225086322798
729.1000000000972	0.8185465591413693	-0.4994680379721038
729.2000000000972	0.8280264318367342	-0.5077109896214096
729.3000000000973	0.8375063045320991	-0.5159539412707154
729.4000000000973	0.8469861772274639	-0.5241968929200211
729.5000000000973	0.8564660499228288	-0.5324398445693269
729.6000000000973	0.8659459226181937	-0.5406827962186327
729.7000000000974	0.8754257953135586	-0.5489257478679385
729.8000000000974	0.8849056680089235	-0.5571686995172442
729.9000000000974	0.8943855407042883	-0.56541165116655
730.0000000000974	0.9038654133996532	-0.5736546028158558
730.1000000000975	0.9133452860950181	-0.5818975544651616
730.2000000000975	0.922825158790383	-0.5901405061144673
730.3000000000975	0.9323050314857478	-0.5983834577637731
730.4000000000975	0.9417849041811127	-0.6066264094130789
730.5000000000975	0.9512647768764776	-0.6148693610623847
730.6000000000976	0.9417849041811127	-0.6231123127116904
730.7000000000976	0.9323050314857478	-0.6313552643609962
730.8000000000976	0.922825158790383	-0.639598216010302
730.9000000000976	0.9133452860950181	-0.6478411676596078
731.0000000000977	0.9038654133996532	-0.6560841193089135
731.1000000000977	0.8943855407042883	-0.6643270709582193
731.2000000000977	0.8849056680089235	-0.6725700226075251
731.3000000000977	0.8754257953135586	-0.6808129742568308
731.4000000000977	0.8659459226181937	-0.6890559259061366
731.5000000000978	0.8564660499228288	-0.6972988775554424
731.6000000000978	0.8469861772274639	-0.7055418292047482
731.7000000000978	0.8375063045320991	-0.713784780854054
731.8000000000978	0.8280264318367342	-0.7220277325033597
731.9000000000979	0.8185465591413693	-0.7302706841526655
732.0000000000979	0.8090666864460044	-0.7385136358019713
732.1000000000979	0.7995868137506396	-0.746756587451277
732.2000000000979	0.7901069410552747	-0.7549995391005828
732.300000000098	0.7806270683599098	-0.7632424907498886
732.400000000098	0.7711471956645449	-0.7714854423991944
732.500000000098	0.76166732296918	-0.7797283940485001
732.600000000098	0.7521874502738152	-0.7879713456978059
732.700000000098	0.7427075775784503	-0.7962142973471117
732.8000000000981	0.7332277048830854	-0.8044572489964175
732.9000000000981	0.7237478321877205	-0.8127002006457232
733.0000000000981	0.7142679594923557	-0.820943152295029
733.1000000000981	0.7047880867969908	-0.8291861039443348
733.2000000000982	0.6953082141016259	-0.8374290555936406
733.3000000000982	0.685828341406261	-0.8456720072429463
733.4000000000982	0.6763484687108962	-0.8539149588922521
733.5000000000982	0.6668685960155313	-0.8621579105415579
733.6000000000982	0.6573887233201664	-0.8704008621908637
733.7000000000983	0.6479088506248015	-0.8786438138401694
733.8000000000983	0.6384289779294366	-0.8868867654894752
733.9000000000983	0.6289491052340718	-0.895129717138781
734.0000000000983	0.6194692325387069	-0.9033726687880868
734.1000000000984	0.609989359843342	-0.9116156204373925
734.2000000000984	0.6005094871479771	-0.9198585720866983
734.3000000000984	0.5910296144526123	-0.9281015237360041
734.4000000000984	0.5815497417572474	-0.9363444753853098
734.5000000000985	0.5720698690618825	-0.9445874270346156
734.6000000000985	0.5625899963665176	-0.9528303786839214
734.7000000000985	0.5531101236711528	-0.9445874270346156
734.8000000000985	0.5436302509757879	-0.9363444753853098
734.9000000000985	0.534150378280423	-0.9281015237360041
735.0000000000986	0.5246705055850581	-0.9198585720866983
735.1000000000986	0.5151906328896932	-0.9116156204373925
735.2000000000986	0.5057107601943284	-0.9033726687880868
735.3000000000986	0.4962308874989635	-0.895129717138781
735.4000000000987	0.4867510148035986	-0.8868867654894752
735.5000000000987	0.47727114210823374	-0.8786438138401694
735.6000000000987	0.46779126941286886	-0.8704008621908637
735.7000000000987	0.458311396717504	-0.8621579105415579
735.8000000000987	0.4488315240221391	-0.8539149588922521
735.9000000000988	0.43935165132677423	-0.8456720072429463
736.0000000000988	0.42987177863140935	-0.8374290555936406
736.1000000000988	0.4203919059360445	-0.8291861039443348
736.2000000000988	0.4109120332406796	-0.820943152295029
736.3000000000989	0.4014321605453147	-0.8127002006457232
736.4000000000989	0.39195228784994984	-0.8044572489964175
736.5000000000989	0.38247241515458497	-0.7962142973471117
736.6000000000989	0.3729925424592201	-0.7879713456978059
736.700000000099	0.3635126697638552	-0.7797283940485001
736.800000000099	0.35403279706849033	-0.7714854423991944
736.900000000099	0.34455292437312546	-0.7632424907498886
737.000000000099	0.3350730516777606	-0.7549995391005828
737.100000000099	0.3255931789823957	-0.746756587451277
737.2000000000991	0.3161133062870308	-0.7385136358019713
737.3000000000991	0.30663343359166595	-0.7302706841526655
737.4000000000991	0.29715356089630107	-0.7220277325033597
737.5000000000991	0.2876736882009362	-0.713784780854054
737.6000000000992	0.2781938155055713	-0.7055418292047482
737.7000000000992	0.26871394281020644	-0.6972988775554424
737.8000000000992	0.25923407011484156	-0.6890559259061366
737.9000000000992	0.24975419741947666	-0.6808129742568308
738.0000000000992	0.24027432472411175	-0.6725700226075251
738.1000000000993	0.23079445202874685	-0.6643270709582193
738.2000000000993	0.22131457933338194	-0.6560841193089135
738.3000000000993	0.21183470663801704	-0.6478411676596078
738.4000000000993	0.20235483394265213	-0.639598216010302
738.5000000000994	0.19287496124728723	-0.6313552643609962
738.6000000000994	0.18339508855192233	-0.6231123127116904
738.7000000000994	0.17391521585655742	-0.6148693610623847
738.8000000000994	0.16443534316119252	-0.6066264094130789
738.9000000000995	0.1549554704658276	-0.5983834577637731
739.0000000000995	0.1454755977704627	-0.5901405061144673
739.1000000000995	0.1359957250750978	-0.5818975544651616
739.2000000000995	0.1265158523797329	-0.5736546028158558
739.3000000000995	0.11703597968436799	-0.56541165116655
739.4000000000996	0.10755610698900309	-0.5571686995172442
739.5000000000996	0.09807623429363818	-0.5489257478679385
739.6000000000996	0.08859636159827328	-0.5406827962186327
739.7000000000996	0.07911648890290837	-0.5324398445693269
739.8000000000997	0.06963661620754347	-0.5241968929200211
739.9000000000997	0.06015674351217857	-0.5159539412707154
740.0000000000997	0.05067687081681367	-0.5077109896214096
740.1000000000997	0.04119699812144877	-0.49946803797210376
740.2000000000997	0.031717125426083875	-0.49122508632279793
740.3000000000998	0.022237252730718977	-0.4829821346734921
740.4000000000998	0.01275738003535408	-0.4747391830241863
740.5000000000998	0.0032775073399891816	-0.46649623137488044
740.6000000000998	-0.006202365355375716	-0.4582532797255746
740.7000000000999	-0.015682238050740614	-0.4500103280762688
740.8000000000999	-0.025162110746105512	-0.44176737642696295
740.9000000000999	-0.03464198344147041	-0.4335244247776571
741.0000000000999	-0.04412185613683531	-0.4252814731283513
741.1000000001	-0.053601728832200206	-0.41703852147904547
741.2000000001	-0.0630816015275651	-0.40879556982973964
741.3000000001	-0.07256147422293	-0.4005526181804338
741.4000000001	-0.0820413469182949	-0.392309666531128
741.5000000001	-0.0915212196136598	-0.38406671488182215
741.6000000001001	-0.10100109230902471	-0.3758237632325163
741.7000000001001	-0.11048096500438961	-0.3675808115832105
741.8000000001001	-0.11996083769975452	-0.35933785993390466
741.9000000001001	-0.12944071039511942	-0.35109490828459883
742.0000000001002	-0.13892058309048433	-0.342851956635293
742.1000000001002	-0.14840045578584923	-0.33460900498598717
742.2000000001002	-0.15788032848121414	-0.32636605333668134
742.3000000001002	-0.16736020117657904	-0.3181231016873755
742.4000000001002	-0.17684007387194395	-0.3098801500380697
742.5000000001003	-0.18631994656730885	-0.30163719838876385
742.6000000001003	-0.19579981926267376	-0.293394246739458
742.7000000001003	-0.20527969195803866	-0.2851512950901522
742.8000000001003	-0.21475956465340357	-0.27690834344084636
742.9000000001004	-0.22423943734876847	-0.26866539179154053
743.0000000001004	-0.23371931004413338	-0.2604224401422347
743.1000000001004	-0.24319918273949828	-0.25217948849292887
743.2000000001004	-0.2526790554348632	-0.24393653684362304
743.3000000001005	-0.26215892813022806	-0.2356935851943172
743.4000000001005	-0.27163880082559294	-0.22745063354501138
743.5000000001005	-0.2811186735209578	-0.21920768189570555
743.6000000001005	-0.2905985462163227	-0.21096473024639972
743.7000000001005	-0.30007841891168757	-0.2027217785970939
743.8000000001006	-0.30955829160705245	-0.19447882694778806
743.9000000001006	-0.3190381643024173	-0.18623587529848223
744.0000000001006	-0.3285180369977822	-0.1779929236491764
744.1000000001006	-0.3379979096931471	-0.16974997199987057
744.2000000001007	-0.34747778238851196	-0.16150702035056475
744.3000000001007	-0.35695765508387683	-0.15326406870125892
744.4000000001007	-0.3664375277792417	-0.14502111705195309
744.5000000001007	-0.3759174004746066	-0.13677816540264726
744.6000000001007	-0.38539727316997147	-0.12853521375334143
744.7000000001008	-0.39487714586533634	-0.1202922621040356
744.8000000001008	-0.4043570185607012	-0.11204931045472977
744.9000000001008	-0.4138368912560661	-0.10380635880542394
745.0000000001008	-0.423316763951431	-0.09556340715611811
745.1000000001009	-0.43279663664679585	-0.08732045550681228
745.2000000001009	-0.44227650934216073	-0.07907750385750645
745.3000000001009	-0.4517563820375256	-0.07083455220820062
745.4000000001009	-0.4612362547328905	-0.06259160055889479
745.500000000101	-0.47071612742825536	-0.054348648909588966
745.600000000101	-0.48019600012362024	-0.04610569726028314
745.700000000101	-0.4896758728189851	-0.03786274561097732
745.800000000101	-0.49915574551435	-0.029619793961671498
745.900000000101	-0.5086356182097149	-0.021376842312365675
746.0000000001011	-0.5181154909050798	-0.013133890663059852
746.1000000001011	-0.5275953636004447	-0.0048909390137540296
746.2000000001011	-0.5370752362958096	0.003352012635551793
746.3000000001011	-0.5465551089911744	0.011594964284857616
746.4000000001012	-0.5560349816865393	0.01983791593416344
746.5000000001012	-0.5655148543819042	0.02808086758346926
746.6000000001012	-0.5749947270772691	0.036323819232775084
746.7000000001012	-0.5844745997726339	0.04456677088208091
746.8000000001012	-0.5939544724679988	0.05280972253138673
746.9000000001013	-0.6034343451633637	0.06105267418069255
747.0000000001013	-0.6129142178587286	0.06929562582999838
747.1000000001013	-0.6223940905540934	0.0775385774793042
747.2000000001013	-0.6318739632494583	0.08578152912861003
747.3000000001014	-0.6413538359448232	0.09402448077791586
747.4000000001014	-0.6508337086401881	0.1022674324272217
747.5000000001014	-0.660313581335553	0.11051038407652752
747.6000000001014	-0.6697934540309178	0.11875333572583335
747.7000000001015	-0.6792733267262827	0.12699628737513918
747.8000000001015	-0.6887531994216476	0.135239239024445
747.9000000001015	-0.6982330721170125	0.14348219067375084
748.0000000001015	-0.7077129448123773	0.15172514232305667
748.1000000001015	-0.7171928175077422	0.1599680939723625
748.2000000001016	-0.7266726902031071	0.16821104562166833
748.3000000001016	-0.736152562898472	0.17645399727097416
748.4000000001016	-0.7456324355938369	0.18469694892028
748.5000000001016	-0.7551123082892017	0.19293990056958582
748.6000000001017	-0.7645921809845666	0.20118285221889165
748.7000000001017	-0.7740720536799315	0.20942580386819748
748.8000000001017	-0.7835519263752964	0.2176687555175033
748.9000000001017	-0.7930317990706612	0.22591170716680914
749.0000000001017	-0.8025116717660261	0.23415465881611497
749.1000000001018	-0.811991544461391	0.2423976104654208
749.2000000001018	-0.8214714171567559	0.25064056211472663
749.3000000001018	-0.8309512898521207	0.25888351376403246
749.4000000001018	-0.8404311625474856	0.2671264654133383
749.5000000001019	-0.8499110352428505	0.2753694170626441
749.6000000001019	-0.8593909079382154	0.28361236871194995
749.7000000001019	-0.8688707806335803	0.2918553203612558
749.8000000001019	-0.8783506533289451	0.3000982720105616
749.900000000102	-0.88783052602431	0.30834122365986744
750.000000000102	-0.8973103987196749	0.31658417530917327
750.100000000102	-0.9067902714150398	0.3248271269584791
750.200000000102	-0.9162701441104046	0.3330700786077849
750.300000000102	-0.9257500168057695	0.34131303025709075
750.4000000001021	-0.9352298895011344	0.3495559819063966
750.5000000001021	-0.9447097621964993	0.3577989335557024
750.6000000001021	-0.9541896348918641	0.36604188520500824
750.7000000001021	-0.9447097621964993	0.3742848368543141
750.8000000001022	-0.9352298895011344	0.3825277885036199
750.9000000001022	-0.9257500168057695	0.39077074015292573
751.0000000001022	-0.9162701441104046	0.39901369180223156
751.1000000001022	-0.9067902714150398	0.4072566434515374
751.2000000001022	-0.8973103987196749	0.4154995951008432
751.3000000001023	-0.88783052602431	0.42374254675014905
751.4000000001023	-0.8783506533289451	0.4319854983994549
751.5000000001023	-0.8688707806335803	0.4402284500487607
751.6000000001023	-0.8593909079382154	0.44847140169806654
751.7000000001024	-0.8499110352428505	0.45671435334737237
751.8000000001024	-0.8404311625474856	0.4649573049966782
751.9000000001024	-0.8309512898521207	0.47320025664598403
752.0000000001024	-0.8214714171567559	0.48144320829528986
752.1000000001025	-0.811991544461391	0.4896861599445957
752.2000000001025	-0.8025116717660261	0.4979291115939015
752.3000000001025	-0.7930317990706612	0.5061720632432073
752.4000000001025	-0.7835519263752964	0.5144150148925131
752.5000000001025	-0.7740720536799315	0.5226579665418188
752.6000000001026	-0.7645921809845666	0.5309009181911246
752.7000000001026	-0.7551123082892017	0.5391438698404304
752.8000000001026	-0.7456324355938369	0.5473868214897362
752.9000000001026	-0.736152562898472	0.5556297731390419
753.0000000001027	-0.7266726902031071	0.5638727247883477
753.1000000001027	-0.7171928175077422	0.5721156764376535
753.2000000001027	-0.7077129448123773	0.5803586280869593
753.3000000001027	-0.6982330721170125	0.588601579736265
753.4000000001028	-0.6887531994216476	0.5968445313855708
753.5000000001028	-0.6792733267262827	0.6050874830348766
753.6000000001028	-0.6697934540309178	0.6133304346841824
753.7000000001028	-0.660313581335553	0.6215733863334881
753.8000000001028	-0.6508337086401881	0.6298163379827939
753.9000000001029	-0.6413538359448232	0.6380592896320997
754.0000000001029	-0.6318739632494583	0.6463022412814055
754.1000000001029	-0.6223940905540934	0.6545451929307112
754.2000000001029	-0.6129142178587286	0.662788144580017
754.300000000103	-0.6034343451633637	0.6710310962293228
754.400000000103	-0.5939544724679988	0.6792740478786286
754.500000000103	-0.5844745997726339	0.6875169995279343
754.600000000103	-0.5749947270772691	0.6957599511772401
754.700000000103	-0.5655148543819042	0.7040029028265459
754.8000000001031	-0.5560349816865393	0.7122458544758516
754.9000000001031	-0.5465551089911744	0.7204888061251574
755.0000000001031	-0.5370752362958096	0.7287317577744632
755.1000000001031	-0.5275953636004447	0.736974709423769
755.2000000001032	-0.5181154909050798	0.7452176610730747
755.3000000001032	-0.5086356182097149	0.7534606127223805
755.4000000001032	-0.49915574551435005	0.7617035643716863
755.5000000001032	-0.48967587281898517	0.7699465160209921
755.6000000001033	-0.4801960001236203	0.7781894676702978
755.7000000001033	-0.4707161274282554	0.7864324193196036
755.8000000001033	-0.46123625473289054	0.7946753709689094
755.9000000001033	-0.45175638203752566	0.8029183226182152
756.0000000001033	-0.4422765093421608	0.8111612742675209
756.1000000001034	-0.4327966366467959	0.8194042259168267
756.2000000001034	-0.42331676395143103	0.8276471775661325
756.3000000001034	-0.41383689125606615	0.8358901292154383
756.4000000001034	-0.4043570185607013	0.844133080864744
756.5000000001035	-0.3948771458653364	0.8523760325140498
756.6000000001035	-0.3853972731699715	0.8606189841633556
756.7000000001035	-0.37591740047460664	0.8688619358126614
756.8000000001035	-0.36643752777924177	0.8771048874619671
756.9000000001035	-0.3569576550838769	0.8853478391112729
757.0000000001036	-0.347477782388512	0.8935907907605787
757.1000000001036	-0.33799790969314714	0.9018337424098845
757.2000000001036	-0.32851803699778226	0.9100766940591902
757.3000000001036	-0.3190381643024174	0.918319645708496
757.4000000001037	-0.3095582916070525	0.9265625973578018
757.5000000001037	-0.3000784189116876	0.9348055490071076
757.6000000001037	-0.29059854621632275	0.9430485006564133
757.7000000001037	-0.2811186735209579	0.9512914523057191
757.8000000001038	-0.271638800825593	0.9430485006564133
757.9000000001038	-0.2621589281302281	0.9348055490071076
758.0000000001038	-0.25267905543486324	0.9265625973578018
758.1000000001038	-0.24319918273949834	0.918319645708496
758.2000000001038	-0.23371931004413343	0.9100766940591902
758.3000000001039	-0.22423943734876853	0.9018337424098845
758.4000000001039	-0.21475956465340362	0.8935907907605787
758.5000000001039	-0.20527969195803872	0.8853478391112729
758.6000000001039	-0.1957998192626738	0.8771048874619671
758.700000000104	-0.1863199465673089	0.8688619358126614
758.800000000104	-0.176840073871944	0.8606189841633556
758.900000000104	-0.1673602011765791	0.8523760325140498
759.000000000104	-0.1578803284812142	0.844133080864744
759.100000000104	-0.1484004557858493	0.8358901292154383
759.2000000001041	-0.13892058309048438	0.8276471775661325
759.3000000001041	-0.12944071039511948	0.8194042259168267
759.4000000001041	-0.11996083769975457	0.8111612742675209
759.5000000001041	-0.11048096500438967	0.8029183226182152
759.6000000001042	-0.10100109230902476	0.7946753709689094
759.7000000001042	-0.09152121961365986	0.7864324193196036
759.8000000001042	-0.08204134691829496	0.7781894676702978
759.9000000001042	-0.07256147422293005	0.7699465160209921
760.0000000001043	-0.06308160152756515	0.7617035643716863
760.1000000001043	-0.05360172883220025	0.7534606127223805
760.2000000001043	-0.04412185613683535	0.7452176610730747
760.3000000001043	-0.03464198344147045	0.736974709423769
760.4000000001043	-0.025162110746105554	0.7287317577744632
760.5000000001044	-0.015682238050740656	0.7204888061251574
760.6000000001044	-0.006202365355375758	0.7122458544758516
760.7000000001044	0.00327750733998914	0.7040029028265459
760.8000000001044	0.012757380035354038	0.6957599511772401
760.9000000001045	0.022237252730718936	0.6875169995279343
761.0000000001045	0.031717125426083834	0.6792740478786286
761.1000000001045	0.04119699812144873	0.6710310962293228
761.2000000001045	0.05067687081681363	0.662788144580017
761.3000000001045	0.06015674351217853	0.6545451929307112
761.4000000001046	0.06963661620754343	0.6463022412814055
761.5000000001046	0.07911648890290832	0.6380592896320997
761.6000000001046	0.08859636159827322	0.6298163379827939
761.7000000001046	0.09807623429363813	0.6215733863334881
761.8000000001047	0.10755610698900303	0.6133304346841824
761.9000000001047	0.11703597968436794	0.6050874830348766
762.0000000001047	0.12651585237973284	0.5968445313855708
762.1000000001047	0.13599572507509775	0.588601579736265
762.2000000001048	0.14547559777046265	0.5803586280869593
762.3000000001048	0.15495547046582756	0.5721156764376535
762.4000000001048	0.16443534316119246	0.5638727247883477
762.5000000001048	0.17391521585655736	0.5556297731390419
762.6000000001048	0.18339508855192227	0.5473868214897362
762.7000000001049	0.19287496124728717	0.5391438698404304
762.8000000001049	0.20235483394265208	0.5309009181911246
762.9000000001049	0.21183470663801698	0.5226579665418188
763.0000000001049	0.2213145793333819	0.5144150148925131
763.100000000105	0.2307944520287468	0.5061720632432073
763.200000000105	0.2402743247241117	0.49792911159390146
763.300000000105	0.2497541974194766	0.48968615994459563
763.400000000105	0.2592340701148415	0.4814432082952898
763.500000000105	0.2687139428102064	0.473200256645984
763.6000000001051	0.27819381550557126	0.46495730499667814
763.7000000001051	0.28767368820093614	0.4567143533473723
763.8000000001051	0.297153560896301	0.4484714016980665
763.9000000001051	0.3066334335916659	0.44022845004876066
764.0000000001052	0.31611330628703077	0.4319854983994548
764.1000000001052	0.32559317898239565	0.423742546750149
764.2000000001052	0.3350730516777605	0.41549959510084317
764.3000000001052	0.3445529243731254	0.40725664345153734
764.4000000001053	0.3540327970684903	0.3990136918022315
764.5000000001053	0.36351266976385516	0.3907707401529257
764.6000000001053	0.37299254245922003	0.38252778850361985
764.7000000001053	0.3824724151545849	0.374284836854314
764.8000000001053	0.3919522878499498	0.3660418852050082
764.9000000001054	0.40143216054531466	0.35779893355570236
765.0000000001054	0.41091203324067954	0.34955598190639653
765.1000000001054	0.4203919059360444	0.3413130302570907
765.2000000001054	0.4298717786314093	0.33307007860778487
765.3000000001055	0.4393516513267742	0.32482712695847904
765.4000000001055	0.44883152402213905	0.3165841753091732
765.5000000001055	0.4583113967175039	0.3083412236598674
765.6000000001055	0.4677912694128688	0.30009827201056155
765.7000000001055	0.4772711421082337	0.2918553203612557
765.8000000001056	0.48675101480359856	0.2836123687119499
765.9000000001056	0.49623088749896344	0.27536941706264406
766.0000000001056	0.5057107601943284	0.26712646541333823
766.1000000001056	0.5151906328896932	0.2588835137640324
766.2000000001057	0.5246705055850581	0.2506405621147266
766.3000000001057	0.534150378280423	0.24239761046542074
766.4000000001057	0.5436302509757879	0.2341546588161149
766.5000000001057	0.5531101236711528	0.22591170716680908
766.6000000001058	0.5625899963665176	0.21766875551750325
766.7000000001058	0.5720698690618825	0.20942580386819742
766.8000000001058	0.5815497417572474	0.2011828522188916
766.9000000001058	0.5910296144526123	0.19293990056958576
767.0000000001058	0.6005094871479771	0.18469694892027994
767.1000000001059	0.609989359843342	0.1764539972709741
767.2000000001059	0.6194692325387069	0.16821104562166828
767.3000000001059	0.6289491052340718	0.15996809397236245
767.4000000001059	0.6384289779294366	0.15172514232305662
767.500000000106	0.6479088506248015	0.1434821906737508
767.600000000106	0.6573887233201664	0.13523923902444496
767.700000000106	0.6668685960155313	0.12699628737513913
767.800000000106	0.6763484687108962	0.1187533357258333
767.900000000106	0.685828341406261	0.11051038407652747
768.0000000001061	0.6953082141016259	0.10226743242722164
768.1000000001061	0.7047880867969908	0.09402448077791581
768.2000000001061	0.7142679594923557	0.08578152912860998
768.3000000001061	0.7237478321877205	0.07753857747930415
768.4000000001062	0.7332277048830854	0.06929562582999832
768.5000000001062	0.7427075775784503	0.0610526741806925
768.6000000001062	0.7521874502738152	0.052809722531386674
768.7000000001062	0.76166732296918	0.04456677088208085
768.8000000001063	0.7711471956645449	0.03632381923277503
768.9000000001063	0.7806270683599098	0.028080867583469206
769.0000000001063	0.7901069410552747	0.019837915934163383
769.1000000001063	0.7995868137506396	0.01159496428485756
769.2000000001063	0.8090666864460044	0.0033520126355517377
769.3000000001064	0.8185465591413693	-0.004890939013754085
769.4000000001064	0.8280264318367342	-0.013133890663059908
769.5000000001064	0.8375063045320991	-0.02137684231236573
769.6000000001064	0.8469861772274639	-0.029619793961671553
769.7000000001065	0.8564660499228288	-0.037862745610977376
769.8000000001065	0.8659459226181937	-0.0461056972602832
769.9000000001065	0.8754257953135586	-0.05434864890958902
770.0000000001065	0.8849056680089235	-0.06259160055889484
770.1000000001065	0.8943855407042883	-0.07083455220820067
770.2000000001066	0.9038654133996532	-0.0790775038575065
770.3000000001066	0.9133452860950181	-0.08732045550681233
770.4000000001066	0.922825158790383	-0.09556340715611816
770.5000000001066	0.9323050314857478	-0.10380635880542399
770.6000000001067	0.9417849041811127	-0.11204931045472982
770.7000000001067	0.9512647768764776	-0.12029226210403565
770.8000000001067	0.9417849041811127	-0.12853521375334148
770.9000000001067	0.9323050314857478	-0.1367781654026473
771.0000000001068	0.922825158790383	-0.14502111705195314
771.1000000001068	0.9133452860950181	-0.15326406870125897
771.2000000001068	0.9038654133996532	-0.1615070203505648
771.3000000001068	0.8943855407042883	-0.16974997199987063
771.4000000001068	0.8849056680089235	-0.17799292364917646
771.5000000001069	0.8754257953135586	-0.1862358752984823
771.6000000001069	0.8659459226181937	-0.19447882694778812
771.7000000001069	0.8564660499228288	-0.20272177859709395
771.8000000001069	0.8469861772274639	-0.21096473024639978
771.900000000107	0.8375063045320991	-0.2192076818957056
772.000000000107	0.8280264318367342	-0.22745063354501144
772.100000000107	0.8185465591413693	-0.23569358519431727
772.200000000107	0.8090666864460044	-0.2439365368436231
772.300000000107	0.7995868137506396	-0.2521794884929289
772.4000000001071	0.7901069410552747	-0.26042244014223476
772.5000000001071	0.7806270683599098	-0.2686653917915406
772.6000000001071	0.7711471956645449	-0.2769083434408464
772.7000000001071	0.76166732296918	-0.28515129509015225
772.8000000001072	0.7521874502738152	-0.2933942467394581
772.9000000001072	0.7427075775784503	-0.3016371983887639
773.0000000001072	0.7332277048830854	-0.30988015003806973
773.1000000001072	0.7237478321877205	-0.31812310168737556
773.2000000001073	0.7142679594923557	-0.3263660533366814
773.3000000001073	0.7047880867969908	-0.3346090049859872
773.4000000001073	0.6953082141016259	-0.34285195663529305
773.5000000001073	0.685828341406261	-0.3510949082845989
773.6000000001073	0.6763484687108962	-0.3593378599339047
773.7000000001074	0.6668685960155313	-0.36758081158321054
773.8000000001074	0.6573887233201664	-0.3758237632325164
773.9000000001074	0.6479088506248015	-0.3840667148818222
774.0000000001074	0.6384289779294366	-0.39230966653112803
774.1000000001075	0.6289491052340718	-0.40055261818043386
774.2000000001075	0.6194692325387069	-0.4087955698297397
774.3000000001075	0.609989359843342	-0.4170385214790455
774.4000000001075	0.6005094871479771	-0.42528147312835135
774.5000000001075	0.5910296144526123	-0.4335244247776572
774.6000000001076	0.5815497417572474	-0.441767376426963
774.7000000001076	0.5720698690618825	-0.45001032807626884
774.8000000001076	0.5625899963665176	-0.45825327972557467
774.9000000001076	0.5531101236711528	-0.4664962313748805
775.0000000001077	0.5436302509757879	-0.47473918302418633
775.1000000001077	0.534150378280423	-0.48298213467349216
775.2000000001077	0.5246705055850581	-0.491225086322798
775.3000000001077	0.5151906328896932	-0.4994680379721038
775.4000000001078	0.5057107601943284	-0.5077109896214096
775.5000000001078	0.4962308874989635	-0.5159539412707154
775.6000000001078	0.4867510148035986	-0.5241968929200211
775.7000000001078	0.47727114210823374	-0.5324398445693269
775.8000000001078	0.46779126941286886	-0.5406827962186327
775.9000000001079	0.458311396717504	-0.5489257478679385
776.0000000001079	0.4488315240221391	-0.5571686995172442
776.1000000001079	0.43935165132677423	-0.56541165116655
776.2000000001079	0.42987177863140935	-0.5736546028158558
776.300000000108	0.4203919059360445	-0.5818975544651616
776.400000000108	0.4109120332406796	-0.5901405061144673
776.500000000108	0.4014321605453147	-0.5983834577637731
776.600000000108	0.39195228784994984	-0.6066264094130789
776.700000000108	0.38247241515458497	-0.6148693610623847
776.8000000001081	0.3729925424592201	-0.6231123127116904
776.9000000001081	0.3635126697638552	-0.6313552643609962
777.0000000001081	0.35403279706849033	-0.639598216010302
777.1000000001081	0.34455292437312546	-0.6478411676596078
777.2000000001082	0.3350730516777606	-0.6560841193089135
777.3000000001082	0.3255931789823957	-0.6643270709582193
777.4000000001082	0.3161133062870308	-0.6725700226075251
777.5000000001082	0.30663343359166595	-0.6808129742568308
777.6000000001083	0.29715356089630107	-0.6890559259061366
777.7000000001083	0.2876736882009362	-0.6972988775554424
777.8000000001083	0.2781938155055713	-0.7055418292047482
777.9000000001083	0.26871394281020644	-0.713784780854054
778.0000000001083	0.25923407011484156	-0.7220277325033597
778.1000000001084	0.24975419741947666	-0.7302706841526655
778.2000000001084	0.24027432472411175	-0.7385136358019713
778.3000000001084	0.23079445202874685	-0.746756587451277
778.4000000001084	0.22131457933338194	-0.7549995391005828
778.5000000001085	0.21183470663801704	-0.7632424907498886
778.6000000001085	0.20235483394265213	-0.7714854423991944
778.7000000001085	0.19287496124728723	-0.7797283940485001
778.8000000001085	0.18339508855192233	-0.7879713456978059
778.9000000001085	0.17391521585655742	-0.7962142973471117
779.0000000001086	0.16443534316119252	-0.8044572489964175
779.1000000001086	0.1549554704658276	-0.8127002006457232
779.2000000001086	0.1454755977704627	-0.820943152295029
779.3000000001086	0.1359957250750978	-0.8291861039443348
779.4000000001087	0.1265158523797329	-0.8374290555936406
779.5000000001087	0.11703597968436799	-0.8456720072429463
779.6000000001087	0.10755610698900309	-0.8539149588922521
779.7000000001087	0.09807623429363818	-0.8621579105415579
779.8000000001088	0.08859636159827328	-0.8704008621908637
779.9000000001088	0.07911648890290837	-0.8786438138401694
780.0000000001088	0.06963661620754347	-0.8868867654894752
780.1000000001088	0.06015674351217857	-0.895129717138781
780.2000000001088	0.05067687081681367	-0.9033726687880868
780.3000000001089	0.04119699812144877	-0.9116156204373925
780.4000000001089	0.031717125426083875	-0.9198585720866983
780.5000000001089	0.022237252730718977	-0.9281015237360041
780.6000000001089	0.01275738003535408	-0.9363444753853098
780.700000000109	0.0032775073399891816	-0.9445874270346156
780.800000000109	-0.006202365355375716	-0.9528303786839214
780.900000000109	-0.015682238050740614	-0.9445874270346156
781.000000000109	-0.025162110746105512	-0.9363444753853098
781.100000000109	-0.03464198344147041	-0.9281015237360041
781.2000000001091	-0.04412185613683531	-0.9198585720866983
781.3000000001091	-0.053601728832200206	-0.9116156204373925
781.4000000001091	-0.0630816015275651	-0.9033726687880868
781.5000000001091	-0.07256147422293	-0.895129717138781
781.6000000001092	-0.0820413469182949	-0.8868867654894752
781.7000000001092	-0.0915212196136598	-0.8786438138401694
781.8000000001092	-0.10100109230902471	-0.8704008621908637
781.9000000001092	-0.11048096500438961	-0.8621579105415579
782.0000000001093	-0.11996083769975452	-0.8539149588922521
782.1000000001093	-0.12944071039511942	-0.8456720072429463
782.2000000001093	-0.13892058309048433	-0.8374290555936406
782.3000000001093	-0.14840045578584923	-0.8291861039443348
782.4000000001093	-0.15788032848121414	-0.820943152295029
782.5000000001094	-0.16736020117657904	-0.8127002006457232
782.6000000001094	-0.17684007387194395	-0.8044572489964175
782.7000000001094	-0.18631994656730885	-0.7962142973471117
782.8000000001094	-0.19579981926267376	-0.7879713456978059
782.9000000001095	-0.20527969195803866	-0.7797283940485001
783.0000000001095	-0.21475956465340357	-0.7714854423991944
783.1000000001095	-0.22423943734876847	-0.7632424907498886
783.2000000001095	-0.23371931004413338	-0.7549995391005828
783.3000000001095	-0.24319918273949828	-0.746756587451277
783.4000000001096	-0.2526790554348632	-0.7385136358019713
783.5000000001096	-0.26215892813022806	-0.7302706841526655
783.6000000001096	-0.27163880082559294	-0.7220277325033597
783.7000000001096	-0.2811186735209578	-0.713784780854054
783.8000000001097	-0.2905985462163227	-0.7055418292047482
783.9000000001097	-0.30007841891168757	-0.6972988775554424
784.0000000001097	-0.30955829160705245	-0.6890559259061366
784.1000000001097	-0.3190381643024173	-0.6808129742568308
784.2000000001098	-0.3285180369977822	-0.6725700226075251
784.3000000001098	-0.3379979096931471	-0.6643270709582193
784.4000000001098	-0.34747778238851196	-0.6560841193089135
784.5000000001098	-0.35695765508387683	-0.6478411676596078
784.6000000001098	-0.3664375277792417	-0.639598216010302
784.7000000001099	-0.3759174004746066	-0.6313552643609962
784.8000000001099	-0.38539727316997147	-0.6231123127116904
784.9000000001099	-0.39487714586533634	-0.6148693610623847
785.0000000001099	-0.4043570185607012	-0.6066264094130789
785.10000000011	-0.4138368912560661	-0.5983834577637731
785.20000000011	-0.423316763951431	-0.5901405061144673
785.30000000011	-0.43279663664679585	-0.5818975544651616
785.40000000011	-0.44227650934216073	-0.5736546028158558
785.50000000011	-0.4517563820375256	-0.56541165116655
785.6000000001101	-0.4612362547328905	-0.5571686995172442
785.7000000001101	-0.47071612742825536	-0.5489257478679385
785.8000000001101	-0.48019600012362024	-0.5406827962186327
785.9000000001101	-0.4896758728189851	-0.5324398445693269
786.0000000001102	-0.49915574551435	-0.5241968929200211
786.1000000001102	-0.5086356182097149	-0.5159539412707154
786.2000000001102	-0.5181154909050798	-0.5077109896214096
786.3000000001102	-0.5275953636004447	-0.49946803797210376
786.4000000001103	-0.5370752362958096	-0.49122508632279793
786.5000000001103	-0.5465551089911744	-0.4829821346734921
786.6000000001103	-0.5560349816865393	-0.4747391830241863
786.7000000001103	-0.5655148543819042	-0.46649623137488044
786.8000000001103	-0.5749947270772691	-0.4582532797255746
786.9000000001104	-0.5844745997726339	-0.4500103280762688
787.0000000001104	-0.5939544724679988	-0.44176737642696295
787.1000000001104	-0.6034343451633637	-0.4335244247776571
787.2000000001104	-0.6129142178587286	-0.4252814731283513
787.3000000001105	-0.6223940905540934	-0.41703852147904547
787.4000000001105	-0.6318739632494583	-0.40879556982973964
787.5000000001105	-0.6413538359448232	-0.4005526181804338
787.6000000001105	-0.6508337086401881	-0.392309666531128
787.7000000001105	-0.660313581335553	-0.38406671488182215
787.8000000001106	-0.6697934540309178	-0.3758237632325163
787.9000000001106	-0.6792733267262827	-0.3675808115832105
788.0000000001106	-0.6887531994216476	-0.35933785993390466
788.1000000001106	-0.6982330721170125	-0.35109490828459883
788.2000000001107	-0.7077129448123773	-0.342851956635293
788.3000000001107	-0.7171928175077422	-0.33460900498598717
788.4000000001107	-0.7266726902031071	-0.32636605333668134
788.5000000001107	-0.736152562898472	-0.3181231016873755
788.6000000001108	-0.7456324355938369	-0.3098801500380697
788.7000000001108	-0.7551123082892017	-0.30163719838876385
788.8000000001108	-0.7645921809845666	-0.293394246739458
788.9000000001108	-0.7740720536799315	-0.2851512950901522
789.0000000001108	-0.7835519263752964	-0.27690834344084636
789.1000000001109	-0.7930317990706612	-0.26866539179154053
789.2000000001109	-0.8025116717660261	-0.2604224401422347
789.3000000001109	-0.811991544461391	-0.25217948849292887
789.4000000001109	-0.8214714171567559	-0.24393653684362304
789.500000000111	-0.8309512898521207	-0.2356935851943172
789.600000000111	-0.8404311625474856	-0.22745063354501138
789.700000000111	-0.8499110352428505	-0.21920768189570555
789.800000000111	-0.8593909079382154	-0.21096473024639972
789.900000000111	-0.8688707806335803	-0.2027217785970939
790.0000000001111	-0.8783506533289451	-0.19447882694778806
790.1000000001111	-0.88783052602431	-0.18623587529848223
790.2000000001111	-0.8973103987196749	-0.1779929236491764
790.3000000001111	-0.9067902714150398	-0.16974997199987057
790.4000000001112	-0.9162701441104046	-0.16150702035056475
790.5000000001112	-0.9257500168057695	-0.15326406870125892
790.6000000001112	-0.9352298895011344	-0.14502111705195309
790.7000000001112	-0.9447097621964993	-0.13677816540264726
790.8000000001113	-0.9541896348918641	-0.12853521375334143
790.9000000001113	-0.9447097621964993	-0.1202922621040356
791.0000000001113	-0.9352298895011344	-0.11204931045472977
791.1000000001113	-0.9257500168057695	-0.10380635880542394
791.2000000001113	-0.9162701441104046	-0.09556340715611811
791.3000000001114	-0.9067902714150398	-0.08732045550681228
791.4000000001114	-0.8973103987196749	-0.07907750385750645
791.5000000001114	-0.88783052602431	-0.07083455220820062
791.6000000001114	-0.8783506533289451	-0.06259160055889479
791.7000000001115	-0.8688707806335803	-0.054348648909588966
791.8000000001115	-0.8593909079382154	-0.04610569726028314
791.9000000001115	-0.8499110352428505	-0.03786274561097732
792.0000000001115	-0.8404311625474856	-0.029619793961671498
792.1000000001115	-0.8309512898521207	-0.021376842312365675
792.2000000001116	-0.8214714171567559	-0.013133890663059852
792.3000000001116	-0.811991544461391	-0.0048909390137540296
792.4000000001116	-0.8025116717660261	0.003352012635551793
792.5000000001116	-0.7930317990706612	0.011594964284857616
792.6000000001117	-0.7835519263752964	0.01983791593416344
792.7000000001117	-0.7740720536799315	0.02808086758346926
792.8000000001117	-0.7645921809845666	0.036323819232775084
792.9000000001117	-0.7551123082892017	0.04456677088208091
793.0000000001118	-0.7456324355938369	0.05280972253138673
793.1000000001118	-0.736152562898472	0.06105267418069255
793.2000000001118	-0.7266726902031071	0.06929562582999838
793.3000000001118	-0.7171928175077422	0.0775385774793042
793.4000000001118	-0.7077129448123773	0.08578152912861003
793.5000000001119	-0.6982330721170125	0.09402448077791586
793.6000000001119	-0.6887531994216476	0.1022674324272217
793.7000000001119	-0.6792733267262827	0.11051038407652752
793.8000000001119	-0.6697934540309178	0.11875333572583335
793.900000000112	-0.660313581335553	0.12699628737513918
794.000000000112	-0.6508337086401881	0.135239239024445
794.100000000112	-0.6413538359448232	0.14348219067375084
794.200000000112	-0.6318739632494583	0.15172514232305667
794.300000000112	-0.6223940905540934	0.1599680939723625
794.4000000001121	-0.6129142178587286	0.16821104562166833
794.5000000001121	-0.6034343451633637	0.17645399727097416
794.6000000001121	-0.5939544724679988	0.18469694892028
794.7000000001121	-0.5844745997726339	0.19293990056958582
794.8000000001122	-0.5749947270772691	0.20118285221889165
794.9000000001122	-0.5655148543819042	0.20942580386819748
795.0000000001122	-0.5560349816865393	0.2176687555175033
795.1000000001122	-0.5465551089911744	0.22591170716680914
795.2000000001123	-0.5370752362958096	0.23415465881611497
795.3000000001123	-0.5275953636004447	0.2423976104654208
795.4000000001123	-0.5181154909050798	0.25064056211472663
795.5000000001123	-0.5086356182097149	0.25888351376403246
795.6000000001123	-0.49915574551435005	0.2671264654133383
795.7000000001124	-0.48967587281898517	0.2753694170626441
795.8000000001124	-0.4801960001236203	0.28361236871194995
795.9000000001124	-0.4707161274282554	0.2918553203612558
796.0000000001124	-0.46123625473289054	0.3000982720105616
796.1000000001125	-0.45175638203752566	0.30834122365986744
796.2000000001125	-0.4422765093421608	0.31658417530917327
796.3000000001125	-0.4327966366467959	0.3248271269584791
796.4000000001125	-0.42331676395143103	0.3330700786077849
796.5000000001125	-0.41383689125606615	0.34131303025709075
796.6000000001126	-0.4043570185607013	0.3495559819063966
796.7000000001126	-0.3948771458653364	0.3577989335557024
796.8000000001126	-0.3853972731699715	0.36604188520500824
796.9000000001126	-0.37591740047460664	0.3742848368543141
797.0000000001127	-0.36643752777924177	0.3825277885036199
797.1000000001127	-0.3569576550838769	0.39077074015292573
797.2000000001127	-0.347477782388512	0.39901369180223156
797.3000000001127	-0.33799790969314714	0.4072566434515374
797.4000000001128	-0.32851803699778226	0.4154995951008432
797.5000000001128	-0.3190381643024174	0.42374254675014905
797.6000000001128	-0.3095582916070525	0.4319854983994549
797.7000000001128	-0.3000784189116876	0.4402284500487607
797.8000000001128	-0.29059854621632275	0.44847140169806654
797.9000000001129	-0.2811186735209579	0.45671435334737237
798.0000000001129	-0.271638800825593	0.4649573049966782
798.1000000001129	-0.2621589281302281	0.47320025664598403
798.2000000001129	-0.25267905543486324	0.48144320829528986
798.300000000113	-0.24319918273949834	0.4896861599445957
798.400000000113	-0.23371931004413343	0.4979291115939015
798.500000000113	-0.22423943734876853	0.5061720632432073
798.600000000113	-0.21475956465340362	0.5144150148925131
798.700000000113	-0.20527969195803872	0.5226579665418188
798.8000000001131	-0.1957998192626738	0.5309009181911246
798.9000000001131	-0.1863199465673089	0.5391438698404304
799.0000000001131	-0.176840073871944	0.5473868214897362
799.1000000001131	-0.1673602011765791	0.5556297731390419
799.2000000001132	-0.1578803284812142	0.5638727247883477
799.3000000001132	-0.1484004557858493	0.5721156764376535
799.4000000001132	-0.13892058309048438	0.5803586280869593
799.5000000001132	-0.12944071039511948	0.588601579736265
799.6000000001133	-0.11996083769975457	0.5968445313855708
799.7000000001133	-0.11048096500438967	0.6050874830348766
799.8000000001133	-0.10100109230902476	0.6133304346841824
799.9000000001133	-0.09152121961365986	0.6215733863334881
800.0000000001133	-0.08204134691829496	0.6298163379827939
800.1000000001134	-0.07256147422293005	0.6380592896320997
800.2000000001134	-0.06308160152756515	0.6463022412814055
800.3000000001134	-0.05360172883220025	0.6545451929307112
800.4000000001134	-0.04412185613683535	0.662788144580017
800.5000000001135	-0.03464198344147045	0.6710310962293228
800.6000000001135	-0.025162110746105554	0.6792740478786286
800.7000000001135	-0.015682238050740656	0.6875169995279343
800.8000000001135	-0.006202365355375758	0.6957599511772401
800.9000000001136	0.00327750733998914	0.7040029028265459
801.0000000001136	0.012757380035354038	0.7122458544758516
801.1000000001136	0.022237252730718936	0.7204888061251574
801.2000000001136	0.031717125426083834	0.7287317577744632
801.3000000001136	0.04119699812144873	0.736974709423769
801.4000000001137	0.05067687081681363	0.7452176610730747
801.5000000001137	0.06015674351217853	0.7534606127223805
801.6000000001137	0.06963661620754343	0.7617035643716863
801.7000000001137	0.07911648890290832	0.7699465160209921
801.8000000001138	0.08859636159827322	0.7781894676702978
801.9000000001138	0.09807623429363813	0.7864324193196036
802.0000000001138	0.10755610698900303	0.7946753709689094
802.1000000001138	0.11703597968436794	0.8029183226182152
802.2000000001138	0.12651585237973284	0.8111612742675209
802.3000000001139	0.13599572507509775	0.8194042259168267
802.4000000001139	0.14547559777046265	0.8276471775661325
802.5000000001139	0.15495547046582756	0.8358901292154383
802.6000000001139	0.16443534316119246	0.844133080864744
802.700000000114	0.17391521585655736	0.8523760325140498
802.800000000114	0.18339508855192227	0.8606189841633556
802.900000000114	0.19287496124728717	0.8688619358126614
803.000000000114	0.20235483394265208	0.8771048874619671
803.100000000114	0.21183470663801698	0.8853478391112729
803.2000000001141	0.2213145793333819	0.8935907907605787
803.3000000001141	0.2307944520287468	0.9018337424098845
803.4000000001141	0.2402743247241117	0.9100766940591902
803.5000000001141	0.2497541974194766	0.918319645708496
803.6000000001142	0.2592340701148415	0.9265625973578018
803.7000000001142	0.2687139428102064	0.9348055490071076
803.8000000001142	0.27819381550557126	0.9430485006564133
803.9000000001142	0.28767368820093614	0.9512914523057191
804.0000000001143	0.297153560896301	0.9430485006564133
804.1000000001143	0.3066334335916659	0.9348055490071076
804.2000000001143	0.31611330628703077	0.9265625973578018
804.3000000001143	0.32559317898239565	0.918319645708496
804.4000000001143	0.3350730516777605	0.9100766940591902
804.5000000001144	0.3445529243731254	0.9018337424098845
804.6000000001144	0.3540327970684903	0.8935907907605787
804.7000000001144	0.36351266976385516	0.8853478391112729
804.8000000001144	0.37299254245922003	0.8771048874619671
804.9000000001145	0.3824724151545849	0.8688619358126614
805.0000000001145	0.3919522878499498	0.8606189841633556
805.1000000001145	0.40143216054531466	0.8523760325140498
805.2000000001145	0.41091203324067954	0.844133080864744
805.3000000001146	0.4203919059360444	0.8358901292154383
805.4000000001146	0.4298717786314093	0.8276471775661325
805.5000000001146	0.4393516513267742	0.8194042259168267
805.6000000001146	0.44883152402213905	0.8111612742675209
805.7000000001146	0.4583113967175039	0.8029183226182152
805.8000000001147	0.4677912694128688	0.7946753709689094
805.9000000001147	0.4772711421082337	0.7864324193196036
806.0000000001147	0.48675101480359856	0.7781894676702978
806.1000000001147	0.49623088749896344	0.7699465160209921
806.2000000001148	0.5057107601943284	0.7617035643716863
806.3000000001148	0.5151906328896932	0.7534606127223805
806.4000000001148	0.5246705055850581	0.7452176610730747
806.5000000001148	0.534150378280423	0.736974709423769
806.6000000001148	0.5436302509757879	0.7287317577744632
806.7000000001149	0.5531101236711528	0.7204888061251574
806.8000000001149	0.5625899963665176	0.7122458544758516
806.9000000001149	0.5720698690618825	0.7040029028265459
807.0000000001149	0.5815497417572474	0.6957599511772401
807.100000000115	0.5910296144526123	0.6875169995279343
807.200000000115	0.6005094871479771	0.6792740478786286
807.300000000115	0.609989359843342	0.6710310962293228
807.400000000115	0.6194692325387069	0.662788144580017
807.500000000115	0.6289491052340718	0.6545451929307112
807.6000000001151	0.6384289779294366	0.6463022412814055
807.7000000001151	0.6479088506248015	0.6380592896320997
807.8000000001151	0.6573887233201664	0.6298163379827939
807.9000000001151	0.6668685960155313	0.6215733863334881
808.0000000001152	0.6763484687108962	0.6133304346841824
808.1000000001152	0.685828341406261	0.6050874830348766
808.2000000001152	0.6953082141016259	0.5968445313855708
808.3000000001152	0.7047880867969908	0.588601579736265
808.4000000001153	0.7142679594923557	0.5803586280869593
808.5000000001153	0.7237478321877205	0.5721156764376535
808.6000000001153	0.7332277048830854	0.5638727247883477
808.7000000001153	0.7427075775784503	0.5556297731390419
808.8000000001153	0.7521874502738152	0.5473868214897362
808.9000000001154	0.76166732296918	0.5391438698404304
809.0000000001154	0.7711471956645449	0.5309009181911246
809.1000000001154	0.7806270683599098	0.5226579665418188
809.2000000001154	0.7901069410552747	0.5144150148925131
809.3000000001155	0.7995868137506396	0.5061720632432073
809.4000000001155	0.8090666864460044	0.49792911159390146
809.5000000001155	0.8185465591413693	0.48968615994459563
809.6000000001155	0.8280264318367342	0.4814432082952898
809.7000000001156	0.8375063045320991	0.473200256645984
809.8000000001156	0.8469861772274639	0.46495730499667814
809.9000000001156	0.8564660499228288	0.4567143533473723
810.0000000001156	0.8659459226181937	0.4484714016980665
810.1000000001156	0.8754257953135586	0.44022845004876066
810.2000000001157	0.8849056680089235	0.4319854983994548
810.3000000001157	0.8943855407042883	0.423742546750149
810.4000000001157	0.9038654133996532	0.41549959510084317
810.5000000001157	0.9133452860950181	0.40725664345153734
810.6000000001158	0.922825158790383	0.3990136918022315
810.7000000001158	0.9323050314857478	0.3907707401529257
810.8000000001158	0.9417849041811127	0.38252778850361985
810.9000000001158	0.9512647768764776	0.374284836854314
811.0000000001158	0.9417849041811127	0.3660418852050082
811.1000000001159	0.9323050314857478	0.35779893355570236
811.2000000001159	0.922825158790383	0.34955598190639653
811.3000000001159	0.9133452860950181	0.3413130302570907
811.4000000001159	0.9038654133996532	0.33307007860778487
811.500000000116	0.8943855407042883	0.32482712695847904
811.600000000116	0.8849056680089235	0.3165841753091732
811.700000000116	0.8754257953135586	0.3083412236598674
811.800000000116	0.8659459226181937	0.30009827201056155
811.900000000116	0.8564660499228288	0.2918553203612557
812.0000000001161	0.8469861772274639	0.2836123687119499
812.1000000001161	0.8375063045320991	0.27536941706264406
812.2000000001161	0.8280264318367342	0.26712646541333823
812.3000000001161	0.8185465591413693	0.2588835137640324
812.4000000001162	0.8090666864460044	0.2506405621147266
812.5000000001162	0.7995868137506396	0.24239761046542074
812.6000000001162	0.7901069410552747	0.2341546588161149
812.7000000001162	0.7806270683599098	0.22591170716680908
812.8000000001163	0.7711471956645449	0.21766875551750325
812.9000000001163	0.76166732296918	0.20942580386819742
813.0000000001163	0.7521874502738152	0.2011828522188916
813.1000000001163	0.7427075775784503	0.19293990056958576
813.2000000001163	0.7332277048830854	0.18469694892027994
813.3000000001164	0.7237478321877205	0.1764539972709741
813.4000000001164	0.7142679594923557	0.16821104562166828
813.5000000001164	0.7047880867969908	0.15996809397236245
813.6000000001164	0.6953082141016259	0.15172514232305662
813.7000000001165	0.685828341406261	0.1434821906737508
813.8000000001165	0.6763484687108962	0.13523923902444496
813.9000000001165	0.6668685960155313	0.12699628737513913
814.0000000001165	0.6573887233201664	0.1187533357258333
814.1000000001166	0.6479088506248015	0.11051038407652747
814.2000000001166	0.6384289779294366	0.10226743242722164
814.3000000001166	0.6289491052340718	0.09402448077791581
814.4000000001166	0.6194692325387069	0.08578152912860998
814.5000000001166	0.609989359843342	0.07753857747930415
814.6000000001167	0.6005094871479771	0.06929562582999832
814.7000000001167	0.5910296144526123	0.0610526741806925
814.8000000001167	0.5815497417572474	0.052809722531386674
814.9000000001167	0.5720698690618825	0.04456677088208085
815.0000000001168	0.5625899963665176	0.03632381923277503
815.1000000001168	0.5531101236711528	0.028080867583469206
815.2000000001168	0.5436302509757879	0.019837915934163383
815.3000000001168	0.534150378280423	0.01159496428485756
815.4000000001168	0.5246705055850581	0.0033520126355517377
815.5000000001169	0.5151906328896932	-0.004890939013754085
815.6000000001169	0.5057107601943284	-0.013133890663059908
815.7000000001169	0.4962308874989635	-0.02137684231236573
815.8000000001169	0.4867510148035986	-0.029619793961671553
815.900000000117	0.47727114210823374	-0.037862745610977376
816.000000000117	0.46779126941286886	-0.0461056972602832
816.100000000117	0.458311396717504	-0.05434864890958902
816.200000000117	0.4488315240221391	-0.06259160055889484
816.300000000117	0.43935165132677423	-0.07083455220820067
816.4000000001171	0.42987177863140935	-0.0790775038575065
816.5000000001171	0.4203919059360445	-0.08732045550681233
816.6000000001171	0.4109120332406796	-0.09556340715611816
816.7000000001171	0.4014321605453147	-0.10380635880542399
816.8000000001172	0.39195228784994984	-0.11204931045472982
816.9000000001172	0.38247241515458497	-0.12029226210403565
817.0000000001172	0.3729925424592201	-0.12853521375334148
817.1000000001172	0.3635126697638552	-0.1367781654026473
817.2000000001173	0.35403279706849033	-0.14502111705195314
817.3000000001173	0.34455292437312546	-0.15326406870125897
817.4000000001173	0.3350730516777606	-0.1615070203505648
817.5000000001173	0.3255931789823957	-0.16974997199987063
817.6000000001173	0.3161133062870308	-0.17799292364917646
817.7000000001174	0.30663343359166595	-0.1862358752984823
817.8000000001174	0.29715356089630107	-0.19447882694778812
817.9000000001174	0.2876736882009362	-0.20272177859709395
818.0000000001174	0.2781938155055713	-0.21096473024639978
818.1000000001175	0.26871394281020644	-0.2192076818957056
818.2000000001175	0.25923407011484156	-0.22745063354501144
818.3000000001175	0.24975419741947666	-0.23569358519431727
818.4000000001175	0.24027432472411175	-0.2439365368436231
818.5000000001176	0.23079445202874685	-0.2521794884929289
818.6000000001176	0.22131457933338194	-0.26042244014223476
818.7000000001176	0.21183470663801704	-0.2686653917915406
818.8000000001176	0.20235483394265213	-0.2769083434408464
818.9000000001176	0.19287496124728723	-0.28515129509015225
819.0000000001177	0.18339508855192233	-0.2933942467394581
819.1000000001177	0.17391521585655742	-0.3016371983887639
819.2000000001177	0.16443534316119252	-0.30988015003806973
819.3000000001177	0.1549554704658276	-0.31812310168737556
819.4000000001178	0.1454755977704627	-0.3263660533366814
819.5000000001178	0.1359957250750978	-0.3346090049859872
819.6000000001178	0.1265158523797329	-0.34285195663529305
819.7000000001178	0.11703597968436799	-0.3510949082845989
819.8000000001178	0.10755610698900309	-0.3593378599339047
819.9000000001179	0.09807623429363818	-0.36758081158321054
820.0000000001179	0.08859636159827328	-0.3758237632325164
820.1000000001179	0.07911648890290837	-0.3840667148818222
820.2000000001179	0.06963661620754347	-0.39230966653112803
820.300000000118	0.06015674351217857	-0.40055261818043386
820.400000000118	0.05067687081681367	-0.4087955698297397
820.500000000118	0.04119699812144877	-0.4170385214790455
820.600000000118	0.031717125426083875	-0.42528147312835135
820.700000000118	0.022237252730718977	-0.4335244247776572
820.8000000001181	0.01275738003535408	-0.441767376426963
820.9000000001181	0.0032775073399891816	-0.45001032807626884
821.0000000001181	-0.006202365355375716	-0.45825327972557467
821.1000000001181	-0.015682238050740614	-0.4664962313748805
821.2000000001182	-0.025162110746105512	-0.47473918302418633
821.3000000001182	-0.03464198344147041	-0.48298213467349216
821.4000000001182	-0.04412185613683531	-0.491225086322798
821.5000000001182	-0.053601728832200206	-0.4994680379721038
821.6000000001183	-0.0630816015275651	-0.5077109896214096
821.7000000001183	-0.07256147422293	-0.5159539412707154
821.8000000001183	-0.0820413469182949	-0.5241968929200211
821.9000000001183	-0.0915212196136598	-0.5324398445693269
822.0000000001183	-0.10100109230902471	-0.5406827962186327
822.1000000001184	-0.11048096500438961	-0.5489257478679385
822.2000000001184	-0.11996083769975452	-0.5571686995172442
822.3000000001184	-0.12944071039511942	-0.56541165116655
822.4000000001184	-0.13892058309048433	-0.5736546028158558
822.5000000001185	-0.14840045578584923	-0.5818975544651616
822.6000000001185	-0.15788032848121414	-0.5901405061144673
822.7000000001185	-0.16736020117657904	-0.5983834577637731
822.8000000001185	-0.17684007387194395	-0.6066264094130789
822.9000000001186	-0.18631994656730885	-0.6148693610623847
823.0000000001186	-0.19579981926267376	-0.6231123127116904
823.1000000001186	-0.20527969195803866	-0.6313552643609962
823.2000000001186	-0.21475956465340357	-0.639598216010302
823.3000000001186	-0.22423943734876847	-0.6478411676596078
823.4000000001187	-0.23371931004413338	-0.6560841193089135
823.5000000001187	-0.24319918273949828	-0.6643270709582193
823.6000000001187	-0.2526790554348632	-0.6725700226075251
823.7000000001187	-0.26215892813022806	-0.6808129742568308
823.8000000001188	-0.27163880082559294	-0.6890559259061366
823.9000000001188	-0.2811186735209578	-0.6972988775554424
824.0000000001188	-0.2905985462163227	-0.7055418292047482
824.1000000001188	-0.30007841891168757	-0.713784780854054
824.2000000001188	-0.30955829160705245	-0.7220277325033597
824.3000000001189	-0.3190381643024173	-0.7302706841526655
824.4000000001189	-0.3285180369977822	-0.7385136358019713
824.5000000001189	-0.3379979096931471	-0.746756587451277
824.6000000001189	-0.34747778238851196	-0.7549995391005828
824.700000000119	-0.35695765508387683	-0.7632424907498886
824.800000000119	-0.3664375277792417	-0.7714854423991944
824.900000000119	-0.3759174004746066	-0.7797283940485001
825.000000000119	-0.38539727316997147	-0.7879713456978059
825.100000000119	-0.39487714586533634	-0.7962142973471117
825.2000000001191	-0.4043570185607012	-0.8044572489964175
825.3000000001191	-0.4138368912560661	-0.8127002006457232
825.4000000001191	-0.423316763951431	-0.820943152295029
825.5000000001191	-0.43279663664679585	-0.8291861039443348
825.6000000001192	-0.44227650934216073	-0.8374290555936406
825.7000000001192	-0.4517563820375256	-0.8456720072429463
825.8000000001192	-0.4612362547328905	-0.8539149588922521
825.9000000001192	-0.47071612742825536	-0.8621579105415579
826.0000000001193	-0.48019600012362024	-0.8704008621908637
826.1000000001193	-0.4896758728189851	-0.8786438138401694
826.2000000001193	-0.49915574551435	-0.8868867654894752
826.3000000001193	-0.5086356182097149	-0.895129717138781
826.4000000001193	-0.5181154909050798	-0.9033726687880868
826.5000000001194	-0.5275953636004447	-0.9116156204373925
826.6000000001194	-0.5370752362958096	-0.9198585720866983
826.7000000001194	-0.5465551089911744	-0.9281015237360041
826.8000000001194	-0.5560349816865393	-0.9363444753853098
826.9000000001195	-0.5655148543819042	-0.9445874270346156
827.0000000001195	-0.5749947270772691	-0.9528303786839214
827.1000000001195	-0.5844745997726339	-0.9445874270346156
827.2000000001195	-0.5939544724679988	-0.9363444753853098
827.3000000001196	-0.6034343451633637	-0.9281015237360041
827.4000000001196	-0.6129142178587286	-0.9198585720866983
827.5000000001196	-0.6223940905540934	-0.9116156204373925
827.6000000001196	-0.6318739632494583	-0.9033726687880868
827.7000000001196	-0.6413538359448232	-0.895129717138781
827.8000000001197	-0.6508337086401881	-0.8868867654894752
827.9000000001197	-0.660313581335553	-0.8786438138401694
828.0000000001197	-0.6697934540309178	-0.8704008621908637
828.1000000001197	-0.6792733267262827	-0.8621579105415579
828.2000000001198	-0.6887531994216476	-0.8539149588922521
828.3000000001198	-0.6982330721170125	-0.8456720072429463
828.4000000001198	-0.7077129448123773	-0.8374290555936406
828.5000000001198	-0.7171928175077422	-0.8291861039443348
828.6000000001198	-0.7266726902031071	-0.820943152295029
828.7000000001199	-0.736152562898472	-0.8127002006457232
828.8000000001199	-0.7456324355938369	-0.8044572489964175
828.9000000001199	-0.7551123082892017	-0.7962142973471117
829.0000000001199	-0.7645921809845666	-0.7879713456978059
829.10000000012	-0.7740720536799315	-0.7797283940485001
829.20000000012	-0.7835519263752964	-0.7714854423991944
829.30000000012	-0.7930317990706612	-0.7632424907498886
829.40000000012	-0.8025116717660261	-0.7549995391005828
829.50000000012	-0.811991544461391	-0.746756587451277
829.6000000001201	-0.8214714171567559	-0.7385136358019713
829.7000000001201	-0.8309512898521207	-0.7302706841526655
829.8000000001201	-0.8404311625474856	-0.7220277325033597
829.9000000001201	-0.8499110352428505	-0.713784780854054
830.0000000001202	-0.8593909079382154	-0.7055418292047482
830.1000000001202	-0.8688707806335803	-0.6972988775554424
830.2000000001202	-0.8783506533289451	-0.6890559259061366
830.3000000001202	-0.88783052602431	-0.6808129742568308
830.4000000001203	-0.8973103987196749	-0.6725700226075251
830.5000000001203	-0.9067902714150398	-0.6643270709582193
830.6000000001203	-0.9162701441104046	-0.6560841193089135
830.7000000001203	-0.9257500168057695	-0.6478411676596078
830.8000000001203	-0.9352298895011344	-0.639598216010302
830.9000000001204	-0.9447097621964993	-0.6313552643609962
831.0000000001204	-0.9541896348918641	-0.6231123127116904
831.1000000001204	-0.9447097621964993	-0.6148693610623847
831.2000000001204	-0.9352298895011344	-0.6066264094130789
831.3000000001205	-0.9257500168057695	-0.5983834577637731
831.4000000001205	-0.9162701441104046	-0.5901405061144673
831.5000000001205	-0.9067902714150398	-0.5818975544651616
831.6000000001205	-0.8973103987196749	-0.5736546028158558
831.7000000001206	-0.88783052602431	-0.56541165116655
831.8000000001206	-0.8783506533289451	-0.5571686995172442
831.9000000001206	-0.8688707806335803	-0.5489257478679385
832.0000000001206	-0.8593909079382154	-0.5406827962186327
832.1000000001206	-0.8499110352428505	-0.5324398445693269
832.2000000001207	-0.8404311625474856	-0.5241968929200211
832.3000000001207	-0.8309512898521207	-0.5159539412707154
832.4000000001207	-0.8214714171567559	-0.5077109896214096
832.5000000001207	-0.811991544461391	-0.49946803797210376
832.6000000001208	-0.8025116717660261	-0.49122508632279793
832.7000000001208	-0.7930317990706612	-0.4829821346734921
832.8000000001208	-0.7835519263752964	-0.4747391830241863
832.9000000001208	-0.7740720536799315	-0.46649623137488044
833.0000000001208	-0.7645921809845666	-0.4582532797255746
833.1000000001209	-0.7551123082892017	-0.4500103280762688
833.2000000001209	-0.7456324355938369	-0.44176737642696295
833.3000000001209	-0.736152562898472	-0.4335244247776571
833.4000000001209	-0.7266726902031071	-0.4252814731283513
833.500000000121	-0.7171928175077422	-0.41703852147904547
833.600000000121	-0.7077129448123773	-0.40879556982973964
833.700000000121	-0.6982330721170125	-0.4005526181804338
833.800000000121	-0.6887531994216476	-0.392309666531128
833.900000000121	-0.6792733267262827	-0.38406671488182215
834.0000000001211	-0.6697934540309178	-0.3758237632325163
834.1000000001211	-0.660313581335553	-0.3675808115832105
834.2000000001211	-0.6508337086401881	-0.35933785993390466
834.3000000001211	-0.6413538359448232	-0.35109490828459883
834.4000000001212	-0.6318739632494583	-0.342851956635293
834.5000000001212	-0.6223940905540934	-0.33460900498598717
834.6000000001212	-0.6129142178587286	-0.32636605333668134
834.7000000001212	-0.6034343451633637	-0.3181231016873755
834.8000000001213	-0.5939544724679988	-0.3098801500380697
834.9000000001213	-0.5844745997726339	-0.30163719838876385
835.0000000001213	-0.5749947270772691	-0.293394246739458
835.1000000001213	-0.5655148543819042	-0.2851512950901522
835.2000000001213	-0.5560349816865393	-0.27690834344084636
835.3000000001214	-0.5465551089911744	-0.26866539179154053
835.4000000001214	-0.5370752362958096	-0.2604224401422347
835.5000000001214	-0.5275953636004447	-0.25217948849292887
835.6000000001214	-0.5181154909050798	-0.24393653684362304
835.7000000001215	-0.5086356182097149	-0.2356935851943172
835.8000000001215	-0.49915574551435005	-0.22745063354501138
835.9000000001215	-0.48967587281898517	-0.21920768189570555
836.0000000001215	-0.4801960001236203	-0.21096473024639972
836.1000000001216	-0.4707161274282554	-0.2027217785970939
836.2000000001216	-0.46123625473289054	-0.19447882694778806
836.3000000001216	-0.45175638203752566	-0.18623587529848223
836.4000000001216	-0.4422765093421608	-0.1779929236491764
836.5000000001216	-0.4327966366467959	-0.16974997199987057
836.6000000001217	-0.42331676395143103	-0.16150702035056475
836.7000000001217	-0.41383689125606615	-0.15326406870125892
836.8000000001217	-0.4043570185607013	-0.14502111705195309
836.9000000001217	-0.3948771458653364	-0.13677816540264726
837.0000000001218	-0.3853972731699715	-0.12853521375334143
837.1000000001218	-0.37591740047460664	-0.1202922621040356
837.2000000001218	-0.36643752777924177	-0.11204931045472977
837.3000000001218	-0.3569576550838769	-0.10380635880542394
837.4000000001218	-0.347477782388512	-0.09556340715611811
837.5000000001219	-0.33799790969314714	-0.08732045550681228
837.6000000001219	-0.32851803699778226	-0.07907750385750645
837.7000000001219	-0.3190381643024174	-0.07083455220820062
837.8000000001219	-0.3095582916070525	-0.06259160055889479
837.900000000122	-0.3000784189116876	-0.054348648909588966
838.000000000122	-0.29059854621632275	-0.04610569726028314
838.100000000122	-0.2811186735209579	-0.03786274561097732
838.200000000122	-0.271638800825593	-0.029619793961671498
838.300000000122	-0.2621589281302281	-0.021376842312365675
838.4000000001221	-0.25267905543486324	-0.013133890663059852
838.5000000001221	-0.24319918273949834	-0.0048909390137540296
838.6000000001221	-0.23371931004413343	0.003352012635551793
838.7000000001221	-0.22423943734876853	0.011594964284857616
838.8000000001222	-0.21475956465340362	0.01983791593416344
838.9000000001222	-0.20527969195803872	0.02808086758346926
839.0000000001222	-0.1957998192626738	0.036323819232775084
839.1000000001222	-0.1863199465673089	0.04456677088208091
839.2000000001223	-0.176840073871944	0.05280972253138673
839.3000000001223	-0.1673602011765791	0.06105267418069255
839.4000000001223	-0.1578803284812142	0.06929562582999838
839.5000000001223	-0.1484004557858493	0.0775385774793042
839.6000000001223	-0.13892058309048438	0.08578152912861003
839.7000000001224	-0.12944071039511948	0.09402448077791586
839.8000000001224	-0.11996083769975457	0.1022674324272217
839.9000000001224	-0.11048096500438967	0.11051038407652752
840.0000000001224	-0.10100109230902476	0.11875333572583335
840.1000000001225	-0.09152121961365986	0.12699628737513918
840.2000000001225	-0.08204134691829496	0.135239239024445
840.3000000001225	-0.07256147422293005	0.14348219067375084
840.4000000001225	-0.06308160152756515	0.15172514232305667
840.5000000001226	-0.05360172883220025	0.1599680939723625
840.6000000001226	-0.04412185613683535	0.16821104562166833
840.7000000001226	-0.03464198344147045	0.17645399727097416
840.8000000001226	-0.025162110746105554	0.18469694892028
840.9000000001226	-0.015682238050740656	0.19293990056958582
841.0000000001227	-0.006202365355375758	0.20118285221889165
841.1000000001227	0.00327750733998914	0.20942580386819748
841.2000000001227	0.012757380035354038	0.2176687555175033
841.3000000001227	0.022237252730718936	0.22591170716680914
841.4000000001228	0.031717125426083834	0.23415465881611497
841.5000000001228	0.04119699812144873	0.2423976104654208
841.6000000001228	0.05067687081681363	0.25064056211472663
841.7000000001228	0.06015674351217853	0.25888351376403246
841.8000000001228	0.06963661620754343	0.2671264654133383
841.9000000001229	0.07911648890290832	0.2753694170626441
842.0000000001229	0.08859636159827322	0.28361236871194995
842.1000000001229	0.09807623429363813	0.2918553203612558
842.2000000001229	0.10755610698900303	0.3000982720105616
842.300000000123	0.11703597968436794	0.30834122365986744
842.400000000123	0.12651585237973284	0.31658417530917327
842.500000000123	0.13599572507509775	0.3248271269584791
842.600000000123	0.14547559777046265	0.3330700786077849
842.700000000123	0.15495547046582756	0.34131303025709075
842.8000000001231	0.16443534316119246	0.3495559819063966
842.9000000001231	0.17391521585655736	0.3577989335557024
843.0000000001231	0.18339508855192227	0.36604188520500824
843.1000000001231	0.19287496124728717	0.3742848368543141
843.2000000001232	0.20235483394265208	0.3825277885036199
843.3000000001232	0.21183470663801698	0.39077074015292573
843.4000000001232	0.2213145793333819	0.39901369180223156
843.5000000001232	0.2307944520287468	0.4072566434515374
843.6000000001233	0.2402743247241117	0.4154995951008432
843.7000000001233	0.2497541974194766	0.42374254675014905
843.8000000001233	0.2592340701148415	0.4319854983994549
843.9000000001233	0.2687139428102064	0.4402284500487607
844.0000000001234	0.27819381550557126	0.44847140169806654
844.1000000001234	0.28767368820093614	0.45671435334737237
844.2000000001234	0.297153560896301	0.4649573049966782
844.3000000001234	0.3066334335916659	0.47320025664598403
844.4000000001234	0.31611330628703077	0.48144320829528986
844.5000000001235	0.32559317898239565	0.4896861599445957
844.6000000001235	0.3350730516777605	0.4979291115939015
844.7000000001235	0.3445529243731254	0.5061720632432073
844.8000000001235	0.3540327970684903	0.5144150148925131
844.9000000001236	0.36351266976385516	0.5226579665418188
845.0000000001236	0.37299254245922003	0.5309009181911246
845.1000000001236	0.3824724151545849	0.5391438698404304
845.2000000001236	0.3919522878499498	0.5473868214897362
845.3000000001236	0.40143216054531466	0.5556297731390419
845.4000000001237	0.41091203324067954	0.5638727247883477
845.5000000001237	0.4203919059360444	0.5721156764376535
845.6000000001237	0.4298717786314093	0.5803586280869593
845.7000000001237	0.4393516513267742	0.588601579736265
845.8000000001238	0.44883152402213905	0.5968445313855708
845.9000000001238	0.4583113967175039	0.6050874830348766
846.0000000001238	0.4677912694128688	0.6133304346841824
846.1000000001238	0.4772711421082337	0.6215733863334881
846.2000000001239	0.48675101480359856	0.6298163379827939
846.3000000001239	0.49623088749896344	0.6380592896320997
846.4000000001239	0.5057107601943284	0.6463022412814055
846.5000000001239	0.5151906328896932	0.6545451929307112
846.6000000001239	0.5246705055850581	0.662788144580017
846.700000000124	0.534150378280423	0.6710310962293228
846.800000000124	0.5436302509757879	0.6792740478786286
846.900000000124	0.5531101236711528	0.6875169995279343
847.000000000124	0.5625899963665176	0.6957599511772401
847.100000000124	0.5720698690618825	0.7040029028265459
847.2000000001241	0.5815497417572474	0.7122458544758516
847.3000000001241	0.5910296144526123	0.7204888061251574
847.4000000001241	0.6005094871479771	0.7287317577744632
847.5000000001241	0.609989359843342	0.736974709423769
847.6000000001242	0.6194692325387069	0.7452176610730747
847.7000000001242	0.6289491052340718	0.7534606127223805
847.8000000001242	0.6384289779294366	0.7617035643716863
847.9000000001242	0.6479088506248015	0.7699465160209921
848.0000000001243	0.6573887233201664	0.7781894676702978
848.1000000001243	0.6668685960155313	0.7864324193196036
848.2000000001243	0.6763484687108962	0.7946753709689094
848.3000000001243	0.685828341406261	0.8029183226182152
848.4000000001244	0.6953082141016259	0.8111612742675209
848.5000000001244	0.7047880867969908	0.8194042259168267
848.6000000001244	0.7142679594923557	0.8276471775661325
848.7000000001244	0.7237478321877205	0.8358901292154383
848.8000000001244	0.7332277048830854	0.844133080864744
848.9000000001245	0.7427075775784503	0.8523760325140498
849.0000000001245	0.7521874502738152	0.8606189841633556
849.1000000001245	0.76166732296918	0.8688619358126614
849.2000000001245	0.7711471956645449	0.8771048874619671
849.3000000001246	0.7806270683599098	0.8853478391112729
849.4000000001246	0.7901069410552747	0.8935907907605787
849.5000000001246	0.7995868137506396	0.9018337424098845
849.6000000001246	0.8090666864460044	0.9100766940591902
849.7000000001246	0.8185465591413693	0.918319645708496
849.8000000001247	0.8280264318367342	0.9265625973578018
849.9000000001247	0.8375063045320991	0.9348055490071076
850.0000000001247	0.8469861772274639	0.9430485006564133
850.1000000001247	0.8564660499228288	0.9512914523057191
850.2000000001248	0.8659459226181937	0.9430485006564133
850.3000000001248	0.8754257953135586	0.9348055490071076
850.4000000001248	0.8849056680089235	0.9265625973578018
850.5000000001248	0.8943855407042883	0.918319645708496
850.6000000001249	0.9038654133996532	0.9100766940591902
850.7000000001249	0.9133452860950181	0.9018337424098845
850.8000000001249	0.922825158790383	0.8935907907605787
850.9000000001249	0.9323050314857478	0.8853478391112729
851.0000000001249	0.9417849041811127	0.8771048874619671
851.100000000125	0.9512647768764776	0.8688619358126614
851.200000000125	0.9417849041811127	0.8606189841633556
851.300000000125	0.9323050314857478	0.8523760325140498
851.400000000125	0.922825158790383	0.844133080864744
851.500000000125	0.9133452860950181	0.8358901292154383
851.6000000001251	0.9038654133996532	0.8276471775661325
851.7000000001251	0.8943855407042883	0.8194042259168267
851.8000000001251	0.8849056680089235	0.8111612742675209
851.9000000001251	0.8754257953135586	0.8029183226182152
852.0000000001252	0.8659459226181937	0.7946753709689094
852.1000000001252	0.8564660499228288	0.7864324193196036
852.2000000001252	0.8469861772274639	0.7781894676702978
852.3000000001252	0.8375063045320991	0.7699465160209921
852.4000000001253	0.8280264318367342	0.7617035643716863
852.5000000001253	0.8185465591413693	0.7534606127223805
852.6000000001253	0.8090666864460044	0.7452176610730747
852.7000000001253	0.7995868137506396	0.736974709423769
852.8000000001254	0.7901069410552747	0.7287317577744632
852.9000000001254	0.7806270683599098	0.7204888061251574
853.0000000001254	0.7711471956645449	0.7122458544758516
853.1000000001254	0.76166732296918	0.7040029028265459
853.2000000001254	0.7521874502738152	0.6957599511772401
853.3000000001255	0.7427075775784503	0.6875169995279343
853.4000000001255	0.7332277048830854	0.6792740478786286
853.5000000001255	0.7237478321877205	0.6710310962293228
853.6000000001255	0.7142679594923557	0.662788144580017
853.7000000001256	0.7047880867969908	0.6545451929307112
853.8000000001256	0.6953082141016259	0.6463022412814055
853.9000000001256	0.685828341406261	0.6380592896320997
854.0000000001256	0.6763484687108962	0.6298163379827939
854.1000000001256	0.6668685960155313	0.6215733863334881
854.2000000001257	0.6573887233201664	0.6133304346841824
854.3000000001257	0.6479088506248015	0.6050874830348766
854.4000000001257	0.6384289779294366	0.5968445313855708
854.5000000001257	0.6289491052340718	0.588601579736265
854.6000000001258	0.6194692325387069	0.5803586280869593
854.7000000001258	0.609989359843342	0.5721156764376535
854.8000000001258	0.6005094871479771	0.5638727247883477
854.9000000001258	0.5910296144526123	0.5556297731390419
855.0000000001259	0.5815497417572474	0.5473868214897362
855.1000000001259	0.5720698690618825	0.5391438698404304
855.2000000001259	0.5625899963665176	0.5309009181911246
855.3000000001259	0.5531101236711528	0.5226579665418188
855.4000000001259	0.5436302509757879	0.5144150148925131
855.500000000126	0.534150378280423	0.5061720632432073
855.600000000126	0.5246705055850581	0.49792911159390146
855.700000000126	0.5151906328896932	0.48968615994459563
855.800000000126	0.5057107601943284	0.4814432082952898
855.900000000126	0.4962308874989635	0.473200256645984
856.0000000001261	0.4867510148035986	0.46495730499667814
856.1000000001261	0.47727114210823374	0.4567143533473723
856.2000000001261	0.46779126941286886	0.4484714016980665
856.3000000001261	0.458311396717504	0.44022845004876066
856.4000000001262	0.4488315240221391	0.4319854983994548
856.5000000001262	0.43935165132677423	0.423742546750149
856.6000000001262	0.42987177863140935	0.41549959510084317
856.7000000001262	0.4203919059360445	0.40725664345153734
856.8000000001263	0.4109120332406796	0.3990136918022315
856.9000000001263	0.4014321605453147	0.3907707401529257
857.0000000001263	0.39195228784994984	0.38252778850361985
857.1000000001263	0.38247241515458497	0.374284836854314
857.2000000001264	0.3729925424592201	0.3660418852050082
857.3000000001264	0.3635126697638552	0.35779893355570236
857.4000000001264	0.35403279706849033	0.34955598190639653
857.5000000001264	0.34455292437312546	0.3413130302570907
857.6000000001264	0.3350730516777606	0.33307007860778487
857.7000000001265	0.3255931789823957	0.32482712695847904
857.8000000001265	0.3161133062870308	0.3165841753091732
857.9000000001265	0.30663343359166595	0.3083412236598674
858.0000000001265	0.29715356089630107	0.30009827201056155
858.1000000001266	0.2876736882009362	0.2918553203612557
858.2000000001266	0.2781938155055713	0.2836123687119499
858.3000000001266	0.26871394281020644	0.27536941706264406
858.4000000001266	0.25923407011484156	0.26712646541333823
858.5000000001266	0.24975419741947666	0.2588835137640324
858.6000000001267	0.24027432472411175	0.2506405621147266
858.7000000001267	0.23079445202874685	0.24239761046542074
858.8000000001267	0.22131457933338194	0.2341546588161149
858.9000000001267	0.21183470663801704	0.22591170716680908
859.0000000001268	0.20235483394265213	0.21766875551750325
859.1000000001268	0.19287496124728723	0.20942580386819742
859.2000000001268	0.18339508855192233	0.2011828522188916
859.3000000001268	0.17391521585655742	0.19293990056958576
859.4000000001269	0.16443534316119252	0.18469694892027994
859.5000000001269	0.1549554704658276	0.1764539972709741
859.6000000001269	0.1454755977704627	0.16821104562166828
859.7000000001269	0.1359957250750978	0.15996809397236245
859.8000000001269	0.1265158523797329	0.15172514232305662
859.900000000127	0.11703597968436799	0.1434821906737508
860.000000000127	0.10755610698900309	0.13523923902444496
860.100000000127	0.09807623429363818	0.12699628737513913
860.200000000127	0.08859636159827328	0.1187533357258333
860.300000000127	0.07911648890290837	0.11051038407652747
860.4000000001271	0.06963661620754347	0.10226743242722164
860.5000000001271	0.06015674351217857	0.09402448077791581
860.6000000001271	0.05067687081681367	0.08578152912860998
860.7000000001271	0.04119699812144877	0.07753857747930415
860.8000000001272	0.031717125426083875	0.06929562582999832
860.9000000001272	0.022237252730718977	0.0610526741806925
861.0000000001272	0.01275738003535408	0.052809722531386674
861.1000000001272	0.0032775073399891816	0.04456677088208085
861.2000000001273	-0.006202365355375716	0.03632381923277503
861.3000000001273	-0.015682238050740614	0.028080867583469206
861.4000000001273	-0.025162110746105512	0.019837915934163383
861.5000000001273	-0.03464198344147041	0.01159496428485756
861.6000000001274	-0.04412185613683531	0.0033520126355517377
861.7000000001274	-0.053601728832200206	-0.004890939013754085
861.8000000001274	-0.0630816015275651	-0.013133890663059908
861.9000000001274	-0.07256147422293	-0.02137684231236573
862.0000000001274	-0.0820413469182949	-0.029619793961671553
862.1000000001275	-0.0915212196136598	-0.037862745610977376
862.2000000001275	-0.10100109230902471	-0.0461056972602832
862.3000000001275	-0.11048096500438961	-0.05434864890958902
862.4000000001275	-0.11996083769975452	-0.06259160055889484
862.5000000001276	-0.12944071039511942	-0.07083455220820067
862.6000000001276	-0.13892058309048433	-0.0790775038575065
862.7000000001276	-0.14840045578584923	-0.08732045550681233
862.8000000001276	-0.15788032848121414	-0.09556340715611816
862.9000000001276	-0.16736020117657904	-0.10380635880542399
863.0000000001277	-0.17684007387194395	-0.11204931045472982
863.1000000001277	-0.18631994656730885	-0.12029226210403565
863.2000000001277	-0.19579981926267376	-0.12853521375334148
863.3000000001277	-0.20527969195803866	-0.1367781654026473
863.4000000001278	-0.21475956465340357	-0.14502111705195314
863.5000000001278	-0.22423943734876847	-0.15326406870125897
863.6000000001278	-0.23371931004413338	-0.1615070203505648
863.7000000001278	-0.24319918273949828	-0.16974997199987063
863.8000000001279	-0.2526790554348632	-0.17799292364917646
863.9000000001279	-0.26215892813022806	-0.1862358752984823
864.0000000001279	-0.27163880082559294	-0.19447882694778812
864.1000000001279	-0.2811186735209578	-0.20272177859709395
864.200000000128	-0.2905985462163227	-0.21096473024639978
864.300000000128	-0.30007841891168757	-0.2192076818957056
864.400000000128	-0.30955829160705245	-0.22745063354501144
864.500000000128	-0.3190381643024173	-0.23569358519431727
864.600000000128	-0.3285180369977822	-0.2439365368436231
864.7000000001281	-0.3379979096931471	-0.2521794884929289
864.8000000001281	-0.34747778238851196	-0.26042244014223476
864.9000000001281	-0.35695765508387683	-0.2686653917915406
865.0000000001281	-0.3664375277792417	-0.2769083434408464
865.1000000001281	-0.3759174004746066	-0.28515129509015225
865.2000000001282	-0.38539727316997147	-0.2933942467394581
865.3000000001282	-0.39487714586533634	-0.3016371983887639
865.4000000001282	-0.4043570185607012	-0.30988015003806973
865.5000000001282	-0.4138368912560661	-0.31812310168737556
865.6000000001283	-0.423316763951431	-0.3263660533366814
865.7000000001283	-0.43279663664679585	-0.3346090049859872
865.8000000001283	-0.44227650934216073	-0.34285195663529305
865.9000000001283	-0.4517563820375256	-0.3510949082845989
866.0000000001284	-0.4612362547328905	-0.3593378599339047
866.1000000001284	-0.47071612742825536	-0.36758081158321054
866.2000000001284	-0.48019600012362024	-0.3758237632325164
866.3000000001284	-0.4896758728189851	-0.3840667148818222
866.4000000001284	-0.49915574551435	-0.39230966653112803
866.5000000001285	-0.5086356182097149	-0.40055261818043386
866.6000000001285	-0.5181154909050798	-0.4087955698297397
866.7000000001285	-0.5275953636004447	-0.4170385214790455
866.8000000001285	-0.5370752362958096	-0.42528147312835135
866.9000000001286	-0.5465551089911744	-0.4335244247776572
867.0000000001286	-0.5560349816865393	-0.441767376426963
867.1000000001286	-0.5655148543819042	-0.45001032807626884
867.2000000001286	-0.5749947270772691	-0.45825327972557467
867.3000000001286	-0.5844745997726339	-0.4664962313748805
867.4000000001287	-0.5939544724679988	-0.47473918302418633
867.5000000001287	-0.6034343451633637	-0.48298213467349216
867.6000000001287	-0.6129142178587286	-0.491225086322798
867.7000000001287	-0.6223940905540934	-0.4994680379721038
867.8000000001288	-0.6318739632494583	-0.5077109896214096
867.9000000001288	-0.6413538359448232	-0.5159539412707154
868.0000000001288	-0.6508337086401881	-0.5241968929200211
868.1000000001288	-0.660313581335553	-0.5324398445693269
868.2000000001289	-0.6697934540309178	-0.5406827962186327
868.3000000001289	-0.6792733267262827	-0.5489257478679385
868.4000000001289	-0.6887531994216476	-0.5571686995172442
868.5000000001289	-0.6982330721170125	-0.56541165116655
868.600000000129	-0.7077129448123773	-0.5736546028158558
868.700000000129	-0.7171928175077422	-0.5818975544651616
868.800000000129	-0.7266726902031071	-0.5901405061144673
868.900000000129	-0.736152562898472	-0.5983834577637731
869.000000000129	-0.7456324355938369	-0.6066264094130789
869.1000000001291	-0.7551123082892017	-0.6148693610623847
869.2000000001291	-0.7645921809845666	-0.6231123127116904
869.3000000001291	-0.7740720536799315	-0.6313552643609962
869.4000000001291	-0.7835519263752964	-0.639598216010302
869.5000000001291	-0.7930317990706612	-0.6478411676596078
869.6000000001292	-0.8025116717660261	-0.6560841193089135
869.7000000001292	-0.811991544461391	-0.6643270709582193
869.8000000001292	-0.8214714171567559	-0.6725700226075251
869.9000000001292	-0.8309512898521207	-0.6808129742568308
870.0000000001293	-0.8404311625474856	-0.6890559259061366
870.1000000001293	-0.8499110352428505	-0.6972988775554424
870.2000000001293	-0.8593909079382154	-0.7055418292047482
870.3000000001293	-0.8688707806335803	-0.713784780854054
870.4000000001294	-0.8783506533289451	-0.7220277325033597
870.5000000001294	-0.88783052602431	-0.7302706841526655
870.6000000001294	-0.8973103987196749	-0.7385136358019713
870.7000000001294	-0.9067902714150398	-0.746756587451277
870.8000000001294	-0.9162701441104046	-0.7549995391005828
870.9000000001295	-0.9257500168057695	-0.7632424907498886
871.0000000001295	-0.9352298895011344	-0.7714854423991944
871.1000000001295	-0.9447097621964993	-0.7797283940485001
871.2000000001295	-0.9541896348918641	-0.7879713456978059
871.3000000001296	-0.9447097621964993	-0.7962142973471117
871.4000000001296	-0.9352298895011344	-0.8044572489964175
871.5000000001296	-0.9257500168057695	-0.8127002006457232
871.6000000001296	-0.9162701441104046	-0.820943152295029
871.7000000001296	-0.9067902714150398	-0.8291861039443348
871.8000000001297	-0.8973103987196749	-0.8374290555936406
871.9000000001297	-0.88783052602431	-0.8456720072429463
872.0000000001297	-0.8783506533289451	-0.8539149588922521
872.1000000001297	-0.8688707806335803	-0.8621579105415579
872.2000000001298	-0.8593909079382154	-0.8704008621908637
872.3000000001298	-0.8499110352428505	-0.8786438138401694
872.4000000001298	-0.8404311625474856	-0.8868867654894752
872.5000000001298	-0.8309512898521207	-0.895129717138781
872.6000000001299	-0.8214714171567559	-0.9033726687880868
872.7000000001299	-0.811991544461391	-0.9116156204373925
872.8000000001299	-0.8025116717660261	-0.9198585720866983
872.9000000001299	-0.7930317990706612	-0.9281015237360041
873.00000000013	-0.7835519263752964	-0.9363444753853098
873.10000000013	-0.7740720536799315	-0.9445874270346156
873.20000000013	-0.7645921809845666	-0.9528303786839214
873.30000000013	-0.7551123082892017	-0.9445874270346156
873.40000000013	-0.7456324355938369	-0.9363444753853098
873.5000000001301	-0.736152562898472	-0.9281015237360041
873.6000000001301	-0.7266726902031071	-0.9198585720866983
873.7000000001301	-0.7171928175077422	-0.9116156204373925
873.8000000001301	-0.7077129448123773	-0.9033726687880868
873.9000000001301	-0.6982330721170125	-0.895129717138781
874.0000000001302	-0.6887531994216476	-0.8868867654894752
874.1000000001302	-0.6792733267262827	-0.8786438138401694
874.2000000001302	-0.6697934540309178	-0.8704008621908637
874.3000000001302	-0.660313581335553	-0.8621579105415579
874.4000000001303	-0.6508337086401881	-0.8539149588922521
874.5000000001303	-0.6413538359448232	-0.8456720072429463
874.6000000001303	-0.6318739632494583	-0.8374290555936406
874.7000000001303	-0.6223940905540934	-0.8291861039443348
874.8000000001304	-0.6129142178587286	-0.820943152295029
874.9000000001304	-0.6034343451633637	-0.8127002006457232
875.0000000001304	-0.5939544724679988	-0.8044572489964175
875.1000000001304	-0.5844745997726339	-0.7962142973471117
875.2000000001304	-0.5749947270772691	-0.7879713456978059
875.3000000001305	-0.5655148543819042	-0.7797283940485001
875.4000000001305	-0.5560349816865393	-0.7714854423991944
875.5000000001305	-0.5465551089911744	-0.7632424907498886
875.6000000001305	-0.5370752362958096	-0.7549995391005828
875.7000000001306	-0.5275953636004447	-0.746756587451277
875.8000000001306	-0.5181154909050798	-0.7385136358019713
875.9000000001306	-0.5086356182097149	-0.7302706841526655
876.0000000001306	-0.49915574551435005	-0.7220277325033597
876.1000000001306	-0.48967587281898517	-0.713784780854054
876.2000000001307	-0.4801960001236203	-0.7055418292047482
876.3000000001307	-0.4707161274282554	-0.6972988775554424
876.4000000001307	-0.46123625473289054	-0.6890559259061366
876.5000000001307	-0.45175638203752566	-0.6808129742568308
876.6000000001308	-0.4422765093421608	-0.6725700226075251
876.7000000001308	-0.4327966366467959	-0.6643270709582193
876.8000000001308	-0.42331676395143103	-0.6560841193089135
876.9000000001308	-0.41383689125606615	-0.6478411676596078
877.0000000001309	-0.4043570185607013	-0.639598216010302
877.1000000001309	-0.3948771458653364	-0.6313552643609962
877.2000000001309	-0.3853972731699715	-0.6231123127116904
877.3000000001309	-0.37591740047460664	-0.6148693610623847
877.400000000131	-0.36643752777924177	-0.6066264094130789
877.500000000131	-0.3569576550838769	-0.5983834577637731
877.600000000131	-0.347477782388512	-0.5901405061144673
877.700000000131	-0.33799790969314714	-0.5818975544651616
877.800000000131	-0.32851803699778226	-0.5736546028158558
877.9000000001311	-0.3190381643024174	-0.56541165116655
878.0000000001311	-0.3095582916070525	-0.5571686995172442
878.1000000001311	-0.3000784189116876	-0.5489257478679385
878.2000000001311	-0.29059854621632275	-0.5406827962186327
878.3000000001311	-0.2811186735209579	-0.5324398445693269
878.4000000001312	-0.271638800825593	-0.5241968929200211
878.5000000001312	-0.2621589281302281	-0.5159539412707154
878.6000000001312	-0.25267905543486324	-0.5077109896214096
878.7000000001312	-0.24319918273949834	-0.49946803797210376
878.8000000001313	-0.23371931004413343	-0.49122508632279793
878.9000000001313	-0.22423943734876853	-0.4829821346734921
879.0000000001313	-0.21475956465340362	-0.4747391830241863
879.1000000001313	-0.20527969195803872	-0.46649623137488044
879.2000000001314	-0.1957998192626738	-0.4582532797255746
879.3000000001314	-0.1863199465673089	-0.4500103280762688
879.4000000001314	-0.176840073871944	-0.44176737642696295
879.5000000001314	-0.1673602011765791	-0.4335244247776571
879.6000000001314	-0.1578803284812142	-0.4252814731283513
879.7000000001315	-0.1484004557858493	-0.41703852147904547
879.8000000001315	-0.13892058309048438	-0.40879556982973964
879.9000000001315	-0.12944071039511948	-0.4005526181804338
880.0000000001315	-0.11996083769975457	-0.392309666531128
880.1000000001316	-0.11048096500438967	-0.38406671488182215
880.2000000001316	-0.10100109230902476	-0.3758237632325163
880.3000000001316	-0.09152121961365986	-0.3675808115832105
880.4000000001316	-0.08204134691829496	-0.35933785993390466
880.5000000001316	-0.07256147422293005	-0.35109490828459883
880.6000000001317	-0.06308160152756515	-0.342851956635293
880.7000000001317	-0.05360172883220025	-0.33460900498598717
880.8000000001317	-0.04412185613683535	-0.32636605333668134
880.9000000001317	-0.03464198344147045	-0.3181231016873755
881.0000000001318	-0.025162110746105554	-0.3098801500380697
881.1000000001318	-0.015682238050740656	-0.30163719838876385
881.2000000001318	-0.006202365355375758	-0.293394246739458
881.3000000001318	0.00327750733998914	-0.2851512950901522
881.4000000001319	0.012757380035354038	-0.27690834344084636
881.5000000001319	0.022237252730718936	-0.26866539179154053
881.6000000001319	0.031717125426083834	-0.2604224401422347
881.7000000001319	0.04119699812144873	-0.25217948849292887
881.800000000132	0.05067687081681363	-0.24393653684362304
881.900000000132	0.06015674351217853	-0.2356935851943172
882.000000000132	0.06963661620754343	-0.22745063354501138
882.100000000132	0.07911648890290832	-0.21920768189570555
882.200000000132	0.08859636159827322	-0.21096473024639972
882.3000000001321	0.09807623429363813	-0.2027217785970939
882.4000000001321	0.10755610698900303	-0.19447882694778806
882.5000000001321	0.11703597968436794	-0.18623587529848223
882.6000000001321	0.12651585237973284	-0.1779929236491764
882.7000000001321	0.13599572507509775	-0.16974997199987057
882.8000000001322	0.14547559777046265	-0.16150702035056475
882.9000000001322	0.15495547046582756	-0.15326406870125892
883.0000000001322	0.16443534316119246	-0.14502111705195309
883.1000000001322	0.17391521585655736	-0.13677816540264726
883.2000000001323	0.18339508855192227	-0.12853521375334143
883.3000000001323	0.19287496124728717	-0.1202922621040356
883.4000000001323	0.20235483394265208	-0.11204931045472977
883.5000000001323	0.21183470663801698	-0.10380635880542394
883.6000000001324	0.2213145793333819	-0.09556340715611811
883.7000000001324	0.2307944520287468	-0.08732045550681228
883.8000000001324	0.2402743247241117	-0.07907750385750645
883.9000000001324	0.2497541974194766	-0.07083455220820062
884.0000000001324	0.2592340701148415	-0.06259160055889479
884.1000000001325	0.2687139428102064	-0.054348648909588966
884.2000000001325	0.27819381550557126	-0.04610569726028314
884.3000000001325	0.28767368820093614	-0.03786274561097732
884.4000000001325	0.297153560896301	-0.029619793961671498
884.5000000001326	0.3066334335916659	-0.021376842312365675
884.6000000001326	0.31611330628703077	-0.013133890663059852
884.7000000001326	0.32559317898239565	-0.0048909390137540296
884.8000000001326	0.3350730516777605	0.003352012635551793
884.9000000001326	0.3445529243731254	0.011594964284857616
885.0000000001327	0.3540327970684903	0.01983791593416344
885.1000000001327	0.36351266976385516	0.02808086758346926
885.2000000001327	0.37299254245922003	0.036323819232775084
885.3000000001327	0.3824724151545849	0.04456677088208091
885.4000000001328	0.3919522878499498	0.05280972253138673
885.5000000001328	0.40143216054531466	0.06105267418069255
885.6000000001328	0.41091203324067954	0.06929562582999838
885.7000000001328	0.4203919059360444	0.0775385774793042
885.8000000001329	0.4298717786314093	0.08578152912861003
885.9000000001329	0.4393516513267742	0.09402448077791586
886.0000000001329	0.44883152402213905	0.1022674324272217
886.1000000001329	0.4583113967175039	0.11051038407652752
886.200000000133	0.4677912694128688	0.11875333572583335
886.300000000133	0.4772711421082337	0.12699628737513918
886.400000000133	0.48675101480359856	0.135239239024445
886.500000000133	0.49623088749896344	0.14348219067375084
886.600000000133	0.5057107601943284	0.15172514232305667
886.7000000001331	0.5151906328896932	0.1599680939723625
886.8000000001331	0.5246705055850581	0.16821104562166833
886.9000000001331	0.534150378280423	0.17645399727097416
887.0000000001331	0.5436302509757879	0.18469694892028
887.1000000001332	0.5531101236711528	0.19293990056958582
887.2000000001332	0.5625899963665176	0.20118285221889165
887.3000000001332	0.5720698690618825	0.20942580386819748
887.4000000001332	0.5815497417572474	0.2176687555175033
887.5000000001332	0.5910296144526123	0.22591170716680914
887.6000000001333	0.6005094871479771	0.23415465881611497
887.7000000001333	0.609989359843342	0.2423976104654208
887.8000000001333	0.6194692325387069	0.25064056211472663
887.9000000001333	0.6289491052340718	0.25888351376403246
888.0000000001334	0.6384289779294366	0.2671264654133383
888.1000000001334	0.6479088506248015	0.2753694170626441
888.2000000001334	0.6573887233201664	0.28361236871194995
888.3000000001334	0.6668685960155313	0.2918553203612558
888.4000000001334	0.6763484687108962	0.3000982720105616
888.5000000001335	0.685828341406261	0.30834122365986744
888.6000000001335	0.6953082141016259	0.31658417530917327
888.7000000001335	0.7047880867969908	0.3248271269584791
888.8000000001335	0.7142679594923557	0.3330700786077849
888.9000000001336	0.7237478321877205	0.34131303025709075
889.0000000001336	0.7332277048830854	0.3495559819063966
889.1000000001336	0.7427075775784503	0.3577989335557024
889.2000000001336	0.7521874502738152	0.36604188520500824
889.3000000001337	0.76166732296918	0.3742848368543141
889.4000000001337	0.7711471956645449	0.3825277885036199
889.5000000001337	0.7806270683599098	0.39077074015292573
889.6000000001337	0.7901069410552747	0.39901369180223156
889.7000000001337	0.7995868137506396	0.4072566434515374
889.8000000001338	0.8090666864460044	0.4154995951008432
889.9000000001338	0.8185465591413693	0.42374254675014905
890.0000000001338	0.8280264318367342	0.4319854983994549
890.1000000001338	0.8375063045320991	0.4402284500487607
890.2000000001339	0.8469861772274639	0.44847140169806654
890.3000000001339	0.8564660499228288	0.45671435334737237
890.4000000001339	0.8659459226181937	0.4649573049966782
890.5000000001339	0.8754257953135586	0.47320025664598403
890.600000000134	0.8849056680089235	0.48144320829528986
890.700000000134	0.8943855407042883	0.4896861599445957
890.800000000134	0.9038654133996532	0.4979291115939015
890.900000000134	0.9133452860950181	0.5061720632432073
891.000000000134	0.922825158790383	0.5144150148925131
891.1000000001341	0.9323050314857478	0.5226579665418188
891.2000000001341	0.9417849041811127	0.5309009181911246
891.3000000001341	0.9512647768764776	0.5391438698404304
891.4000000001341	0.9417849041811127	0.5473868214897362
891.5000000001342	0.9323050314857478	0.5556297731390419
891.6000000001342	0.922825158790383	0.5638727247883477
891.7000000001342	0.9133452860950181	0.5721156764376535
891.8000000001342	0.9038654133996532	0.5803586280869593
891.9000000001342	0.8943855407042883	0.588601579736265
892.0000000001343	0.8849056680089235	0.5968445313855708
892.1000000001343	0.8754257953135586	0.6050874830348766
892.2000000001343	0.8659459226181937	0.6133304346841824
892.3000000001343	0.8564660499228288	0.6215733863334881
892.4000000001344	0.8469861772274639	0.6298163379827939
892.5000000001344	0.8375063045320991	0.6380592896320997
892.6000000001344	0.8280264318367342	0.6463022412814055
892.7000000001344	0.8185465591413693	0.6545451929307112
892.8000000001344	0.8090666864460044	0.662788144580017
892.9000000001345	0.7995868137506396	0.6710310962293228
893.0000000001345	0.7901069410552747	0.6792740478786286
893.1000000001345	0.7806270683599098	0.6875169995279343
893.2000000001345	0.7711471956645449	0.6957599511772401
893.3000000001346	0.76166732296918	0.7040029028265459
893.4000000001346	0.7521874502738152	0.7122458544758516
893.5000000001346	0.7427075775784503	0.7204888061251574
893.6000000001346	0.7332277048830854	0.7287317577744632
893.7000000001347	0.7237478321877205	0.736974709423769
893.8000000001347	0.7142679594923557	0.7452176610730747
893.9000000001347	0.7047880867969908	0.7534606127223805
894.0000000001347	0.6953082141016259	0.7617035643716863
894.1000000001347	0.685828341406261	0.7699465160209921
894.2000000001348	0.6763484687108962	0.7781894676702978
894.3000000001348	0.6668685960155313	0.7864324193196036
894.4000000001348	0.6573887233201664	0.7946753709689094
894.5000000001348	0.6479088506248015	0.8029183226182152
894.6000000001349	0.6384289779294366	0.8111612742675209
894.7000000001349	0.6289491052340718	0.8194042259168267
894.8000000001349	0.6194692325387069	0.8276471775661325
894.9000000001349	0.609989359843342	0.8358901292154383
895.000000000135	0.6005094871479771	0.844133080864744
895.100000000135	0.5910296144526123	0.8523760325140498
895.200000000135	0.5815497417572474	0.8606189841633556
895.300000000135	0.5720698690618825	0.8688619358126614
895.400000000135	0.5625899963665176	0.8771048874619671
895.5000000001351	0.5531101236711528	0.8853478391112729
895.6000000001351	0.5436302509757879	0.8935907907605787
895.7000000001351	0.534150378280423	0.9018337424098845
895.8000000001351	0.5246705055850581	0.9100766940591902
895.9000000001352	0.5151906328896932	0.918319645708496
896.0000000001352	0.5057107601943284	0.9265625973578018
896.1000000001352	0.4962308874989635	0.9348055490071076
896.2000000001352	0.4867510148035986	0.9430485006564133
896.3000000001352	0.47727114210823374	0.9512914523057191
896.4000000001353	0.46779126941286886	0.9430485006564133
896.5000000001353	0.458311396717504	0.9348055490071076
896.6000000001353	0.4488315240221391	0.9265625973578018
896.7000000001353	0.43935165132677423	0.918319645708496
896.8000000001354	0.42987177863140935	0.9100766940591902
896.9000000001354	0.4203919059360445	0.9018337424098845
897.0000000001354	0.4109120332406796	0.8935907907605787
897.1000000001354	0.4014321605453147	0.8853478391112729
897.2000000001354	0.39195228784994984	0.8771048874619671
897.3000000001355	0.38247241515458497	0.8688619358126614
897.4000000001355	0.3729925424592201	0.8606189841633556
897.5000000001355	0.3635126697638552	0.8523760325140498
897.6000000001355	0.35403279706849033	0.844133080864744
897.7000000001356	0.34455292437312546	0.8358901292154383
897.8000000001356	0.3350730516777606	0.8276471775661325
897.9000000001356	0.3255931789823957	0.8194042259168267
898.0000000001356	0.3161133062870308	0.8111612742675209
898.1000000001357	0.30663343359166595	0.8029183226182152
898.2000000001357	0.29715356089630107	0.7946753709689094
898.3000000001357	0.2876736882009362	0.7864324193196036
898.4000000001357	0.2781938155055713	0.7781894676702978
898.5000000001357	0.26871394281020644	0.7699465160209921
898.6000000001358	0.25923407011484156	0.7617035643716863
898.7000000001358	0.24975419741947666	0.7534606127223805
898.8000000001358	0.24027432472411175	0.7452176610730747
898.9000000001358	0.23079445202874685	0.736974709423769
899.0000000001359	0.22131457933338194	0.7287317577744632
899.1000000001359	0.21183470663801704	0.7204888061251574
899.2000000001359	0.20235483394265213	0.7122458544758516
899.3000000001359	0.19287496124728723	0.7040029028265459
899.400000000136	0.18339508855192233	0.6957599511772401
899.500000000136	0.17391521585655742	0.6875169995279343
899.600000000136	0.16443534316119252	0.6792740478786286
899.700000000136	0.1549554704658276	0.6710310962293228
899.800000000136	0.1454755977704627	0.662788144580017
899.9000000001361	0.1359957250750978	0.6545451929307112
900.0000000001361	0.1265158523797329	0.6463022412814055
900.1000000001361	0.11703597968436799	0.6380592896320997
900.2000000001361	0.10755610698900309	0.6298163379827939
900.3000000001362	0.09807623429363818	0.6215733863334881
900.4000000001362	0.08859636159827328	0.6133304346841824
900.5000000001362	0.07911648890290837	0.6050874830348766
900.6000000001362	0.06963661620754347	0.5968445313855708
900.7000000001362	0.06015674351217857	0.588601579736265
900.8000000001363	0.05067687081681367	0.5803586280869593
900.9000000001363	0.04119699812144877	0.5721156764376535
901.0000000001363	0.031717125426083875	0.5638727247883477
901.1000000001363	0.022237252730718977	0.5556297731390419
901.2000000001364	0.01275738003535408	0.5473868214897362
901.3000000001364	0.0032775073399891816	0.5391438698404304
901.4000000001364	-0.006202365355375716	0.5309009181911246
901.5000000001364	-0.015682238050740614	0.5226579665418188
901.6000000001364	-0.025162110746105512	0.5144150148925131
901.7000000001365	-0.03464198344147041	0.5061720632432073
901.8000000001365	-0.04412185613683531	0.49792911159390146
901.9000000001365	-0.053601728832200206	0.48968615994459563
902.0000000001365	-0.0630816015275651	0.4814432082952898
902.1000000001366	-0.07256147422293	0.473200256645984
902.2000000001366	-0.0820413469182949	0.46495730499667814
902.3000000001366	-0.0915212196136598	0.4567143533473723
902.4000000001366	-0.10100109230902471	0.4484714016980665
902.5000000001367	-0.11048096500438961	0.44022845004876066
902.6000000001367	-0.11996083769975452	0.4319854983994548
902.7000000001367	-0.12944071039511942	0.423742546750149
902.8000000001367	-0.13892058309048433	0.41549959510084317
902.9000000001367	-0.14840045578584923	0.40725664345153734
903.0000000001368	-0.15788032848121414	0.3990136918022315
903.1000000001368	-0.16736020117657904	0.3907707401529257
903.2000000001368	-0.17684007387194395	0.38252778850361985
903.3000000001368	-0.18631994656730885	0.374284836854314
903.4000000001369	-0.19579981926267376	0.3660418852050082
903.5000000001369	-0.20527969195803866	0.35779893355570236
903.6000000001369	-0.21475956465340357	0.34955598190639653
903.7000000001369	-0.22423943734876847	0.3413130302570907
903.800000000137	-0.23371931004413338	0.33307007860778487
903.900000000137	-0.24319918273949828	0.32482712695847904
904.000000000137	-0.2526790554348632	0.3165841753091732
904.100000000137	-0.26215892813022806	0.3083412236598674
904.200000000137	-0.27163880082559294	0.30009827201056155
904.3000000001371	-0.2811186735209578	0.2918553203612557
904.4000000001371	-0.2905985462163227	0.2836123687119499
904.5000000001371	-0.30007841891168757	0.27536941706264406
904.6000000001371	-0.30955829160705245	0.26712646541333823
904.7000000001372	-0.3190381643024173	0.2588835137640324
904.8000000001372	-0.3285180369977822	0.2506405621147266
904.9000000001372	-0.3379979096931471	0.24239761046542074
905.0000000001372	-0.34747778238851196	0.2341546588161149
905.1000000001372	-0.35695765508387683	0.22591170716680908
905.2000000001373	-0.3664375277792417	0.21766875551750325
905.3000000001373	-0.3759174004746066	0.20942580386819742
905.4000000001373	-0.38539727316997147	0.2011828522188916
905.5000000001373	-0.39487714586533634	0.19293990056958576
905.6000000001374	-0.4043570185607012	0.18469694892027994
905.7000000001374	-0.4138368912560661	0.1764539972709741
905.8000000001374	-0.423316763951431	0.16821104562166828
905.9000000001374	-0.43279663664679585	0.15996809397236245
906.0000000001374	-0.44227650934216073	0.15172514232305662
906.1000000001375	-0.4517563820375256	0.1434821906737508
906.2000000001375	-0.4612362547328905	0.13523923902444496
906.3000000001375	-0.47071612742825536	0.12699628737513913
906.4000000001375	-0.48019600012362024	0.1187533357258333
906.5000000001376	-0.4896758728189851	0.11051038407652747
906.6000000001376	-0.49915574551435	0.10226743242722164
906.7000000001376	-0.5086356182097149	0.09402448077791581
906.8000000001376	-0.5181154909050798	0.08578152912860998
906.9000000001377	-0.5275953636004447	0.07753857747930415
907.0000000001377	-0.5370752362958096	0.06929562582999832
907.1000000001377	-0.5465551089911744	0.0610526741806925
907.2000000001377	-0.5560349816865393	0.052809722531386674
907.3000000001377	-0.5655148543819042	0.04456677088208085
907.4000000001378	-0.5749947270772691	0.03632381923277503
907.5000000001378	-0.5844745997726339	0.028080867583469206
907.6000000001378	-0.5939544724679988	0.019837915934163383
907.7000000001378	-0.6034343451633637	0.01159496428485756
907.8000000001379	-0.6129142178587286	0.0033520126355517377
907.9000000001379	-0.6223940905540934	-0.004890939013754085
908.0000000001379	-0.6318739632494583	-0.013133890663059908
908.1000000001379	-0.6413538359448232	-0.02137684231236573
908.200000000138	-0.6508337086401881	-0.029619793961671553
908.300000000138	-0.660313581335553	-0.037862745610977376
908.400000000138	-0.6697934540309178	-0.0461056972602832
908.500000000138	-0.6792733267262827	-0.05434864890958902
908.600000000138	-0.6887531994216476	-0.06259160055889484
908.7000000001381	-0.6982330721170125	-0.07083455220820067
908.8000000001381	-0.7077129448123773	-0.0790775038575065
908.9000000001381	-0.7171928175077422	-0.08732045550681233
909.0000000001381	-0.7266726902031071	-0.09556340715611816
909.1000000001382	-0.736152562898472	-0.10380635880542399
909.2000000001382	-0.7456324355938369	-0.11204931045472982
909.3000000001382	-0.7551123082892017	-0.12029226210403565
909.4000000001382	-0.7645921809845666	-0.12853521375334148
909.5000000001382	-0.7740720536799315	-0.1367781654026473
909.6000000001383	-0.7835519263752964	-0.14502111705195314
909.7000000001383	-0.7930317990706612	-0.15326406870125897
909.8000000001383	-0.8025116717660261	-0.1615070203505648
909.9000000001383	-0.811991544461391	-0.16974997199987063
910.0000000001384	-0.8214714171567559	-0.17799292364917646
910.1000000001384	-0.8309512898521207	-0.1862358752984823
910.2000000001384	-0.8404311625474856	-0.19447882694778812
910.3000000001384	-0.8499110352428505	-0.20272177859709395
910.4000000001384	-0.8593909079382154	-0.21096473024639978
910.5000000001385	-0.8688707806335803	-0.2192076818957056
910.6000000001385	-0.8783506533289451	-0.22745063354501144
910.7000000001385	-0.88783052602431	-0.23569358519431727
910.8000000001385	-0.8973103987196749	-0.2439365368436231
910.9000000001386	-0.9067902714150398	-0.2521794884929289
911.0000000001386	-0.9162701441104046	-0.26042244014223476
911.1000000001386	-0.9257500168057695	-0.2686653917915406
911.2000000001386	-0.9352298895011344	-0.2769083434408464
911.3000000001387	-0.9447097621964993	-0.28515129509015225
911.4000000001387	-0.9541896348918641	-0.2933942467394581
911.5000000001387	-0.9447097621964993	-0.3016371983887639
911.6000000001387	-0.9352298895011344	-0.30988015003806973
911.7000000001387	-0.9257500168057695	-0.31812310168737556
911.8000000001388	-0.9162701441104046	-0.3263660533366814
911.9000000001388	-0.9067902714150398	-0.3346090049859872
912.0000000001388	-0.8973103987196749	-0.34285195663529305
912.1000000001388	-0.88783052602431	-0.3510949082845989
912.2000000001389	-0.8783506533289451	-0.3593378599339047
912.3000000001389	-0.8688707806335803	-0.36758081158321054
912.4000000001389	-0.8593909079382154	-0.3758237632325164
912.5000000001389	-0.8499110352428505	-0.3840667148818222
912.600000000139	-0.8404311625474856	-0.39230966653112803
912.700000000139	-0.8309512898521207	-0.40055261818043386
912.800000000139	-0.8214714171567559	-0.4087955698297397
912.900000000139	-0.811991544461391	-0.4170385214790455
913.000000000139	-0.8025116717660261	-0.42528147312835135
913.1000000001391	-0.7930317990706612	-0.4335244247776572
913.2000000001391	-0.7835519263752964	-0.441767376426963
913.3000000001391	-0.7740720536799315	-0.45001032807626884
913.4000000001391	-0.7645921809845666	-0.45825327972557467
913.5000000001392	-0.7551123082892017	-0.4664962313748805
913.6000000001392	-0.7456324355938369	-0.47473918302418633
913.7000000001392	-0.736152562898472	-0.48298213467349216
913.8000000001392	-0.7266726902031071	-0.491225086322798
913.9000000001392	-0.7171928175077422	-0.4994680379721038
914.0000000001393	-0.7077129448123773	-0.5077109896214096
914.1000000001393	-0.6982330721170125	-0.5159539412707154
914.2000000001393	-0.6887531994216476	-0.5241968929200211
914.3000000001393	-0.6792733267262827	-0.5324398445693269
914.4000000001394	-0.6697934540309178	-0.5406827962186327
914.5000000001394	-0.660313581335553	-0.5489257478679385
914.6000000001394	-0.6508337086401881	-0.5571686995172442
914.7000000001394	-0.6413538359448232	-0.56541165116655
914.8000000001394	-0.6318739632494583	-0.5736546028158558
914.9000000001395	-0.6223940905540934	-0.5818975544651616
915.0000000001395	-0.6129142178587286	-0.5901405061144673
915.1000000001395	-0.6034343451633637	-0.5983834577637731
915.2000000001395	-0.5939544724679988	-0.6066264094130789
915.3000000001396	-0.5844745997726339	-0.6148693610623847
915.4000000001396	-0.5749947270772691	-0.6231123127116904
915.5000000001396	-0.5655148543819042	-0.6313552643609962
915.6000000001396	-0.5560349816865393	-0.639598216010302
915.7000000001397	-0.5465551089911744	-0.6478411676596078
915.8000000001397	-0.5370752362958096	-0.6560841193089135
915.9000000001397	-0.5275953636004447	-0.6643270709582193
916.0000000001397	-0.5181154909050798	-0.6725700226075251
916.1000000001397	-0.5086356182097149	-0.6808129742568308
916.2000000001398	-0.49915574551435005	-0.6890559259061366
916.3000000001398	-0.48967587281898517	-0.6972988775554424
916.4000000001398	-0.4801960001236203	-0.7055418292047482
916.5000000001398	-0.4707161274282554	-0.713784780854054
916.6000000001399	-0.46123625473289054	-0.7220277325033597
916.7000000001399	-0.45175638203752566	-0.7302706841526655
916.8000000001399	-0.4422765093421608	-0.7385136358019713
916.9000000001399	-0.4327966366467959	-0.746756587451277
917.00000000014	-0.42331676395143103	-0.7549995391005828
917.10000000014	-0.41383689125606615	-0.7632424907498886
917.20000000014	-0.4043570185607013	-0.7714854423991944
917.30000000014	-0.3948771458653364	-0.7797283940485001
917.40000000014	-0.3853972731699715	-0.7879713456978059
917.5000000001401	-0.37591740047460664	-0.7962142973471117
917.6000000001401	-0.36643752777924177	-0.8044572489964175
917.7000000001401	-0.3569576550838769	-0.8127002006457232
917.8000000001401	-0.347477782388512	-0.820943152295029
917.9000000001402	-0.33799790969314714	-0.8291861039443348
918.0000000001402	-0.32851803699778226	-0.8374290555936406
918.1000000001402	-0.3190381643024174	-0.8456720072429463
918.2000000001402	-0.3095582916070525	-0.8539149588922521
918.3000000001402	-0.3000784189116876	-0.8621579105415579
918.4000000001403	-0.29059854621632275	-0.8704008621908637
918.5000000001403	-0.2811186735209579	-0.8786438138401694
918.6000000001403	-0.271638800825593	-0.8868867654894752
918.7000000001403	-0.2621589281302281	-0.895129717138781
918.8000000001404	-0.25267905543486324	-0.9033726687880868
918.9000000001404	-0.24319918273949834	-0.9116156204373925
919.0000000001404	-0.23371931004413343	-0.9198585720866983
919.1000000001404	-0.22423943734876853	-0.9281015237360041
919.2000000001404	-0.21475956465340362	-0.9363444753853098
919.3000000001405	-0.20527969195803872	-0.9445874270346156
919.4000000001405	-0.1957998192626738	-0.9528303786839214
919.5000000001405	-0.1863199465673089	-0.9445874270346156
919.6000000001405	-0.176840073871944	-0.9363444753853098
919.7000000001406	-0.1673602011765791	-0.9281015237360041
919.8000000001406	-0.1578803284812142	-0.9198585720866983
919.9000000001406	-0.1484004557858493	-0.9116156204373925
920.0000000001406	-0.13892058309048438	-0.9033726687880868
920.1000000001407	-0.12944071039511948	-0.895129717138781
920.2000000001407	-0.11996083769975457	-0.8868867654894752
920.3000000001407	-0.11048096500438967	-0.8786438138401694
920.4000000001407	-0.10100109230902476	-0.8704008621908637
920.5000000001407	-0.09152121961365986	-0.8621579105415579
920.6000000001408	-0.08204134691829496	-0.8539149588922521
920.7000000001408	-0.07256147422293005	-0.8456720072429463
920.8000000001408	-0.06308160152756515	-0.8374290555936406
920.9000000001408	-0.05360172883220025	-0.8291861039443348
921.0000000001409	-0.04412185613683535	-0.820943152295029
921.1000000001409	-0.03464198344147045	-0.8127002006457232
921.2000000001409	-0.025162110746105554	-0.8044572489964175
921.3000000001409	-0.015682238050740656	-0.7962142973471117
921.400000000141	-0.006202365355375758	-0.7879713456978059
921.500000000141	0.00327750733998914	-0.7797283940485001
921.600000000141	0.012757380035354038	-0.7714854423991944
921.700000000141	0.022237252730718936	-0.7632424907498886
921.800000000141	0.031717125426083834	-0.7549995391005828
921.9000000001411	0.04119699812144873	-0.746756587451277
922.0000000001411	0.05067687081681363	-0.7385136358019713
922.1000000001411	0.06015674351217853	-0.7302706841526655
922.2000000001411	0.06963661620754343	-0.7220277325033597
922.3000000001412	0.07911648890290832	-0.713784780854054
922.4000000001412	0.08859636159827322	-0.7055418292047482
922.5000000001412	0.09807623429363813	-0.6972988775554424
922.6000000001412	0.10755610698900303	-0.6890559259061366
922.7000000001412	0.11703597968436794	-0.6808129742568308
922.8000000001413	0.12651585237973284	-0.6725700226075251
922.9000000001413	0.13599572507509775	-0.6643270709582193
923.0000000001413	0.14547559777046265	-0.6560841193089135
923.1000000001413	0.15495547046582756	-0.6478411676596078
923.2000000001414	0.16443534316119246	-0.639598216010302
923.3000000001414	0.17391521585655736	-0.6313552643609962
923.4000000001414	0.18339508855192227	-0.6231123127116904
923.5000000001414	0.19287496124728717	-0.6148693610623847
923.6000000001414	0.20235483394265208	-0.6066264094130789
923.7000000001415	0.21183470663801698	-0.5983834577637731
923.8000000001415	0.2213145793333819	-0.5901405061144673
923.9000000001415	0.2307944520287468	-0.5818975544651616
924.0000000001415	0.2402743247241117	-0.5736546028158558
924.1000000001416	0.2497541974194766	-0.56541165116655
924.2000000001416	0.2592340701148415	-0.5571686995172442
924.3000000001416	0.2687139428102064	-0.5489257478679385
924.4000000001416	0.27819381550557126	-0.5406827962186327
924.5000000001417	0.28767368820093614	-0.5324398445693269
924.6000000001417	0.297153560896301	-0.5241968929200211
924.7000000001417	0.3066334335916659	-0.5159539412707154
924.8000000001417	0.31611330628703077	-0.5077109896214096
924.9000000001417	0.32559317898239565	-0.49946803797210376
925.0000000001418	0.3350730516777605	-0.49122508632279793
925.1000000001418	0.3445529243731254	-0.4829821346734921
925.2000000001418	0.3540327970684903	-0.4747391830241863
925.3000000001418	0.36351266976385516	-0.46649623137488044
925.4000000001419	0.37299254245922003	-0.4582532797255746
925.5000000001419	0.3824724151545849	-0.4500103280762688
925.6000000001419	0.3919522878499498	-0.44176737642696295
925.7000000001419	0.40143216054531466	-0.4335244247776571
925.800000000142	0.41091203324067954	-0.4252814731283513
925.900000000142	0.4203919059360444	-0.41703852147904547
926.000000000142	0.4298717786314093	-0.40879556982973964
926.100000000142	0.4393516513267742	-0.4005526181804338
926.200000000142	0.44883152402213905	-0.392309666531128
926.3000000001421	0.4583113967175039	-0.38406671488182215
926.4000000001421	0.4677912694128688	-0.3758237632325163
926.5000000001421	0.4772711421082337	-0.3675808115832105
926.6000000001421	0.48675101480359856	-0.35933785993390466
926.7000000001422	0.49623088749896344	-0.35109490828459883
926.8000000001422	0.5057107601943284	-0.342851956635293
926.9000000001422	0.5151906328896932	-0.33460900498598717
927.0000000001422	0.5246705055850581	-0.32636605333668134
927.1000000001422	0.534150378280423	-0.3181231016873755
927.2000000001423	0.5436302509757879	-0.3098801500380697
927.3000000001423	0.5531101236711528	-0.30163719838876385
927.4000000001423	0.5625899963665176	-0.293394246739458
927.5000000001423	0.5720698690618825	-0.2851512950901522
927.6000000001424	0.5815497417572474	-0.27690834344084636
927.7000000001424	0.5910296144526123	-0.26866539179154053
927.8000000001424	0.6005094871479771	-0.2604224401422347
927.9000000001424	0.609989359843342	-0.25217948849292887
928.0000000001424	0.6194692325387069	-0.24393653684362304
928.1000000001425	0.6289491052340718	-0.2356935851943172
928.2000000001425	0.6384289779294366	-0.22745063354501138
928.3000000001425	0.6479088506248015	-0.21920768189570555
928.4000000001425	0.6573887233201664	-0.21096473024639972
928.5000000001426	0.6668685960155313	-0.2027217785970939
928.6000000001426	0.6763484687108962	-0.19447882694778806
928.7000000001426	0.685828341406261	-0.18623587529848223
928.8000000001426	0.6953082141016259	-0.1779929236491764
928.9000000001427	0.7047880867969908	-0.16974997199987057
929.0000000001427	0.7142679594923557	-0.16150702035056475
929.1000000001427	0.7237478321877205	-0.15326406870125892
929.2000000001427	0.7332277048830854	-0.14502111705195309
929.3000000001427	0.7427075775784503	-0.13677816540264726
929.4000000001428	0.7521874502738152	-0.12853521375334143
929.5000000001428	0.76166732296918	-0.1202922621040356
929.6000000001428	0.7711471956645449	-0.11204931045472977
929.7000000001428	0.7806270683599098	-0.10380635880542394
929.8000000001429	0.7901069410552747	-0.09556340715611811
929.9000000001429	0.7995868137506396	-0.08732045550681228
930.0000000001429	0.8090666864460044	-0.07907750385750645
930.1000000001429	0.8185465591413693	-0.07083455220820062
930.200000000143	0.8280264318367342	-0.06259160055889479
930.300000000143	0.8375063045320991	-0.054348648909588966
930.400000000143	0.8469861772274639	-0.04610569726028314
930.500000000143	0.8564660499228288	-0.03786274561097732
930.600000000143	0.8659459226181937	-0.029619793961671498
930.7000000001431	0.8754257953135586	-0.021376842312365675
930.8000000001431	0.8849056680089235	-0.013133890663059852
930.9000000001431	0.8943855407042883	-0.0048909390137540296
931.0000000001431	0.9038654133996532	0.003352012635551793
931.1000000001432	0.9133452860950181	0.011594964284857616
931.2000000001432	0.922825158790383	0.01983791593416344
931.3000000001432	0.9323050314857478	0.02808086758346926
931.4000000001432	0.9417849041811127	0.036323819232775084
931.5000000001432	0.9512647768764776	0.04456677088208091
931.6000000001433	0.9417849041811127	0.05280972253138673
931.7000000001433	0.9323050314857478	0.06105267418069255
931.8000000001433	0.922825158790383	0.06929562582999838
931.9000000001433	0.9133452860950181	0.0775385774793042
932.0000000001434	0.9038654133996532	0.08578152912861003
932.1000000001434	0.8943855407042883	0.09402448077791586
932.2000000001434	0.8849056680089235	0.1022674324272217
932.3000000001434	0.8754257953135586	0.11051038407652752
932.4000000001435	0.8659459226181937	0.11875333572583335
932.5000000001435	0.8564660499228288	0.12699628737513918
932.6000000001435	0.8469861772274639	0.135239239024445
932.7000000001435	0.8375063045320991	0.14348219067375084
932.8000000001435	0.8280264318367342	0.15172514232305667
932.9000000001436	0.8185465591413693	0.1599680939723625
933.0000000001436	0.8090666864460044	0.16821104562166833
933.1000000001436	0.7995868137506396	0.17645399727097416
933.2000000001436	0.7901069410552747	0.18469694892028
933.3000000001437	0.7806270683599098	0.19293990056958582
933.4000000001437	0.7711471956645449	0.20118285221889165
933.5000000001437	0.76166732296918	0.20942580386819748
933.6000000001437	0.7521874502738152	0.2176687555175033
933.7000000001437	0.7427075775784503	0.22591170716680914
933.8000000001438	0.7332277048830854	0.23415465881611497
933.9000000001438	0.7237478321877205	0.2423976104654208
934.0000000001438	0.7142679594923557	0.25064056211472663
934.1000000001438	0.7047880867969908	0.25888351376403246
934.2000000001439	0.6953082141016259	0.2671264654133383
934.3000000001439	0.685828341406261	0.2753694170626441
934.4000000001439	0.6763484687108962	0.28361236871194995
934.5000000001439	0.6668685960155313	0.2918553203612558
934.600000000144	0.6573887233201664	0.3000982720105616
934.700000000144	0.6479088506248015	0.30834122365986744
934.800000000144	0.6384289779294366	0.31658417530917327
934.900000000144	0.6289491052340718	0.3248271269584791
935.000000000144	0.6194692325387069	0.3330700786077849
935.1000000001441	0.609989359843342	0.34131303025709075
935.2000000001441	0.6005094871479771	0.3495559819063966
935.3000000001441	0.5910296144526123	0.3577989335557024
935.4000000001441	0.5815497417572474	0.36604188520500824
935.5000000001442	0.5720698690618825	0.3742848368543141
935.6000000001442	0.5625899963665176	0.3825277885036199
935.7000000001442	0.5531101236711528	0.39077074015292573
935.8000000001442	0.5436302509757879	0.39901369180223156
935.9000000001442	0.534150378280423	0.4072566434515374
936.0000000001443	0.5246705055850581	0.4154995951008432
936.1000000001443	0.5151906328896932	0.42374254675014905
936.2000000001443	0.5057107601943284	0.4319854983994549
936.3000000001443	0.4962308874989635	0.4402284500487607
936.4000000001444	0.4867510148035986	0.44847140169806654
936.5000000001444	0.47727114210823374	0.45671435334737237
936.6000000001444	0.46779126941286886	0.4649573049966782
936.7000000001444	0.458311396717504	0.47320025664598403
936.8000000001445	0.4488315240221391	0.48144320829528986
936.9000000001445	0.43935165132677423	0.4896861599445957
937.0000000001445	0.42987177863140935	0.4979291115939015
937.1000000001445	0.4203919059360445	0.5061720632432073
937.2000000001445	0.4109120332406796	0.5144150148925131
937.3000000001446	0.4014321605453147	0.5226579665418188
937.4000000001446	0.39195228784994984	0.5309009181911246
937.5000000001446	0.38247241515458497	0.5391438698404304
937.6000000001446	0.3729925424592201	0.5473868214897362
937.7000000001447	0.3635126697638552	0.5556297731390419
937.8000000001447	0.35403279706849033	0.5638727247883477
937.9000000001447	0.34455292437312546	0.5721156764376535
938.0000000001447	0.3350730516777606	0.5803586280869593
938.1000000001447	0.3255931789823957	0.588601579736265
938.2000000001448	0.3161133062870308	0.5968445313855708
938.3000000001448	0.30663343359166595	0.6050874830348766
938.4000000001448	0.29715356089630107	0.6133304346841824
938.5000000001448	0.2876736882009362	0.6215733863334881
938.6000000001449	0.2781938155055713	0.6298163379827939
938.7000000001449	0.26871394281020644	0.6380592896320997
938.8000000001449	0.25923407011484156	0.6463022412814055
938.9000000001449	0.24975419741947666	0.6545451929307112
939.000000000145	0.24027432472411175	0.662788144580017
939.100000000145	0.23079445202874685	0.6710310962293228
939.200000000145	0.22131457933338194	0.6792740478786286
939.300000000145	0.21183470663801704	0.6875169995279343
939.400000000145	0.20235483394265213	0.6957599511772401
939.5000000001451	0.19287496124728723	0.7040029028265459
939.6000000001451	0.18339508855192233	0.7122458544758516
939.7000000001451	0.17391521585655742	0.7204888061251574
939.8000000001451	0.16443534316119252	0.7287317577744632
939.9000000001452	0.1549554704658276	0.736974709423769
940.0000000001452	0.1454755977704627	0.7452176610730747
940.1000000001452	0.1359957250750978	0.7534606127223805
940.2000000001452	0.1265158523797329	0.7617035643716863
940.3000000001452	0.11703597968436799	0.7699465160209921
940.4000000001453	0.10755610698900309	0.7781894676702978
940.5000000001453	0.09807623429363818	0.7864324193196036
940.6000000001453	0.08859636159827328	0.7946753709689094
940.7000000001453	0.07911648890290837	0.8029183226182152
940.8000000001454	0.06963661620754347	0.8111612742675209
940.9000000001454	0.06015674351217857	0.8194042259168267
941.0000000001454	0.05067687081681367	0.8276471775661325
941.1000000001454	0.04119699812144877	0.8358901292154383
941.2000000001455	0.031717125426083875	0.844133080864744
941.3000000001455	0.022237252730718977	0.8523760325140498
941.4000000001455	0.01275738003535408	0.8606189841633556
941.5000000001455	0.0032775073399891816	0.8688619358126614
941.6000000001455	-0.006202365355375716	0.8771048874619671
941.7000000001456	-0.015682238050740614	0.8853478391112729
941.8000000001456	-0.025162110746105512	0.8935907907605787
941.9000000001456	-0.03464198344147041	0.9018337424098845
942.0000000001456	-0.04412185613683531	0.9100766940591902
942.1000000001457	-0.053601728832200206	0.918319645708496
942.2000000001457	-0.0630816015275651	0.9265625973578018
942.3000000001457	-0.07256147422293	0.9348055490071076
942.4000000001457	-0.0820413469182949	0.9430485006564133
942.5000000001457	-0.0915212196136598	0.9512914523057191
942.6000000001458	-0.10100109230902471	0.9430485006564133
942.7000000001458	-0.11048096500438961	0.9348055490071076
942.8000000001458	-0.11996083769975452	0.9265625973578018
942.9000000001458	-0.12944071039511942	0.918319645708496
943.0000000001459	-0.13892058309048433	0.9100766940591902
943.1000000001459	-0.14840045578584923	0.9018337424098845
943.2000000001459	-0.15788032848121414	0.8935907907605787
943.3000000001459	-0.16736020117657904	0.8853478391112729
943.400000000146	-0.17684007387194395	0.8771048874619671
943.500000000146	-0.18631994656730885	0.8688619358126614
943.600000000146	-0.19579981926267376	0.8606189841633556
943.700000000146	-0.20527969195803866	0.8523760325140498
943.800000000146	-0.21475956465340357	0.844133080864744
943.9000000001461	-0.22423943734876847	0.8358901292154383
944.0000000001461	-0.23371931004413338	0.8276471775661325
944.1000000001461	-0.24319918273949828	0.8194042259168267
944.2000000001461	-0.2526790554348632	0.8111612742675209
944.3000000001462	-0.26215892813022806	0.8029183226182152
944.4000000001462	-0.27163880082559294	0.7946753709689094
944.5000000001462	-0.2811186735209578	0.7864324193196036
944.6000000001462	-0.2905985462163227	0.7781894676702978
944.7000000001462	-0.30007841891168757	0.7699465160209921
944.8000000001463	-0.30955829160705245	0.7617035643716863
944.9000000001463	-0.3190381643024173	0.7534606127223805
945.0000000001463	-0.3285180369977822	0.7452176610730747
945.1000000001463	-0.3379979096931471	0.736974709423769
945.2000000001464	-0.34747778238851196	0.7287317577744632
945.3000000001464	-0.35695765508387683	0.7204888061251574
945.4000000001464	-0.3664375277792417	0.7122458544758516
945.5000000001464	-0.3759174004746066	0.7040029028265459
945.6000000001465	-0.38539727316997147	0.6957599511772401
945.7000000001465	-0.39487714586533634	0.6875169995279343
945.8000000001465	-0.4043570185607012	0.6792740478786286
945.9000000001465	-0.4138368912560661	0.6710310962293228
946.0000000001465	-0.423316763951431	0.662788144580017
946.1000000001466	-0.43279663664679585	0.6545451929307112
946.2000000001466	-0.44227650934216073	0.6463022412814055
946.3000000001466	-0.4517563820375256	0.6380592896320997
946.4000000001466	-0.4612362547328905	0.6298163379827939
946.5000000001467	-0.47071612742825536	0.6215733863334881
946.6000000001467	-0.48019600012362024	0.6133304346841824
946.7000000001467	-0.4896758728189851	0.6050874830348766
946.8000000001467	-0.49915574551435	0.5968445313855708
946.9000000001467	-0.5086356182097149	0.588601579736265
947.0000000001468	-0.5181154909050798	0.5803586280869593
947.1000000001468	-0.5275953636004447	0.5721156764376535
947.2000000001468	-0.5370752362958096	0.5638727247883477
947.3000000001468	-0.5465551089911744	0.5556297731390419
947.4000000001469	-0.5560349816865393	0.5473868214897362
947.5000000001469	-0.5655148543819042	0.5391438698404304
947.6000000001469	-0.5749947270772691	0.5309009181911246
947.7000000001469	-0.5844745997726339	0.5226579665418188
947.800000000147	-0.5939544724679988	0.5144150148925131
947.900000000147	-0.6034343451633637	0.5061720632432073
948.000000000147	-0.6129142178587286	0.49792911159390146
948.100000000147	-0.6223940905540934	0.48968615994459563
948.200000000147	-0.6318739632494583	0.4814432082952898
948.3000000001471	-0.6413538359448232	0.473200256645984
948.4000000001471	-0.6508337086401881	0.46495730499667814
948.5000000001471	-0.660313581335553	0.4567143533473723
948.6000000001471	-0.6697934540309178	0.4484714016980665
948.7000000001472	-0.6792733267262827	0.44022845004876066
948.8000000001472	-0.6887531994216476	0.4319854983994548
948.9000000001472	-0.6982330721170125	0.423742546750149
949.0000000001472	-0.7077129448123773	0.41549959510084317
949.1000000001472	-0.7171928175077422	0.40725664345153734
949.2000000001473	-0.7266726902031071	0.3990136918022315
949.3000000001473	-0.736152562898472	0.3907707401529257
949.4000000001473	-0.7456324355938369	0.38252778850361985
949.5000000001473	-0.7551123082892017	0.374284836854314
949.6000000001474	-0.7645921809845666	0.3660418852050082
949.7000000001474	-0.7740720536799315	0.35779893355570236
949.8000000001474	-0.7835519263752964	0.34955598190639653
949.9000000001474	-0.7930317990706612	0.3413130302570907
950.0000000001475	-0.8025116717660261	0.33307007860778487
950.1000000001475	-0.811991544461391	0.32482712695847904
950.2000000001475	-0.8214714171567559	0.3165841753091732
950.3000000001475	-0.8309512898521207	0.3083412236598674
950.4000000001475	-0.8404311625474856	0.30009827201056155
950.5000000001476	-0.8499110352428505	0.2918553203612557
950.6000000001476	-0.8593909079382154	0.2836123687119499
950.7000000001476	-0.8688707806335803	0.27536941706264406
950.8000000001476	-0.8783506533289451	0.26712646541333823
950.9000000001477	-0.88783052602431	0.2588835137640324
951.0000000001477	-0.8973103987196749	0.2506405621147266
951.1000000001477	-0.9067902714150398	0.24239761046542074
951.2000000001477	-0.9162701441104046	0.2341546588161149
951.3000000001477	-0.9257500168057695	0.22591170716680908
951.4000000001478	-0.9352298895011344	0.21766875551750325
951.5000000001478	-0.9447097621964993	0.20942580386819742
951.6000000001478	-0.9541896348918641	0.2011828522188916
951.7000000001478	-0.9447097621964993	0.19293990056958576
951.8000000001479	-0.9352298895011344	0.18469694892027994
951.9000000001479	-0.9257500168057695	0.1764539972709741
952.0000000001479	-0.9162701441104046	0.16821104562166828
952.1000000001479	-0.9067902714150398	0.15996809397236245
952.200000000148	-0.8973103987196749	0.15172514232305662
952.300000000148	-0.88783052602431	0.1434821906737508
952.400000000148	-0.8783506533289451	0.13523923902444496
952.500000000148	-0.8688707806335803	0.12699628737513913
952.600000000148	-0.8593909079382154	0.1187533357258333
952.7000000001481	-0.8499110352428505	0.11051038407652747
952.8000000001481	-0.8404311625474856	0.10226743242722164
952.9000000001481	-0.8309512898521207	0.09402448077791581
953.0000000001481	-0.8214714171567559	0.08578152912860998
953.1000000001482	-0.811991544461391	0.07753857747930415
953.2000000001482	-0.8025116717660261	0.06929562582999832
953.3000000001482	-0.7930317990706612	0.0610526741806925
953.4000000001482	-0.7835519263752964	0.052809722531386674
953.5000000001482	-0.7740720536799315	0.04456677088208085
953.6000000001483	-0.7645921809845666	0.03632381923277503
953.7000000001483	-0.7551123082892017	0.028080867583469206
953.8000000001483	-0.7456324355938369	0.019837915934163383
953.9000000001483	-0.736152562898472	0.01159496428485756
954.0000000001484	-0.7266726902031071	0.0033520126355517377
954.1000000001484	-0.7171928175077422	-0.004890939013754085
954.2000000001484	-0.7077129448123773	-0.013133890663059908
954.3000000001484	-0.6982330721170125	-0.02137684231236573
954.4000000001485	-0.6887531994216476	-0.029619793961671553
954.5000000001485	-0.6792733267262827	-0.037862745610977376
954.6000000001485	-0.6697934540309178	-0.0461056972602832
954.7000000001485	-0.660313581335553	-0.05434864890958902
954.8000000001485	-0.6508337086401881	-0.06259160055889484
954.9000000001486	-0.6413538359448232	-0.07083455220820067
955.0000000001486	-0.6318739632494583	-0.0790775038575065
955.1000000001486	-0.6223940905540934	-0.08732045550681233
955.2000000001486	-0.6129142178587286	-0.09556340715611816
955.3000000001487	-0.6034343451633637	-0.10380635880542399
955.4000000001487	-0.5939544724679988	-0.11204931045472982
955.5000000001487	-0.5844745997726339	-0.12029226210403565
955.6000000001487	-0.5749947270772691	-0.12853521375334148
955.7000000001487	-0.5655148543819042	-0.1367781654026473
955.8000000001488	-0.5560349816865393	-0.14502111705195314
955.9000000001488	-0.5465551089911744	-0.15326406870125897
956.0000000001488	-0.5370752362958096	-0.1615070203505648
956.1000000001488	-0.5275953636004447	-0.16974997199987063
956.2000000001489	-0.5181154909050798	-0.17799292364917646
956.3000000001489	-0.5086356182097149	-0.1862358752984823
956.4000000001489	-0.49915574551435005	-0.19447882694778812
956.5000000001489	-0.48967587281898517	-0.20272177859709395
956.600000000149	-0.4801960001236203	-0.21096473024639978
956.700000000149	-0.4707161274282554	-0.2192076818957056
956.800000000149	-0.46123625473289054	-0.22745063354501144
956.900000000149	-0.45175638203752566	-0.23569358519431727
957.000000000149	-0.4422765093421608	-0.2439365368436231
957.1000000001491	-0.4327966366467959	-0.2521794884929289
957.2000000001491	-0.42331676395143103	-0.26042244014223476
957.3000000001491	-0.41383689125606615	-0.2686653917915406
957.4000000001491	-0.4043570185607013	-0.2769083434408464
957.5000000001492	-0.3948771458653364	-0.28515129509015225
957.6000000001492	-0.3853972731699715	-0.2933942467394581
957.7000000001492	-0.37591740047460664	-0.3016371983887639
957.8000000001492	-0.36643752777924177	-0.30988015003806973
957.9000000001492	-0.3569576550838769	-0.31812310168737556
958.0000000001493	-0.347477782388512	-0.3263660533366814
958.1000000001493	-0.33799790969314714	-0.3346090049859872
958.2000000001493	-0.32851803699778226	-0.34285195663529305
958.3000000001493	-0.3190381643024174	-0.3510949082845989
958.4000000001494	-0.3095582916070525	-0.3593378599339047
958.5000000001494	-0.3000784189116876	-0.36758081158321054
958.6000000001494	-0.29059854621632275	-0.3758237632325164
958.7000000001494	-0.2811186735209579	-0.3840667148818222
958.8000000001495	-0.271638800825593	-0.39230966653112803
958.9000000001495	-0.2621589281302281	-0.40055261818043386
959.0000000001495	-0.25267905543486324	-0.4087955698297397
959.1000000001495	-0.24319918273949834	-0.4170385214790455
959.2000000001495	-0.23371931004413343	-0.42528147312835135
959.3000000001496	-0.22423943734876853	-0.4335244247776572
959.4000000001496	-0.21475956465340362	-0.441767376426963
959.5000000001496	-0.20527969195803872	-0.45001032807626884
959.6000000001496	-0.1957998192626738	-0.45825327972557467
959.7000000001497	-0.1863199465673089	-0.4664962313748805
959.8000000001497	-0.176840073871944	-0.47473918302418633
959.9000000001497	-0.1673602011765791	-0.48298213467349216
960.0000000001497	-0.1578803284812142	-0.491225086322798
960.1000000001497	-0.1484004557858493	-0.4994680379721038
960.2000000001498	-0.13892058309048438	-0.5077109896214096
960.3000000001498	-0.12944071039511948	-0.5159539412707154
960.4000000001498	-0.11996083769975457	-0.5241968929200211
960.5000000001498	-0.11048096500438967	-0.5324398445693269
960.6000000001499	-0.10100109230902476	-0.5406827962186327
960.7000000001499	-0.09152121961365986	-0.5489257478679385
960.8000000001499	-0.08204134691829496	-0.5571686995172442
960.9000000001499	-0.07256147422293005	-0.56541165116655
961.00000000015	-0.06308160152756515	-0.5736546028158558
961.10000000015	-0.05360172883220025	-0.5818975544651616
961.20000000015	-0.04412185613683535	-0.5901405061144673
961.30000000015	-0.03464198344147045	-0.5983834577637731
961.40000000015	-0.025162110746105554	-0.6066264094130789
961.5000000001501	-0.015682238050740656	-0.6148693610623847
961.6000000001501	-0.006202365355375758	-0.6231123127116904
961.7000000001501	0.00327750733998914	-0.6313552643609962
961.8000000001501	0.012757380035354038	-0.639598216010302
961.9000000001502	0.022237252730718936	-0.6478411676596078
962.0000000001502	0.031717125426083834	-0.6560841193089135
962.1000000001502	0.04119699812144873	-0.6643270709582193
962.2000000001502	0.05067687081681363	-0.6725700226075251
962.3000000001502	0.06015674351217853	-0.6808129742568308
962.4000000001503	0.06963661620754343	-0.6890559259061366
962.5000000001503	0.07911648890290832	-0.6972988775554424
962.6000000001503	0.08859636159827322	-0.7055418292047482
962.7000000001503	0.09807623429363813	-0.713784780854054
962.8000000001504	0.10755610698900303	-0.7220277325033597
962.9000000001504	0.11703597968436794	-0.7302706841526655
963.0000000001504	0.12651585237973284	-0.7385136358019713
963.1000000001504	0.13599572507509775	-0.746756587451277
963.2000000001505	0.14547559777046265	-0.7549995391005828
963.3000000001505	0.15495547046582756	-0.7632424907498886
963.4000000001505	0.16443534316119246	-0.7714854423991944
963.5000000001505	0.17391521585655736	-0.7797283940485001
963.6000000001505	0.18339508855192227	-0.7879713456978059
963.7000000001506	0.19287496124728717	-0.7962142973471117
963.8000000001506	0.20235483394265208	-0.8044572489964175
963.9000000001506	0.21183470663801698	-0.8127002006457232
964.0000000001506	0.2213145793333819	-0.820943152295029
964.1000000001507	0.2307944520287468	-0.8291861039443348
964.2000000001507	0.2402743247241117	-0.8374290555936406
964.3000000001507	0.2497541974194766	-0.8456720072429463
964.4000000001507	0.2592340701148415	-0.8539149588922521
964.5000000001507	0.2687139428102064	-0.8621579105415579
964.6000000001508	0.27819381550557126	-0.8704008621908637
964.7000000001508	0.28767368820093614	-0.8786438138401694
964.8000000001508	0.297153560896301	-0.8868867654894752
964.9000000001508	0.3066334335916659	-0.895129717138781
965.0000000001509	0.31611330628703077	-0.9033726687880868
965.1000000001509	0.32559317898239565	-0.9116156204373925
965.2000000001509	0.3350730516777605	-0.9198585720866983
965.3000000001509	0.3445529243731254	-0.9281015237360041
965.400000000151	0.3540327970684903	-0.9363444753853098
965.500000000151	0.36351266976385516	-0.9445874270346156
965.600000000151	0.37299254245922003	-0.9528303786839214
965.700000000151	0.3824724151545849	-0.9445874270346156
965.800000000151	0.3919522878499498	-0.9363444753853098
965.9000000001511	0.40143216054531466	-0.9281015237360041
966.0000000001511	0.41091203324067954	-0.9198585720866983
966.1000000001511	0.4203919059360444	-0.9116156204373925
966.2000000001511	0.4298717786314093	-0.9033726687880868
966.3000000001512	0.4393516513267742	-0.895129717138781
966.4000000001512	0.44883152402213905	-0.8868867654894752
966.5000000001512	0.4583113967175039	-0.8786438138401694
966.6000000001512	0.4677912694128688	-0.8704008621908637
966.7000000001512	0.4772711421082337	-0.8621579105415579
966.8000000001513	0.48675101480359856	-0.8539149588922521
966.9000000001513	0.49623088749896344	-0.8456720072429463
967.0000000001513	0.5057107601943284	-0.8374290555936406
967.1000000001513	0.5151906328896932	-0.8291861039443348
967.2000000001514	0.5246705055850581	-0.820943152295029
967.3000000001514	0.534150378280423	-0.8127002006457232
967.4000000001514	0.5436302509757879	-0.8044572489964175
967.5000000001514	0.5531101236711528	-0.7962142973471117
967.6000000001515	0.5625899963665176	-0.7879713456978059
967.7000000001515	0.5720698690618825	-0.7797283940485001
967.8000000001515	0.5815497417572474	-0.7714854423991944
967.9000000001515	0.5910296144526123	-0.7632424907498886
968.0000000001515	0.6005094871479771	-0.7549995391005828
968.1000000001516	0.609989359843342	-0.746756587451277
968.2000000001516	0.6194692325387069	-0.7385136358019713
968.3000000001516	0.6289491052340718	-0.7302706841526655
968.4000000001516	0.6384289779294366	-0.7220277325033597
968.5000000001517	0.6479088506248015	-0.713784780854054
968.6000000001517	0.6573887233201664	-0.7055418292047482
968.7000000001517	0.6668685960155313	-0.6972988775554424
968.8000000001517	0.6763484687108962	-0.6890559259061366
968.9000000001517	0.685828341406261	-0.6808129742568308
969.0000000001518	0.6953082141016259	-0.6725700226075251
969.1000000001518	0.7047880867969908	-0.6643270709582193
969.2000000001518	0.7142679594923557	-0.6560841193089135
969.3000000001518	0.7237478321877205	-0.6478411676596078
969.4000000001519	0.7332277048830854	-0.639598216010302
969.5000000001519	0.7427075775784503	-0.6313552643609962
969.6000000001519	0.7521874502738152	-0.6231123127116904
969.7000000001519	0.76166732296918	-0.6148693610623847
969.800000000152	0.7711471956645449	-0.6066264094130789
969.900000000152	0.7806270683599098	-0.5983834577637731
970.000000000152	0.7901069410552747	-0.5901405061144673
970.100000000152	0.7995868137506396	-0.5818975544651616
970.200000000152	0.8090666864460044	-0.5736546028158558
970.3000000001521	0.8185465591413693	-0.56541165116655
970.4000000001521	0.8280264318367342	-0.5571686995172442
970.5000000001521	0.8375063045320991	-0.5489257478679385
970.6000000001521	0.8469861772274639	-0.5406827962186327
970.7000000001522	0.8564660499228288	-0.5324398445693269
970.8000000001522	0.8659459226181937	-0.5241968929200211
970.9000000001522	0.8754257953135586	-0.5159539412707154
971.0000000001522	0.8849056680089235	-0.5077109896214096
971.1000000001522	0.8943855407042883	-0.49946803797210376
971.2000000001523	0.9038654133996532	-0.49122508632279793
971.3000000001523	0.9133452860950181	-0.4829821346734921
971.4000000001523	0.922825158790383	-0.4747391830241863
971.5000000001523	0.9323050314857478	-0.46649623137488044
971.6000000001524	0.9417849041811127	-0.4582532797255746
971.7000000001524	0.9512647768764776	-0.4500103280762688
971.8000000001524	0.9417849041811127	-0.44176737642696295
971.9000000001524	0.9323050314857478	-0.4335244247776571
972.0000000001525	0.922825158790383	-0.4252814731283513
972.1000000001525	0.9133452860950181	-0.41703852147904547
972.2000000001525	0.9038654133996532	-0.40879556982973964
972.3000000001525	0.8943855407042883	-0.4005526181804338
972.4000000001525	0.8849056680089235	-0.392309666531128
972.5000000001526	0.8754257953135586	-0.38406671488182215
972.6000000001526	0.8659459226181937	-0.3758237632325163
972.7000000001526	0.8564660499228288	-0.3675808115832105
972.8000000001526	0.8469861772274639	-0.35933785993390466
972.9000000001527	0.8375063045320991	-0.35109490828459883
973.0000000001527	0.8280264318367342	-0.342851956635293
973.1000000001527	0.8185465591413693	-0.33460900498598717
973.2000000001527	0.8090666864460044	-0.32636605333668134
973.3000000001527	0.7995868137506396	-0.3181231016873755
973.4000000001528	0.7901069410552747	-0.3098801500380697
973.5000000001528	0.7806270683599098	-0.30163719838876385
973.6000000001528	0.7711471956645449	-0.293394246739458
973.7000000001528	0.76166732296918	-0.2851512950901522
973.8000000001529	0.7521874502738152	-0.27690834344084636
973.9000000001529	0.7427075775784503	-0.26866539179154053
974.0000000001529	0.7332277048830854	-0.2604224401422347
974.1000000001529	0.7237478321877205	-0.25217948849292887
974.200000000153	0.7142679594923557	-0.24393653684362304
974.300000000153	0.7047880867969908	-0.2356935851943172
974.400000000153	0.6953082141016259	-0.22745063354501138
974.500000000153	0.685828341406261	-0.21920768189570555
974.600000000153	0.6763484687108962	-0.21096473024639972
974.7000000001531	0.6668685960155313	-0.2027217785970939
974.8000000001531	0.6573887233201664	-0.19447882694778806
974.9000000001531	0.6479088506248015	-0.18623587529848223
975.0000000001531	0.6384289779294366	-0.1779929236491764
975.1000000001532	0.6289491052340718	-0.16974997199987057
975.2000000001532	0.6194692325387069	-0.16150702035056475
975.3000000001532	0.609989359843342	-0.15326406870125892
975.4000000001532	0.6005094871479771	-0.14502111705195309
975.5000000001532	0.5910296144526123	-0.13677816540264726
975.6000000001533	0.5815497417572474	-0.12853521375334143
975.7000000001533	0.5720698690618825	-0.1202922621040356
975.8000000001533	0.5625899963665176	-0.11204931045472977
975.9000000001533	0.5531101236711528	-0.10380635880542394
976.0000000001534	0.5436302509757879	-0.09556340715611811
976.1000000001534	0.534150378280423	-0.08732045550681228
976.2000000001534	0.5246705055850581	-0.07907750385750645
976.3000000001534	0.5151906328896932	-0.07083455220820062
976.4000000001535	0.5057107601943284	-0.06259160055889479
976.5000000001535	0.4962308874989635	-0.054348648909588966
976.6000000001535	0.4867510148035986	-0.04610569726028314
976.7000000001535	0.47727114210823374	-0.03786274561097732
976.8000000001535	0.46779126941286886	-0.029619793961671498
976.9000000001536	0.458311396717504	-0.021376842312365675
977.0000000001536	0.4488315240221391	-0.013133890663059852
977.1000000001536	0.43935165132677423	-0.0048909390137540296
977.2000000001536	0.42987177863140935	0.003352012635551793
977.3000000001537	0.4203919059360445	0.011594964284857616
977.4000000001537	0.4109120332406796	0.01983791593416344
977.5000000001537	0.4014321605453147	0.02808086758346926
977.6000000001537	0.39195228784994984	0.036323819232775084
977.7000000001538	0.38247241515458497	0.04456677088208091
977.8000000001538	0.3729925424592201	0.05280972253138673
977.9000000001538	0.3635126697638552	0.06105267418069255
978.0000000001538	0.35403279706849033	0.06929562582999838
978.1000000001538	0.34455292437312546	0.0775385774793042
978.2000000001539	0.3350730516777606	0.08578152912861003
978.3000000001539	0.3255931789823957	0.09402448077791586
978.4000000001539	0.3161133062870308	0.1022674324272217
978.5000000001539	0.30663343359166595	0.11051038407652752
978.600000000154	0.29715356089630107	0.11875333572583335
978.700000000154	0.2876736882009362	0.12699628737513918
978.800000000154	0.2781938155055713	0.135239239024445
978.900000000154	0.26871394281020644	0.14348219067375084
979.000000000154	0.25923407011484156	0.15172514232305667
979.1000000001541	0.24975419741947666	0.1599680939723625
979.2000000001541	0.24027432472411175	0.16821104562166833
979.3000000001541	0.23079445202874685	0.17645399727097416
979.4000000001541	0.22131457933338194	0.18469694892028
979.5000000001542	0.21183470663801704	0.19293990056958582
979.6000000001542	0.20235483394265213	0.20118285221889165
979.7000000001542	0.19287496124728723	0.20942580386819748
979.8000000001542	0.18339508855192233	0.2176687555175033
979.9000000001543	0.17391521585655742	0.22591170716680914
980.0000000001543	0.16443534316119252	0.23415465881611497
980.1000000001543	0.1549554704658276	0.2423976104654208
980.2000000001543	0.1454755977704627	0.25064056211472663
980.3000000001543	0.1359957250750978	0.25888351376403246
980.4000000001544	0.1265158523797329	0.2671264654133383
980.5000000001544	0.11703597968436799	0.2753694170626441
980.6000000001544	0.10755610698900309	0.28361236871194995
980.7000000001544	0.09807623429363818	0.2918553203612558
980.8000000001545	0.08859636159827328	0.3000982720105616
980.9000000001545	0.07911648890290837	0.30834122365986744
981.0000000001545	0.06963661620754347	0.31658417530917327
981.1000000001545	0.06015674351217857	0.3248271269584791
981.2000000001545	0.05067687081681367	0.3330700786077849
981.3000000001546	0.04119699812144877	0.34131303025709075
981.4000000001546	0.031717125426083875	0.3495559819063966
981.5000000001546	0.022237252730718977	0.3577989335557024
981.6000000001546	0.01275738003535408	0.36604188520500824
981.7000000001547	0.0032775073399891816	0.3742848368543141
981.8000000001547	-0.006202365355375716	0.3825277885036199
981.9000000001547	-0.015682238050740614	0.39077074015292573
982.0000000001547	-0.025162110746105512	0.39901369180223156
982.1000000001548	-0.03464198344147041	0.4072566434515374
982.2000000001548	-0.04412185613683531	0.4154995951008432
982.3000000001548	-0.053601728832200206	0.42374254675014905
982.4000000001548	-0.0630816015275651	0.4319854983994549
982.5000000001548	-0.07256147422293	0.4402284500487607
982.6000000001549	-0.0820413469182949	0.44847140169806654
982.7000000001549	-0.0915212196136598	0.45671435334737237
982.8000000001549	-0.10100109230902471	0.4649573049966782
982.9000000001549	-0.11048096500438961	0.47320025664598403
983.000000000155	-0.11996083769975452	0.48144320829528986
983.100000000155	-0.12944071039511942	0.4896861599445957
983.200000000155	-0.13892058309048433	0.4979291115939015
983.300000000155	-0.14840045578584923	0.5061720632432073
983.400000000155	-0.15788032848121414	0.5144150148925131
983.5000000001551	-0.16736020117657904	0.5226579665418188
983.6000000001551	-0.17684007387194395	0.5309009181911246
983.7000000001551	-0.18631994656730885	0.5391438698404304
983.8000000001551	-0.19579981926267376	0.5473868214897362
983.9000000001552	-0.20527969195803866	0.5556297731390419
984.0000000001552	-0.21475956465340357	0.5638727247883477
984.1000000001552	-0.22423943734876847	0.5721156764376535
984.2000000001552	-0.23371931004413338	0.5803586280869593
984.3000000001553	-0.24319918273949828	0.588601579736265
984.4000000001553	-0.2526790554348632	0.5968445313855708
984.5000000001553	-0.26215892813022806	0.6050874830348766
984.6000000001553	-0.27163880082559294	0.6133304346841824
984.7000000001553	-0.2811186735209578	0.6215733863334881
984.8000000001554	-0.2905985462163227	0.6298163379827939
984.9000000001554	-0.30007841891168757	0.6380592896320997
985.0000000001554	-0.30955829160705245	0.6463022412814055
985.1000000001554	-0.3190381643024173	0.6545451929307112
985.2000000001555	-0.3285180369977822	0.662788144580017
985.3000000001555	-0.3379979096931471	0.6710310962293228
985.4000000001555	-0.34747778238851196	0.6792740478786286
985.5000000001555	-0.35695765508387683	0.6875169995279343
985.6000000001555	-0.3664375277792417	0.6957599511772401
985.7000000001556	-0.3759174004746066	0.7040029028265459
985.8000000001556	-0.38539727316997147	0.7122458544758516
985.9000000001556	-0.39487714586533634	0.7204888061251574
986.0000000001556	-0.4043570185607012	0.7287317577744632
986.1000000001557	-0.4138368912560661	0.736974709423769
986.2000000001557	-0.423316763951431	0.7452176610730747
986.3000000001557	-0.43279663664679585	0.7534606127223805
986.4000000001557	-0.44227650934216073	0.7617035643716863
986.5000000001558	-0.4517563820375256	0.7699465160209921
986.6000000001558	-0.4612362547328905	0.7781894676702978
986.7000000001558	-0.47071612742825536	0.7864324193196036
986.8000000001558	-0.48019600012362024	0.7946753709689094
986.9000000001558	-0.4896758728189851	0.8029183226182152
987.0000000001559	-0.49915574551435	0.8111612742675209
987.1000000001559	-0.5086356182097149	0.8194042259168267
987.2000000001559	-0.5181154909050798	0.8276471775661325
987.3000000001559	-0.5275953636004447	0.8358901292154383
987.400000000156	-0.5370752362958096	0.844133080864744
987.500000000156	-0.5465551089911744	0.8523760325140498
987.600000000156	-0.5560349816865393	0.8606189841633556
987.700000000156	-0.5655148543819042	0.8688619358126614
987.800000000156	-0.5749947270772691	0.8771048874619671
987.9000000001561	-0.5844745997726339	0.8853478391112729
988.0000000001561	-0.5939544724679988	0.8935907907605787
988.1000000001561	-0.6034343451633637	0.9018337424098845
988.2000000001561	-0.6129142178587286	0.9100766940591902
988.3000000001562	-0.6223940905540934	0.918319645708496
988.4000000001562	-0.6318739632494583	0.9265625973578018
988.5000000001562	-0.6413538359448232	0.9348055490071076
988.6000000001562	-0.6508337086401881	0.9430485006564133
988.7000000001563	-0.660313581335553	0.9512914523057191
988.8000000001563	-0.6697934540309178	0.9430485006564133
988.9000000001563	-0.6792733267262827	0.9348055490071076
989.0000000001563	-0.6887531994216476	0.9265625973578018
989.1000000001563	-0.6982330721170125	0.918319645708496
989.2000000001564	-0.7077129448123773	0.9100766940591902
989.3000000001564	-0.7171928175077422	0.9018337424098845
989.4000000001564	-0.7266726902031071	0.8935907907605787
989.5000000001564	-0.736152562898472	0.8853478391112729
989.6000000001565	-0.7456324355938369	0.8771048874619671
989.7000000001565	-0.7551123082892017	0.8688619358126614
989.8000000001565	-0.7645921809845666	0.8606189841633556
989.9000000001565	-0.7740720536799315	0.8523760325140498
990.0000000001565	-0.7835519263752964	0.844133080864744
990.1000000001566	-0.7930317990706612	0.8358901292154383
990.2000000001566	-0.8025116717660261	0.8276471775661325
990.3000000001566	-0.811991544461391	0.8194042259168267
990.4000000001566	-0.8214714171567559	0.8111612742675209
990.5000000001567	-0.8309512898521207	0.8029183226182152
990.6000000001567	-0.8404311625474856	0.7946753709689094
990.7000000001567	-0.8499110352428505	0.7864324193196036
990.8000000001567	-0.8593909079382154	0.7781894676702978
990.9000000001568	-0.8688707806335803	0.7699465160209921
991.0000000001568	-0.8783506533289451	0.7617035643716863
991.1000000001568	-0.88783052602431	0.7534606127223805
991.2000000001568	-0.8973103987196749	0.7452176610730747
991.3000000001568	-0.9067902714150398	0.736974709423769
991.4000000001569	-0.9162701441104046	0.7287317577744632
991.5000000001569	-0.9257500168057695	0.7204888061251574
991.6000000001569	-0.9352298895011344	0.7122458544758516
991.7000000001569	-0.9447097621964993	0.7040029028265459
991.800000000157	-0.9541896348918641	0.6957599511772401
991.900000000157	-0.9447097621964993	0.6875169995279343
992.000000000157	-0.9352298895011344	0.6792740478786286
992.100000000157	-0.9257500168057695	0.6710310962293228
992.200000000157	-0.9162701441104046	0.662788144580017
992.3000000001571	-0.9067902714150398	0.6545451929307112
992.4000000001571	-0.8973103987196749	0.6463022412814055
992.5000000001571	-0.88783052602431	0.6380592896320997
992.6000000001571	-0.8783506533289451	0.6298163379827939
992.7000000001572	-0.8688707806335803	0.6215733863334881
992.8000000001572	-0.8593909079382154	0.6133304346841824
992.9000000001572	-0.8499110352428505	0.6050874830348766
993.0000000001572	-0.8404311625474856	0.5968445313855708
993.1000000001573	-0.8309512898521207	0.588601579736265
993.2000000001573	-0.8214714171567559	0.5803586280869593
993.3000000001573	-0.811991544461391	0.5721156764376535
993.4000000001573	-0.8025116717660261	0.5638727247883477
993.5000000001573	-0.7930317990706612	0.5556297731390419
993.6000000001574	-0.7835519263752964	0.5473868214897362
993.7000000001574	-0.7740720536799315	0.5391438698404304
993.8000000001574	-0.7645921809845666	0.5309009181911246
993.9000000001574	-0.7551123082892017	0.5226579665418188
994.0000000001575	-0.7456324355938369	0.5144150148925131
994.1000000001575	-0.736152562898472	0.5061720632432073
994.2000000001575	-0.7266726902031071	0.49792911159390146
994.3000000001575	-0.7171928175077422	0.48968615994459563
994.4000000001575	-0.7077129448123773	0.4814432082952898
994.5000000001576	-0.6982330721170125	0.473200256645984
994.6000000001576	-0.6887531994216476	0.46495730499667814
994.7000000001576	-0.6792733267262827	0.4567143533473723
994.8000000001576	-0.6697934540309178	0.4484714016980665
994.9000000001577	-0.660313581335553	0.44022845004876066
995.0000000001577	-0.6508337086401881	0.4319854983994548
995.1000000001577	-0.6413538359448232	0.423742546750149
995.2000000001577	-0.6318739632494583	0.41549959510084317
995.3000000001578	-0.6223940905540934	0.40725664345153734
995.4000000001578	-0.6129142178587286	0.3990136918022315
995.5000000001578	-0.6034343451633637	0.3907707401529257
995.6000000001578	-0.5939544724679988	0.38252778850361985
995.7000000001578	-0.5844745997726339	0.374284836854314
995.8000000001579	-0.5749947270772691	0.3660418852050082
995.9000000001579	-0.5655148543819042	0.35779893355570236
996.0000000001579	-0.5560349816865393	0.34955598190639653
996.1000000001579	-0.5465551089911744	0.3413130302570907
996.200000000158	-0.5370752362958096	0.33307007860778487
996.300000000158	-0.5275953636004447	0.32482712695847904
996.400000000158	-0.5181154909050798	0.3165841753091732
996.500000000158	-0.5086356182097149	0.3083412236598674
996.600000000158	-0.49915574551435005	0.30009827201056155
996.7000000001581	-0.48967587281898517	0.2918553203612557
996.8000000001581	-0.4801960001236203	0.2836123687119499
996.9000000001581	-0.4707161274282554	0.27536941706264406
997.0000000001581	-0.46123625473289054	0.26712646541333823
997.1000000001582	-0.45175638203752566	0.2588835137640324
997.2000000001582	-0.4422765093421608	0.2506405621147266
997.3000000001582	-0.4327966366467959	0.24239761046542074
997.4000000001582	-0.42331676395143103	0.2341546588161149
997.5000000001583	-0.41383689125606615	0.22591170716680908
997.6000000001583	-0.4043570185607013	0.21766875551750325
997.7000000001583	-0.3948771458653364	0.20942580386819742
997.8000000001583	-0.3853972731699715	0.2011828522188916
997.9000000001583	-0.37591740047460664	0.19293990056958576
998.0000000001584	-0.36643752777924177	0.18469694892027994
998.1000000001584	-0.3569576550838769	0.1764539972709741
998.2000000001584	-0.347477782388512	0.16821104562166828
998.3000000001584	-0.33799790969314714	0.15996809397236245
998.4000000001585	-0.32851803699778226	0.15172514232305662
998.5000000001585	-0.3190381643024174	0.1434821906737508
998.6000000001585	-0.3095582916070525	0.13523923902444496
998.7000000001585	-0.3000784189116876	0.12699628737513913
998.8000000001585	-0.29059854621632275	0.1187533357258333
998.9000000001586	-0.2811186735209579	0.11051038407652747
999.0000000001586	-0.271638800825593	0.10226743242722164
999.1000000001586	-0.2621589281302281	0.09402448077791581
999.2000000001586	-0.25267905543486324	0.08578152912860998
999.3000000001587	-0.24319918273949834	0.07753857747930415
999.4000000001587	-0.23371931004413343	0.06929562582999832
999.5000000001587	-0.22423943734876853	0.0610526741806925
999.6000000001587	-0.21475956465340362	0.052809722531386674
999.7000000001588	-0.20527969195803872	0.04456677088208085
999.8000000001588	-0.1957998192626738	0.03632381923277503
999.9000000001588	-0.1863199465673089	0.028080867583469206
